:020000040800F2
:1000000098B80020450300088D4C0008A945000859
:10001000894C000823140008F58400080000000043
:100020000000000000000000000000008502000841
:10003000E51C000800000000E102000875760008D9
:100040005F0300085F0300085F0300085F03000808
:100050005F0300085F0300085F0300085F030008F8
:100060005F0300085F0300085F0300085F030008E8
:100070005F030008C51A00085F030008D51A0008CE
:100080005F030008E51A00085F0300084914000830
:1000900029140008391400085F0300085F030008F2
:1000A0005F0300085F0300085F0300085F030008A8
:1000B0005F0300085F0300085F0300085F03000898
:1000C0005F0300085F0300085F0300085F03000888
:1000D0005F0300085F030008E58400085F03000871
:1000E0005F0300085F0300085F0300085F03000868
:1000F0005F0300085F0300085F0300085F03000858
:100100005F0300085F0300085F0300085F03000847
:10011000F97B00085F030008097B00085F03000803
:100120005F0300085F0300085F0300085F03000827
:100130005F030008000000000000000079140008C0
:1001400059140008691400085F0300085F030008E1
:100150005F0300085F0300085F0300085F030008F7
:100160005F0300085F0300085F0300085F030008E7
:100170005F0300085F0300080000000000000000AB
:100180005F0300085F03000800F002F800F06BF85E
:100190000AA090E8000C82448344AAF10107DA45E2
:1001A00001D100F060F8AFF2090EBAE80F0013F0C9
:1001B000010F18BFFB1A43F00103184704D70000D2
:1001C00024D700000A444FF0000C10F8013B13F054
:1001D000070408BF10F8014B1D1108BF10F8015BA0
:1001E000641E05D010F8016B641E01F8016BF9D193
:1001F00013F0080F1EBF10F8014BAD1C0C1B09D1EA
:100200006D1E58BF01F801CBFAD505E014F8016B5B
:1002100001F8016B6D1EF9D59142D6D370470000ED
:100220000023002400250026103A28BF78C1FBD8FF
:10023000520728BF30C148BF0B607047642900F0E7
:10024000D981752900F0D681732900F082840020BD
:1002500070471FB50CF0FBFC9DE8030000F0A8FB05
:100260001FBD10B510BD00F0A3FC1146FFF7F1FF54
:1002700009F07AFA00F0C1FC03B4FFF7F2FF03BC07
:1002800000F0F2FC2C4B19680868B0E8F04F80F3DE
:100290000988BFF36F8F4FF0000080F3118870471B
:1002A0000000000008480068006880F308884FF0EC
:1002B000000080F3148862B661B6BFF34F8FBFF3BE
:1002C0006F8F00DF00BF00BF08ED00E0DFF80C001B
:1002D000016841F470010160704700BF88ED00E0E3
:1002E000EFF30980BFF36F8F134B1A681EF0100FE6
:1002F00008BF20ED108A20E9F04F106009B44FF0DC
:10030000500080F31188BFF34F8FBFF36F8F0BF056
:100310002FF84FF0000080F3118809BC19680868B5
:10032000B0E8F04F1EF0100F08BFB0EC108A80F359
:100330000988BFF36F8F704738000020EFF3058006
:10034000704700000948804709480047FEE7FEE77C
:10035000FEE7FEE7FEE7FEE7FEE7FEE7FEE7FEE775
:1003600004480549054A064B7047000061770008BC
:100370008901000898B2002098B8002098B40020A5
:1003800098B4002070B5064600F0F6FA056806F14C
:100390000B0020F00704B4429CBF002070BD2B4628
:1003A0006A68BAB11068A04210D304F1080188420B
:1003B0003CBF5068586007D35168101941601168FC
:1003C000091B016058601460101D70BD134652680F
:1003D000002AE7D12146284600F0D6FA0028DED1CF
:1003E00070BD70B50446051F00F0C6FA0068002C09
:1003F00014BF446870BD002C18BFAC423CBF2046FF
:100400006468F8D301680A18AA4218BF456003D18E
:100410002A6805461144016028684119A1421CBFA1
:100420006C6070BD6168696021680844286070BDB7
:1004300053EA020C00F069802DE9F04B4FF0000602
:10044000002B1FBFB3FA83F503FA05F424FA05F66F
:100450005E4012BF1643B2FA82F502FA05F4C5F106
:1004600020051EBF22FA05FC44EA0C04203556EA9A
:10047000044C4FEA144418BF641C4FF000084FF0BE
:100480000009904271EB030C39D3002919BFB1FA6E
:1004900081F701FA07F6B0FA80F700FA07F6C7F11C
:1004A00020071EBF20FA07FC46EA0C062037B6FBE1
:1004B000F4FCA7EB0507103F07F01F0BCBF120065C
:1004C0000CFA0BFB2CFA06F644BFB3460026202F8D
:1004D000A4BF5E464FF0000B5BEA060C08BF4FF06E
:1004E000010B19EB0B09ABFB027C48EB0608C01BA8
:1004F00006FB02CC0BFB03CC71EB0C01C1E70B46F6
:10050000024641464846BDE8F08B13B54FF0000067
:100510004FF00001AFF30080BDE81C4070470000C1
:100520000FB41CB50C0007AA009001D02044401E57
:10053000074B7B4469460190069800F0D8FA002CDE
:1005400003D06946002000F0E5FA1CBC5DF814FBFE
:10055000E905000070B5044685690068C10601D54B
:10056000302600E02026C00707D070BDD4E9012165
:1005700030469047206A401C20626D1EF6D570BD43
:1005800070B5044685690078C00707D170BDD4E90D
:10059000012120209047206A401C20626D1EF6D564
:1005A00070BD70B50C460546012A05D02878800636
:1005B00000D5EA69002302E0012305E05B1C9342B9
:1005C00002D2E05C0028F9D1A869E618C01AA86137
:1005D000286A184428622846FFF7BCFF04E0D5E9E2
:1005E000012114F8010B9047B442F8D32846FFF7D5
:1005F000C7FF70BD2DE9F04106460024106875293B
:10060000314616A510D0AFF30080002802DA404230
:1006100013A507E031688A0701D512A502E0490752
:1006200004D511A5012401E0AFF3008000210A22C6
:1006300006F1240709E0B0FBF2FCB0FBF2F302FB89
:100640001C00303078541846491C0028F3D123464A
:100650002A463046BDE8F04100F0EBB9000000004A
:100660002D0000002B000000200000002DE9F05FAD
:10067000894604464FF0000ADFF824B1FB44C0F875
:1006800020A02046E168884700287DD0252806D094
:10069000D4E901219047206A401C2062F1E700253F
:1006A0005F462046E16888472028064607DB312E52
:1006B00005D2B81910F8200C08B10543F1E7A807D6
:1006C00001D525F00405C4F81CA00027C4F818A023
:1006D0002A2E09D0304607F0D2FF38B304EB870842
:1006E000303EC8F8186019E059F8041B204604EBA6
:1006F00087029161E1688847012F064618D1E069B9
:10070000002820DA25F020051DE0D8F8180000EBBD
:10071000800006EB40003038C8F818002046E16839
:100720008847064607F0ABFF0028EED1012F0AD01C
:100730002E2E08D12046E16888477F1C0646022FEE
:1007400045F02005C4DBA069002803DA404245F0EB
:100750000105A061E80701D025F01005A6B1A6F1BA
:100760004100192802D8203645F400654A46314632
:10077000204625604D46FFF761FD60B1012807D096
:10078000ED1D25F0070000E007E000F1080978E71B
:1007900005F1040975E730467AE7206ABDE8F09F65
:1007A000C8C9000010B5431C02E010F8011B71B16C
:1007B0008107FAD14FF0013202C88C1A8C4314EA37
:1007C000C211F9D0C01A0A0603D0C01E10BDC01A4B
:1007D00010BD0A0401D0801E10BD0902FCD0401ECD
:1007E00010BD032A40F2308010F0030C00F0158099
:1007F00011F8013BBCF1020F624498BF11F801CB24
:1008000000F8013B38BF11F8013BA2F1040298BF88
:1008100000F801CB38BF00F8013B11F0030300F0F2
:100820002580083AC0F0088051F8043B083A51F896
:1008300004CBA0E80810F5E7121D5CBF51F8043B9B
:1008400040F8043BAFF30080D20724BF11F8013B0E
:1008500011F801CB48BF11F8012B24BF00F8013B70
:1008600000F801CB48BF00F8012B704710B5203AC3
:10087000C0F00B80B1E81850203AA0E81850B1E859
:100880001850A0E81850BFF4F5AF5FEA027C24BF0F
:10089000B1E81850A0E8185044BF18C918C0BDE806
:1008A00010405FEA827C24BF51F8043B40F8043BCF
:1008B00008BF7047D20728BF31F8023B48BF11F884
:1008C000012B28BF20F8023B48BF00F8012B7047DE
:1008D00002F0FF0343EA032242EA024200F002B8B8
:1008E0004FF000020429C0F0128010F0030C00F059
:1008F0001B80CCF1040CBCF1020F18BF00F8012BD7
:10090000A8BF20F8022BA1EB0C0100F00DB85FEAA4
:10091000C17C24BF00F8012B00F8012B48BF00F870
:10092000012B70474FF0000200B5134694469646DF
:10093000203922BFA0E80C50A0E80C50B1F12001F2
:10094000BFF4F7AF090728BFA0E80C5048BF0CC0A0
:100950005DF804EB890028BF40F8042B08BF7047FE
:1009600048BF20F8022B11F0804F18BF00F8012B70
:1009700070477047704770470048704740B200208A
:10098000704770477047704738B504460A460020E4
:100990006946AFF30080002808BF38BD02460099C1
:1009A000204600F0E3F8012038BD012000F0F8B83F
:1009B000F8B5AFF30080054600200C46102000BFBC
:1009C0000646A819A0420DD9324669460020AFF369
:1009D0000080070008BF00F0E3F80098A04218BFAD
:1009E0000546C419FFF7C8FF05600746F01D20F053
:1009F00007004619284600F00AF8B44208BFF8BDBF
:100A0000A21B31463868BDE8F84000F0AFB80021BD
:100A10000160C0E9011070471020704710B500F068
:100A2000A1F8006810BD10B5044600F09BF8046002
:100A300010BD2DE9F0470D4699469246044600F157
:100A400024080168880604D5E06921F010012160BE
:100A500000E00120A84201DD471B00E00027A1695A
:100A60007A1902EB0900081AA0612078C00602D4A6
:100A70002046FFF76FFD002608E0D4E901211AF8AF
:100A800006009047206A401C761C20624E45F4DB2D
:100A90002078C0060AD52046FFF75CFD06E0D4E9C1
:100AA000012130209047206A401C2062381EA7F1A7
:100AB0000107F4DC07E0D4E9012118F805009047AC
:100AC000206A401C2062281EA5F10105F3DC2046A7
:100AD000FFF756FD2078000602D50220BDE8F0871A
:100AE0000120FBE701694A1C02610878704700B5E4
:100AF0008FB0CDE901310021059105497944CDE957
:100B0000031011466846FFF7B1FD0FB000BD0000AD
:100B1000E5FFFFFF0A6802F8010B0A607047D1E9A0
:100B200000239A4202D2531C0B601070704710B51C
:100B3000436913B1AFF3008001E0FFF732FD0120FC
:100B400010BD127800F124010A7000224A700122BF
:100B5000EDE711684FF0FF32E9E700000048704709
:100B600038B200200048704738B200200346406881
:100B70008C46002818BF88423CBF03464068F8D323
:100B800018681844884207D00CF1030020F00700D1
:100B9000001D411A521A0146081D0A60FFF721BCC8
:100BA00010B500F039F8BDE8104000F02FB87047DC
:100BB0007546FFF7D3FFAE4605006946534620F061
:100BC0000700854618B020B5FFF7CAFBBDE82040F6
:100BD0004FF000064FF000074FF000084FF0000BF9
:100BE00021F00701AC46ACE8C009ACE8C009ACE8AC
:100BF000C009ACE8C0098D46704710B50446AFF394
:100C000000802046BDE81040FFF736BB002801D029
:100C100000F02AB87047000010B5012805D0002167
:100C200003A000F027F8012010BD09A1F8E700009B
:100C300053494752544D454D3A204F7574206F66C5
:100C40002068656170206D656D6F7279000000002D
:100C50003A2048656170206D656D6F727920636F11
:100C6000727275707465640001491820ABBEFEE7AE
:100C70002600020070B505460C460A2000E06D1CF7
:100C800000F011F835B128780028F8D102E0641C92
:100C900000F009F814B120780028F8D1BDE87040C0
:100CA0000A20AFF3008008B569468DF800000320E4
:100CB000ABBE08BDB0B5B0F800C00B889C4553D1A1
:100CC00045884B889D424FD113889C454CD1538811
:100CD0009D4249D143684968506805FB0CFC0022DD
:100CE000B2EB9C0F30D04FEA9C0200BF93ED000A9C
:100CF00091ED001A03F1100E30EE010A80ED000AAA
:100D000093ED010A91ED011A01F1100430EE010A90
:100D100080ED010A93ED020A91ED021A00F110052F
:100D200030EE010A80ED020A93ED030A91ED031AF9
:100D3000013A30EE010A80ED030A73462846214647
:100D4000D4D12146284673461CF003020AD000BFC6
:100D5000B3EC010AB1EC011A013A30EE010AA0EC41
:100D6000010AF5D1002000E0FD2040B2B0BD0180B5
:100D700042804360704700002DE9F04F81B02DEDB7
:100D8000028B8EB0B0F800C0B0F802A0D44540F09D
:100D90003A810B88FD229C4540F036814F88BB424A
:100DA00040F0328140689FEDB08ABCF1000F0090A6
:100DB00000F031814C686FF0030000EB8C090027D4
:100DC00000266546CDF828C0204609940A98401BA5
:100DD00008D0B1002046FFF7A5FD3846013004F1E8
:100DE0000404FBD304F1040BB5F101084FF07E506D
:100DF000206012D0A9EB86015846FFF793FD012031
:100E00005C4600BF0130854204F10404FAD101368A
:100E1000013FB8F1000F4546D8D1DDF828C0BCF13C
:100E2000000F00F0F8804FEACA00043002900998E1
:100E3000009900EB8A00C0F10009042000EB8A0051
:100E4000ACF1010801EB8A054FEA8A03019001F138
:100E5000040B4FF0000E0F46564600200A46049041
:100E6000039300BF0EFB0AF002EB800191ED000A34
:100E70000C910999B5EE400AF1EE10FA01EB8000F1
:100E80000D90CDF82080CDE906950B922ED10EF174
:100E9000010060450DD20020414600BF2A1892EDA6
:100EA000000AB5EE400AF1EE10FA06D101391844F5
:100EB000F4D10498012817D0D4E0A0EB0900002158
:100EC00057F82130146842F8043B47F821400131BB
:100ED0008E42F5D10D9A51461368046840F8043BE0
:100EE000013942F8044BF7D1012004900C99AAEB88
:100EF0000E0991ED008AB9F1010F4FF07E500860A4
:100F00000DD00120594600BF91ED000A013080EE5E
:100F1000080A864281ED000A01F10401F4D10D991D
:100F20005046CDF814B000BF91ED000A013880EEB4
:100F3000080AA1EC010AF7D1DDF82C800998A9F183
:100F4000010B0022654600BF724505D108EB8903FD
:100F500000EB8A0036E000BF0C9998ED008A91ED15
:100F6000000ABBF1000F28EE000A38EE400A88EDB7
:100F7000000A17D00123042107EB010C08EB010440
:100F80009CED000A94ED001A28EE000A013331EEC0
:100F9000400A9E4201F1040184ED000AECD108EB05
:100FA000010301E008F104030D9C5146B4EC011A61
:100FB00090ED000A28EE011A30EE410AA0EC010A79
:100FC0000139F3D103EB8E08013D02F10102BBD1DF
:100FD000079D02980B9ADDF820800544039BDDF8FD
:100FE00018900198DDF814B0DDF828C00432013EF5
:100FF0000EF1010EA8F10108A9EB0309074483448F
:101000007FF430AF09E0FD2250B20EB0BDEC028B90
:1010100001B0BDE8F08F00200490B5EE408AF1EEFB
:1010200010FA4FF00002EFD104980128ECD00AFB2F
:101030000CF14FF000004FF0000271B1009B00BFB7
:1010400093ED000AB5EE400AF1EE10FA05D1013237
:10105000914203F10403F3D10A468A4208BF6FF0BC
:101060000400D2E7FB22CFE7000000002DE9F04F9B
:1010700085B047880B889F4240F08480B0F800B06C
:1010800013889B4540F07E80B1F802E053889E456E
:1010900078D1D0F80480506849680190BC0827F0E6
:1010A000030008EB800604FB0EF09FED390A07F001
:1010B000030C029101EB00104FEA8E020021009018
:1010C000CDE903E70198DDF808A0009B00EB81095A
:1010D000B0EE401A5746404674B355462746404640
:1010E000B0EE401A95ED002A90ED003A154490EDCF
:1010F000014A23EE022A95ED003A154490ED025A7A
:1011000031EE021A24EE032A95ED003A154490EDD3
:10111000036A31EE021A25EE032A95ED003A31EE0C
:10112000021A26EE032A31EE021A013F00F11000E6
:101130001544D7D11F463046BCF1000F0CD0654690
:1011400090ED002A97ED003A043022EE032A31EEAA
:10115000021A013D1744F3D1A9EC011ABEF1010EA8
:101160000AF1040A03F10403B2D1DDF80CE0049F94
:10117000714408EB8708BBF1010B06EB8706A1D190
:10118000002000E0FD2040B205B0BDE8F08F00BFB8
:1011900000000000B0B5B0F800C00B889C4553D1EA
:1011A00045884B889D424FD113889C454CD153882C
:1011B0009D4249D143684968506805FB0CFC0022F8
:1011C000B2EB9C0F30D04FEA9C0200BF93ED000AB7
:1011D00091ED001A03F1100E30EE410A80ED000A85
:1011E00093ED010A91ED011A01F1100430EE410A6C
:1011F00080ED010A93ED020A91ED021A00F110054B
:1012000030EE410A80ED020A93ED030A91ED031AD4
:10121000013A30EE410A80ED030A73462846214622
:10122000D4D12146284673461CF003020AD000BFE1
:10123000B3EC010AB1EC011A013A30EE410AA0EC1C
:10124000010AF5D1002000E0FD2040B2B0BD000051
:101250002DE9F04FB0F800A04A88924545D1428868
:101260000B889A4241D1D1F804C046684FEA9208EF
:1012700002F003094FEA0A1E4FEA8A014FF0000B01
:10128000624600BFB8F1000F1AD01546474600BFAE
:10129000336828462B6073680D444350B3686C185C
:1012A0006B50F56806F1100366186550013F06EBB8
:1012B00001051E46ECD100EB0E071E4602E000BF02
:1012C0000CEB8B07B9F1000F06D0484656F8043BEB
:1012D00001383B600F44F9D10BF1010BBAF1010A5F
:1012E00002F10402CED1002000E0FD2040B2BDE8B2
:1012F000F08F000080B59FED441A9FED443A20EE38
:10130000011AB0EEC11ABDEEC12AB8EEC22A31EE02
:10131000421A21EE031ABDEEC12A12EE102A02F182
:10132000800E6FF35F224DF2BC0CC0F6000C02EE93
:10133000102A6FF35F2E0CEB8203B8EE422A0CEBFF
:101340008E0231EE421A92ED002A92ED013A93EDAF
:10135000004A93ED015A9FED2E7A33EE426A74EE05
:10136000050A20EE877A76EE060A74EE041ADFED9F
:10137000292A37EE607AF0EE080A75EE211A26EE79
:10138000206A61EEA21A21EE077A36EE216A36EE65
:10139000076A21EE066A24EE227A36EE476A21EECB
:1013A000066A32EE066A81ED006A35EE445A32EE84
:1013B000036A26EE226A35EE057A36EE476A32EE89
:1013C000027A33EE073A25EE205A23EE223A21EE36
:1013D000066A35EE433A33EE063A21EE033A22EE40
:1013E000222A32EE032A21EE021A34EE011AB5EE59
:1013F000400AB1EE412AF1EE10FAB8BFB0EE421A3F
:1014000080ED001A80BD00BF610B363B0000004438
:10141000DB0F49BCDB0F493C00BF012008F0BCFCDE
:10142000FBE700BFFEE7000010B5024800F0DDFF5B
:1014300010BD0000EC0A002010B5024800F0D5FFF6
:1014400010BD0000EC0A002010B5024800F0CDFFEE
:1014500010BD0000EC0A002010B5024800F0C5FFE6
:1014600010BD0000140B002010B5024800F0BDFFB5
:1014700010BD0000140B002010B5024800F0B5FFAD
:1014800010BD0000140B002010B50246FF2004E040
:1014900012F8013B4340034CE05C0B1EA1F101013B
:1014A000F6D110BD48CD000830B505460C460DB14B
:1014B000022C01D8002030BD611E2846FFF7E4FF52
:1014C000611E695C884201D10120F4E70020F2E747
:1014D00010B502460B464FF6FF710AB9084610BD1B
:1014E00008E012F8010B4840C0B2054C34F8100077
:1014F00080EA2121181EA3F10103F2D10846EEE78C
:1015000048CE000870B505460C460DB1022C01D836
:10151000002070BDA11E2846FFF7DAFF0646F1B293
:10152000A01E285C814206D1601E285CB0EB162FFD
:1015300001D10120EDE70020EBE7000070B5054682
:101540000E461446B448854275D13068A0F2012099
:1015500030B1012827D0022849D003286CD16CE093
:101560006078217840EA012000B2AC49A1F8A000DF
:10157000E078A17840EA012001B2A848A0F8A210C2
:101580006079217940EA012001B2A448A0F8A410B2
:10159000A07941B2A14880F8A6109FEDA10AA14808
:1015A00003F06EF86EE06078217840EA012001B225
:1015B0009A48A0F8A810E078A17840EA012001B28A
:1015C0009648A0F8AA106079217940EA012001B27A
:1015D0009248A0F8AC10A07941B2904880F8AE10C3
:1015E0009FED8F0A8F48183003F04AF84AE0607880
:1015F000217840EA012001B28848A0F8B010E078D4
:10160000A17840EA012001B28448A0F8B2106079C4
:10161000217940EA012001B28048A0F8B410A079F5
:1016200041B27E4880F8B6109FED7D0A7D4830308B
:1016300003F026F826E026E023E06078217840EAEF
:10164000012001B27548A0F8B810E078A17840EA0E
:10165000012001B27148A0F8BA106079217940EAFE
:10166000012001B26D48A0F8BC10A07941B26B48CE
:1016700080F8BE109FED6A0A6A48483003F000F80F
:1016800000E000BF00BF644885427DD13068A0F211
:10169000052030B1012823D0022841D0032874D17D
:1016A0005EE06078217840EA012000B25B49088062
:1016B000E078A17840EA012000B25849488060797A
:1016C000217940EA012000B254498880A07940B2D3
:1016D00088719FED530A5348603802F0D1FF63E0F0
:1016E0006078217840EA012000B24C490881E07816
:1016F000A17840EA012001B248484181607921790E
:1017000040EA012001B245488181A07941B24348B5
:1017100081739FED430A4348483802F0B1FF43E02C
:101720006078217840EA012000B23C490882E078E4
:10173000A17840EA012001B23848418260792179DC
:1017400040EA012001B235488182A07941B2334894
:1017500081759FED330A3348303802F091FF23E062
:101760006078217840EA012000B22C490883E078B3
:10177000A17840EA012001B22848418360792179AB
:1017800040EA012001B201E00FE00CE02348818330
:10179000A07941B2214881779FED210A214818386C
:1017A00002F06EFF00E000BF00BF1F48854221D15C
:1017B0003068B0F5A87F03D0A0F25110C0B90BE09B
:1017C0001A4821680160616841609FED190A154857
:1017D000903802F055FF0CE01648216801606168FE
:1017E00041609FED130A0F48783802F049FF00E08E
:1017F00000BF00BF084885420DD1306851280AD18A
:101800000D4821680160616841609FED090A054843
:10181000603002F035FF70BDEC0A0020409D0020D2
:10182000BC74933BE0AE0020140B00200C010020A0
:101830005839B43BC0AC00202C010020F0B589B071
:1018400006460F4615461C46002005900690079454
:1018500003952246394601A8FEF7C3FF6B4601AA4D
:1018600003A9304600F0C0FB09B0F0BD9FED0B0AA4
:101870000B4880ED060A9FED0B0A80ED050A022059
:1018800007490877002048779FED070A084680ED52
:10189000000A9FED050A80ED010A7047AE4711432B
:1018A000E8AD00203DA2EE440000484208B51448CF
:1018B00002F0B0FE4FF4FA7009F010FC1EE00AF0DE
:1018C000EFFA00900F4800F0B3F90D4880EDAE0A32
:1018D00007F098FE0A4809F0B1F9094809F08EFDB1
:1018E000074807F065FF064809F0B6FD0548F438DB
:1018F00007F028FB0121684609F01EFCDFE7000025
:10190000409D0020F49F00204348407F20B10128E3
:101910001DD0022852D136E03F4890ED021AF2EE77
:101920000E1AB4EEE11AF1EE10FA0CDD90ED021A87
:10193000F3EE041AB4EEE11AF1EE10FA01DD022022
:1019400002E0012000E00020334948773AE03248C5
:1019500090ED021AF3EE041AB4EEE11AF1EE10FA69
:1019600001DD02200CE02C4890ED021AF2EE021A82
:10197000B4EEE11AF1EE10FA01D3012000E00020EC
:10198000254948771EE0244890ED021AF2EE0E1A1F
:10199000B4EEE11AF1EE10FA0CD290ED021AF2EE6A
:1019A000021AB4EEE11AF1EE10FA01D3012002E0BE
:1019B000002000E002201849487703E00020164983
:1019C000487700BF00BF1448407F012802D002289A
:1019D00018D107E09FED111A20EE011A0E4880ED94
:1019E000001A17E00C48007F022803D10A4880ED56
:1019F000000A06E09FED091A20EE011A064880ED64
:101A0000001A07E09FED061A20EE811A024880EDC9
:101A1000001A00BF00BF7047E8AD00209A99593FF7
:101A20003333333F2548807900F0010020B1002096
:101A3000234981F85D0F3FE02048807900F00200E3
:101A400020B101201E4981F85D0F35E01B488079E7
:101A500000F0040020B10220194981F85D0F2BE04D
:101A60001648807900F0080020B10320144981F85D
:101A70005D0F21E01148807900F0100020B10420B2
:101A80000F4981F85D0F17E00C48807900F02000C5
:101A900020B105200A4981F85D0F0DE007488079E3
:101AA00000F0400020B10620054981F85D0F03E0F9
:101AB0000720034981F85D0F7047000004040020EF
:101AC000409D002010B5024801F030F810BD000024
:101AD000200C002010B5024801F028F810BD0000CD
:101AE000800C002010B5024801F020F810BD000065
:101AF000E00C00200146087810381823B0FBF3F200
:101B00000848805CC865032A05D908686FF3090096
:101B1000001D886503E008686FF309008865886D1B
:101B20007047000028CD0008014600208A6A8B69B2
:101B3000CBB932B1012A0DD0022A03D0032A10D129
:101B40000EE000BFCB6A03F08073B3F1807F00D159
:101B5000012007E0CB6AB3F1C07F00D1012001E092
:101B600000E000BF34E08B69B3F5005F1AD132B1F9
:101B7000012A07D0022A03D0032A11D10AE000BFAC
:101B800001200EE0CB6A03F08073B3F1807F00D1B7
:101B9000012006E0CB6AB3F1C07F00D1012000E054
:101BA00000BF15E032B1012A05D0022A04D0032A71
:101BB0000CD103E000BF00BF012008E0CB6A03F0B6
:101BC0008073B3F1807F00D1012000E000BF00BF2F
:101BD000704730B50468246824F4802405682C60BC
:101BE000046863608468402C04D10468A2600468BF
:101BF000E16003E00468A1600468E26030BD0000B9
:101C000008B508484068009007490098096888426C
:101C100004D206480068401C044908600249009844
:101C2000086008BD001000E0C8000020C4000020CB
:101C300010B52DED028B82B004460E48406801902D
:101C400020680199081A00EE100AF8EE400A0A48C6
:101C500090ED000AB8EE400A80EE801AB0EE418A9C
:101C600001982060FFF7CCFFB0EE480A02B0BDEC4F
:101C7000028B10BD001000E0B80000201249096876
:101C800041F08071104A11600021104A51601146E4
:101C9000096841F0010111600D4941430D4A11608D
:101CA000114609684FF47A72B1FBF2F10A4A1160E9
:101CB00008490968064AB1FBF2F1084A116000219F
:101CC000074A116070470000FCED00E0001000E0E2
:101CD00040420F00B8000020BC000020C0000020DF
:101CE000C4000020704772B600BFFEE72DE9F04146
:101CF0002DED028B04460D46B0EE408AF0EE608A70
:101D000016461F4684ED258A6DB164B195ED000A33
:101D100084ED000A95ED010A84ED010A95ED020AB1
:101D200084ED020A0FE09FED170A84ED000A9FED93
:101D3000150A84ED010A9FED130A84ED020A9FED56
:101D4000110A84ED250AC4ED088A2686A4F860707D
:101D5000022E04DD314604F1340003F09BF8022F1B
:101D600004DD394604F1640003F094F804F118002E
:101D7000FFF75EFF9FED030A84ED240ABDEC028BA2
:101D8000BDE8F081000000001D48408830B91D48C2
:101D9000007820F001001B49087006E0194800781F
:101DA00020F00100401C17490870154800780A28E7
:101DB00001DA012000E000201249097860F34101B6
:101DC000104801700E4841780E48007861F3870092
:101DD0000C4908700C48007F40B248710A48807F67
:101DE00028B10A48D0F80300C1F8010006E09FEDD1
:101DF000080A10EE100A0349C1F8010070470000FC
:101E0000C3AF00201401002008AE00200C04002005
:101E10000000000008B54FF47A7009F05FF91CE08B
:101E20000AF03EF8009002F0C1FB05F06FFA0823BB
:101E30004FF4B07209490A48FFF700FD082340F249
:101E4000611208490648FFF7F9FC00F00DF800F0B0
:101E5000B5F80521684609F06FF9E1E74001002077
:101E6000140B0020480100202DE9F0414B48007C74
:101E7000022875D14A48007800F0010448480078EB
:101E8000C0F3820546480078460945484078C0F3CB
:101E90004117434840784FEAD018204608F09EFE8C
:101EA000284608F07DFE304608F088FE404608F0DF
:101EB000BFFE384608F08CFE3A4890F8BF02012871
:101EC00022D1DFED390AB0EE600A3548408800EED5
:101ED000900AB8EE601AC1EE000A9FED341A60EE67
:101EE000810A3048C0EDB00A2D48408800EE900AC3
:101EF000B8EE601AC1EE000A9FED2D1A60EE810A5D
:101F00002848C0EDB10A00BF254890F9060000EE50
:101F1000100AB8EEC00ADFED270A80EE201A214829
:101F200080ED811A1E4890F9040000EE100AB8EE08
:101F3000C00ADFED200A80EE201A1A4880ED801AD0
:101F4000174890F9050000EE100AB8EEC00ADFED60
:101F5000190A80EE201A134880ED7F1A1CE0FFE773
:101F6000002008F03BFE002008F01AFE002008F0D8
:101F700025FE002008F05CFE002008F029FE9FED01
:101F80000E0A084880ED810A9FED0B0A80ED800A59
:101F90009FED090A80ED7F0ABDE8F08150AE002078
:101FA0000C010020409D002000008047DB0FC9404D
:101FB0000000B4430000C84200000000704710B5A4
:101FC000024692F82030012B01D0022B06D1106876
:101FD0004069084314686061002010BD506A40F4F5
:101FE000802050620120F8E7F0B504460D461E46F9
:101FF00094F8207020688368A86800B900E000BFEA
:10200000012F01D0022F7DD103F0806030B903F0A1
:10201000006018B903F0805000287ED0C3F301613E
:10202000012088403060A86860B9B5F800C0E86851
:1020300040EA4C5C206800F5C07000EB0110C0F86D
:1020400000C00FE0D5E901C040EACC00D5F80CC0D3
:1020500040EA0C00D4F800C00CF5C07C0CEB011C6D
:10206000CCF80000D5F810C0206800F5C07000EB77
:102070000110C0F804C0287D01280ED1206800F5A9
:10208000C07000EB0110406840F4807C206800F5CF
:10209000C07000EB0110C0F804C0D079000692F8BF
:1020A00006C040EA0C4092F805C040EA0C2092F8C5
:1020B00004C040EA0C00D4F800C00CF5C07C0CEB66
:1020C000011CCCF80C00D078000692F802C040EA5F
:1020D0000C4092F801C040EA0C2092F800C040EA9F
:1020E0000C00D4F800C00CF5C07C0CEB011CCCF843
:1020F0000800206800F5C07000EB0110006840F097
:10210000010C01E00FE008E0206800F5C07000EB72
:102110000110C0F800C00020F0BD606A40F400105B
:1021200060620120F8E7606A40F48020606201206C
:10213000F2E70000F0B504460A4694F82050012D5D
:1021400001D0022D7ED1424901F50071086840F0AE
:1021500001000860086820F47C5008600868566A2E
:1021600040EA06200860107D00F01F06012000FAFA
:1021700006F3C8699843C861A1F50071D069C8B970
:10218000D1F80C029843C1F80C02908880B296896D
:1021900040EA064601F51070576940F8376010882C
:1021A00080B2168940EA064601F51070576900EBC7
:1021B000C7004660D069012819D1D1F80C02184334
:1021C000C1F80C02908880B2168840EA064601F5F4
:1021D0001070576940F83760908980B2168940EADC
:1021E000064601F51070576900EBC700466090691C
:1021F00028B9D1F804029843C1F8040204E0D1F8E8
:1022000004021843C1F80402106928B9D1F8140275
:102210009843C1F8140204E0D1F814021843C1F83D
:102220001402106A012804D1D1F81C021843C1F825
:102230001C02D1F8000220F00100C1F800020020C9
:10224000F0BDFFE7606A40F4802060620120F7E79C
:1022500000640040704770B5044694F82050012D8A
:1022600001D0022D7DD151B92068C06800F0030073
:1022700080B9606A40F400106062012070BD20687F
:10228000006900F0030028B9606A40F40010606241
:102290000120F3E7206800F5D87000EB011000681A
:1022A00000F004009060906840B9206800F5D87094
:1022B00000EB01100068400D106007E0206800F599
:1022C000D87000EB01100068C0085060206800F56D
:1022D000D87000EB0110006800F00200D0602068A8
:1022E00000F5D87000EB0110406800F00F000828DE
:1022F00002D30820106108E0206800F5D87000EBD8
:102300000110406800F00F001061206800F5D870DF
:1023100000EB0110406800F47F40000A90612068E3
:1023200000F5D87000EB01104068000C5061206887
:1023300000F5D87000EB011080681870206800F577
:10234000D87000EB0110806800F47F40000A5870DC
:10235000206800F5D87000EB0110806800F47F0061
:1023600000E03CE0000C9870206800F5D87000EBAD
:1023700001108068000ED870206800F5D87000EB5E
:102380000110C0681871206800F5D87000EB0110CA
:10239000C06800F47F40000A5871206800F5D870CA
:1023A00000EB0110C06800F47F00000C98712068F9
:1023B00000F5D87000EB0110C068000ED87131B97B
:1023C0002068C06840F020002668F06005E02068C2
:1023D000006940F020002668306100204EE7606A06
:1023E00040F480206062012048E72DE9F05F044658
:1023F0000025206846692068D0F804902068876826
:102400002068D0F80CA02068D0F810B02068D0F870
:10241000188006F00100002855D007F00100C0B177
:1024200001202168886007F0020018B1204600F002
:10243000E2FA0EE007F0040010B145F4006508E090
:1024400007F0080010B145F4805502E0204600F086
:10245000D1FA07F48070C8B14FF4807021688860A9
:1024600007F4007018B1204600F0C7FA0EE007F438
:10247000806010B145F4005508E007F4006010B129
:1024800045F4804502E0204600F0B6FA07F48030BB
:10249000C8B14FF480302168886007F4003018B16B
:1024A000204600F0ACFA0EE007F4802010B145F4AD
:1024B000004508E007F4002010B145F4803502E043
:1024C000204600F09BFA06F0080038B10AF0100030
:1024D00020B145F4007510202168C86006F00400A2
:1024E00040B10AF0080028B108202168C8602046E1
:1024F00000F02EFA06F0020038B12068C06800F043
:10250000030010B1204600F024FA06F0400038B174
:102510000BF0100020B145F480651020216808619F
:1025200006F0200040B10BF0080028B10820216817
:102530000861204600F01DFA06F0100038B120684E
:10254000006900F0030010B1204600F013FA06F411
:10255000003040B109F0100028B110202168486017
:10256000204600F017FA06F4803040B109F0080068
:1025700028B1082021684860204600F041FA06F49E
:10258000004088B309F0040078B306F4807020B1ED
:1025900008F0010008B145F0010506F4007020B113
:1025A00008F0020008B145F0020506F4806020B191
:1025B00008F0040008B145F0040506F40060A0B17D
:1025C00008F0700088B108F07000402817D006DCD1
:1025D00010280BD020280CD0302819D10CE050281E
:1025E00010D0602814D110E01DE019E045F0080576
:1025F0000FE045F010050CE045F0200509E045F03E
:10260000400506E045F0800503E045F4807500E0F4
:1026100000BF00BF2068806920F0700021688861D9
:102620000420216848602DB1606A2843606220461A
:10263000FFF710FEBDE8F09F70B504460CB901200D
:1026400070BD94F8200010B9204600F0AFF8206863
:10265000006840F001002168086000F041FD054677
:102660000DE000F03DFD401B0A2808D9606A40F4E7
:1026700000306062052084F820000120E0E7206837
:10268000406800F001000028EBD02068006820F0CE
:1026900002002168086000F023FD05460DE000F00F
:1026A0001FFD401B0A2808D9606A40F400306062B0
:1026B000052084F820000120C2E72068406800F06F
:1026C00002000028EBD1207E012806D12068006896
:1026D00040F080002168086005E02068006820F074
:1026E000800021680860607E012806D120680068AB
:1026F00040F040002168086005E02068006820F094
:10270000400021680860A07E012806D1206800688A
:1027100040F020002168086005E02068006820F093
:10272000200021680860E07E012806D1206800684A
:1027300020F010002168086005E02068006840F083
:10274000100021680860207F012806D120680068F9
:1027500040F008002168086005E02068006820F06B
:10276000080021680860607F012806D120680068A1
:1027700040F004002168086005E02068006820F04F
:10278000040021680860D4E9020108432169084374
:10279000616908436168491E08432168C8610020D7
:1027A0006062012084F82000002049E710B586B05F
:1027B0000446142101A8FEF7B5F85F492068884255
:1027C00052D15E480068401C5C49086008460068B9
:1027D00001280FD100BF002000905948006840F048
:1027E0000070574908600846006800F000700090CB
:1027F00000BF00BF00BF00200090514810380068A3
:1028000040F001004E49103908600846006800F0A9
:102810000100009000BF00BF4FF4C05001900220A3
:10282000029000200390032004900920059001A944
:10283000444800F05BFB00220521132000F052FE0B
:10284000132000F03BFE00220521142000F04AFE78
:10285000142000F033FE00220521152000F042FE76
:10286000152000F02BFE65E037492068884261D1D1
:1028700000BF002000903248006840F0806030497E
:1028800008600846006800F08060009000BF00BF4C
:102890002A480068401C2949086008460068012849
:1028A0000FD100BF002000902548006840F0007064
:1028B000234908600846006800F00070009000BFDF
:1028C00000BF00BF002000901D481038006840F095
:1028D00002001B49103908600846006800F0020039
:1028E000009000BF00BF4FF44050019002200290C2
:1028F00000200390032004900920059001A91348AB
:1029000000F0F4FA002205213F2000F0EBFD3F200B
:1029100000F0D4FD00220521402000F0E3FD40201E
:1029200000F0CCFD00220521412000F0DBFD41201C
:1029300000F0C4FD06B010BD006400401C00002083
:10294000403802400000024000680040000402409D
:10295000704710B58AB0044601AB03AA0021204697
:10296000FFF779FC01AA03A92046FEF7E7FD0AB0AC
:1029700010BD704710B58AB0044601AB03AA01210F
:102980002046FFF768FC01AA03A92046FEF7D6FD02
:102990000AB010BD704770B5044694F820000128B5
:1029A00022D1022084F820002068006820F0010075
:1029B0002168086000F094FB05460DE000F090FBF4
:1029C000401B0A2808D9606A40F400306062052084
:1029D00084F82000012070BD2068406800F00100EC
:1029E0000028EBD16062F6E7606A40F40020606284
:1029F0000120F0E770477047704770477047704795
:102A0000704710B504460CB9012010BD607920B99B
:102A100000202071204600F005F8012060710020A0
:102A2000F3E7000008B50A4A016891420FD100BFE0
:102A3000002100910749096841F48051054A11605D
:102A40001146096801F48051009100BF00BF08BD24
:102A5000003002403038024070B50446A56D00F0E9
:102A60003FFB064694F83500022808D080206065B8
:102A700000BF002084F8340000BF012070BD206832
:102A8000006820F01600216808602068406920F086
:102A9000800021684861206C08B9A06C28B12068CA
:102AA000006820F00800216808602068006820F0B5
:102AB00001002168086010E000F012FB801B05286F
:102AC0000BD920206065032084F8350000BF00206A
:102AD00084F8340000BF0320D0E72068006800F0CD
:102AE00001000028E8D194F85C103F208840A860DD
:102AF000012084F8350000BF002084F8340000BFB6
:102B000000BFBBE7014691F83500022803D08020C2
:102B1000486501207047052081F835000868006885
:102B200020F001000A6810600020F3E7F8B50446C1
:102B3000002000908C4800684FF41651B0FBF1F76C
:102B4000A56D2E6894F85C1008208840304098B13C
:102B50002068006800F0040070B12068006820F070
:102B600004002168086094F85C1008208840A86080
:102B7000606D40F00100606594F85C1001208840B1
:102B8000304068B12068406900F0800040B194F89E
:102B90005C1001208840A860606D40F00200606514
:102BA00094F85C1004208840304068B120680068C8
:102BB00000F0020040B194F85C1004208840A86046
:102BC000606D40F00400606594F85C10102088404F
:102BD000304078B32068006800F0080050B394F8E3
:102BE0005C1010208840A8602068006800F48020F5
:102BF00080B12068006800F4002028B9206CC8B1BA
:102C00002046216C884715E0A06C98B12046A16C45
:102C100088470FE02068006800F4807028B92068B9
:102C2000006820F0080021680860206C10B1204680
:102C3000216C884794F85C102020884030400028A0
:102C400065D02068006800F0100000285FD094F87C
:102C50005C1020208840A86094F83500052828D111
:102C60002068006820F0160021680860206840692C
:102C700020F0800021684861206C08B9A06C28B160
:102C80002068006820F008002168086094F85C1053
:102C90003F208840A860012084F8350000BF002054
:102CA00084F8340000BF206D10B12046216D8847A4
:102CB000F8BD2068006800F4802080B120680068BA
:102CC00000F4002028B9606C10B12046616C884780
:102CD0001DE0E06BD8B12046E16B884717E0206823
:102CE000006800F4807068B92068006820F0100067
:102CF00021680860012084F8350000BF002084F8B6
:102D0000340000BFE06B10B12046E16B8847606D76
:102D100038B3606D00F00100F0B1052084F8350093
:102D20002068006820F001002168086000BF00985A
:102D3000401C0090B84200D905E02068006800F00F
:102D400001000028F3D100BF012084F8350000BF46
:102D5000002084F8340000BFE06C10B12046E16C24
:102D6000884700BFA4E70000340000202DE9F041AF
:102D70000446002500F0B4F9074614B90120BDE867
:102D8000F081606A00B100BF022084F8350000BF06
:102D9000002084F8340000BF2068006820F00100A3
:102DA000216808600AE000F09BF9C01B052805D9DE
:102DB00020206065032084F83500E0E72068006883
:102DC00000F001000028EED1206805682148054088
:102DD000D4E901010843E1680843216908436169B6
:102DE0000843A1690843E1690843216A0843054390
:102DF000606A042803D1D4E90B0108430543206825
:102E000005602068456925F00705606A0543606A2A
:102E100004280DD1A06A0543E06A48B12046FEF7B8
:102E200083FE28B140206065012084F83500A6E7C4
:102E3000206845612046FEF75DFE064694F85C106A
:102E40003F208840B06000206065012084F8350094
:102E5000002094E73F8010F02DE9F04704460D462E
:102E600016461F464FF00008D4F8589000BF94F85B
:102E70003400012802D10220BDE8F087012084F847
:102E8000340000BF94F83500012825D1022084F8D1
:102E90003500002060653B46324629462046FEF755
:102EA00098FE94F85C103F208840C9F8080020681C
:102EB000006840F0160021680860206C28B1206886
:102EC000006840F00800216808602068006840F051
:102ED00001002168086006E000BF002084F834008B
:102EE00000BF4FF002084046C6E70000F8B50246B2
:102EF0000B460025002400200021D6E0012606FA1A
:102F000001F51E6806EA0504AC4274D11E7906F08C
:102F10000306012E04D01E7906F00306022E13D1FB
:102F200090684F000326BE40B0434F00DE68BE40AD
:102F300030439060506801268E40B0431E79C6F33E
:102F400000168E40304350601E7906F00306032EB3
:102F500009D0D0684F000326BE40B0434F009E68A2
:102F6000BE403043D0601E7906F00306022E13D116
:102F7000CF0802F1200656F827004E07F70E0F265D
:102F8000BE40B0434F07FF0E1E69BE403043CF081E
:102F900002F1200646F8270010684F000326BE40C5
:102FA000B0431E7906F003064F00BE403043106068
:102FB0005E6806F44036002E76D000BF00260096EC
:102FC0003C4E366846F480463A4F3E603E46366890
:102FD00006F48046009600BF00BF374E8F0856F8B3
:102FE00027008E07370F0F26BE40B043334EB24244
:102FF00002D1002624E057E0314EB24201D1012631
:103000001EE0304EB24201D1022619E02E4EB242ED
:1030100001D1032614E02D4EB24201D104260FE067
:103020002B4EB24201D105260AE02A4EB24201D10E
:10303000062605E0284EB24201D1072600E0082608
:103040008F073F0FBE4030431B4E8F0846F82700C6
:10305000224E3068A0435E6806F4801606B1204315
:103060001E4E3060361D3068A0435E6806F40016C0
:1030700006B12043194E361D3060184E361F306899
:10308000A0435E6806F4003606B12043134E361F97
:103090003060361F3068A0435E6806F4803606B1A3
:1030A00020430E4E083E3060491C1029FFF426AF25
:1030B000F8BD0000443802400838014000000240DA
:1030C0000004024000080240000C024000100240D0
:1030D0000014024000180240001C0240083C01405D
:1030E00001480068704700002800002070B50446C1
:1030F0000CB9012070BD94F83D0028B9002084F877
:103100003C00204600F0DAF8242084F83D002068D6
:10311000006820F00100216808602068006840F421
:103120000040216808602068006820F400402168A1
:10313000086000F013FB05465C496068884206D8C9
:103140005B48854201D2012007E0002005E0594894
:10315000854201D2012000E00020012800D1C9E70A
:103160005548B5FBF0F62068406820F03F0030433A
:10317000216848604D496068884201D8701C07E0AA
:103180004FF4967070434FF47A71B0FBF1F0401C2D
:103190002168096A21F03F01084321680862434918
:1031A0006068884214D8681E61684900B0FBF1F07D
:1031B000401CC0F30B00042801D204203DE0681E2F
:1031C00061684900B0FBF1F0401CC0F30B0034E033
:1031D000A06838B9681E616801EB4101B0FBF1F0ED
:1031E000401C0AE0681E616801EBC10202EB01119C
:1031F000B0FBF1F0401C40F48040C0F30B0008B974
:1032000001201AE0A06848B9681E616801EB41011D
:10321000B0FBF1F0401CC0F30B000CE0681E6168CD
:1032200001EBC10202EB0111B0FBF1F0401CC0F355
:103230000B0040F4804040F400402168C9694CF61E
:10324000FF72914308432168C861D4E9070108432C
:103250002168096821F0C001084321680860D4E9A9
:10326000031008432168896848F2FF3291430843FC
:1032700021688860D4E9050108432168C96821F004
:10328000FF0108432168C8602068006840F0010021
:103290002168086000202064202084F83D00002080
:1032A000206384F83E0000BF24E70000A0860100F0
:1032B00080841E0000093D0040420F0010B586B01A
:1032C0000446142101A8FDF72DFB224920688842FD
:1032D0003ED100BF002000901F48006840F002006F
:1032E0001D4908600846006800F00200009000BF19
:1032F00000BF0815019012200290012003900320C6
:1033000004900420059001A91448FFF7EFFD4FF445
:10331000006001901220029000200390032004908E
:103320000420059001A90D48FFF7E0FD00BF002033
:10333000009009481030006840F4800006491031C0
:1033400008600846006800F48000009000BF00BFDD
:1033500006B010BD00580040303802400004024062
:103360000348006803490978084401490860704728
:10337000280000203000002010B50D48006840F4FF
:1033800000700B4908600846006840F480600860DF
:103390000846006840F480700860032000F0E0F800
:1033A0000F2000F007F800F05FF8002010BD0000CB
:1033B000003C02402DE9F04188B004460027B846A1
:1033C00000BF002001902348006840F01000214910
:1033D00008600846006800F01000019000BF00BFC0
:1033E00002A903A800F092F9069F1FB900F0B6F9F0
:1033F000054602E000F0B2F945001748B5FBF0F0D1
:10340000A0F1010815481649086040F2E731144858
:10341000C160C0F80480002101618160816100F019
:1034200065FC064696B90E4800F094FC06466EB957
:10343000362000F043F8102C07D200222146362017
:1034400000F050F80748046000E00126304608B05C
:10345000BDE8F0814038024040420F0000100040BB
:10346000400D00202C00002008B500BF0020009077
:103470001148006840F480400F4908600846006821
:1034800000F48040009000BF00BF00BF002000900B
:10349000081F006840F08050091F08600846006857
:1034A00000F08050009000BF00BF00220F21901E4E
:1034B00000F018F808BD00004438024001460846F4
:1034C00000280DDB00BF00BF00F01F0301229A405F
:1034D00043099B0003F1E023C3F8002100BF00BFB4
:1034E00000BF70472DE9F05F80460D461646002765
:1034F00005F05CF8074639462A46334601F00700D6
:10350000C0F1070ABAF1040F02D94FF0040A01E032
:10351000C0F1070AD14600F1040ABAF1070F02D23E
:103520004FF0000A01E0A0F1030AD4464FF0010A6F
:103530000AFA09FAAAF1010A0AEA020A0AFA0CFAD4
:103540004FF0010B0BFA0CFBABF1010B0BEA030B79
:103550004AEA0B042146404605F030F8BDE8F09FEA
:1035600000BF00F00702064B19684FF6FF03194031
:10357000044B0B4343EA0221014B196000BF704723
:103580000CED00E00000FA0570B504460D460CB9DC
:10359000012070BD5848006800F00700A84209D219
:1035A00055490D700846006800F00700A84201D098
:1035B0000120EEE7207800F0020002281DD12078DB
:1035C00000F00400042805D14C48006840F4E050A5
:1035D0004A490860207800F00800082805D14748CB
:1035E000006840F46040454908604448006820F0A5
:1035F000F000A168084341490860207800F001000C
:10360000A8B36068012807D13C4808380068C0F3B7
:103610004040B8B90120BCE76068022802D0606869
:10362000032807D1354808380068C0F3406048B91E
:103630000120AEE7314808380068C0F3400008B9FF
:103640000120A6E72D48006820F0030061680843C8
:103650002A490860FFF744FD064609E0FFF740FDF0
:10366000801B41F28831884202D9032091E707E0AC
:103670002248006800F00C006168B0EB810FEDD1CA
:103680001D48006800F00700A84209D91A490D70CA
:103690000846006800F00700A84201D0012078E742
:1036A000207800F00400042807D11448006820F4B2
:1036B000E050E168084311490860207800F00800F4
:1036C000082808D10D48006820F46040216940EACC
:1036D000C1000A49086000F061F808490968C1F3AF
:1036E0000311074A515CC840064908600648006853
:1036F000FFF760FE00204CE7003C02400838024023
:1037000030CD0008340000202C0000200F22026081
:103710000D4A126802F0030242600B4A126802F07E
:10372000F0028260084A126802F4E052C260064A5F
:10373000126802F46042D2080261044A126802F080
:1037400007020A607047000008380240003C02404F
:1037500001480068704700003400002000B5FFF702
:10376000F7FF04490968C1F38221034A515CC8404C
:1037700000BD00000838024040CD000800B5FFF74A
:10378000E7FF04490968C1F34231034A515CC8406C
:1037900000BD00000838024040CD00082DE9F04788
:1037A000002400250026A1462548006800F00C00F2
:1037B00020B1042805D008283AD105E0DFF884902C
:1037C00039E0DFF8849036E01D48001F006800F003
:1037D0003F041B48001F006800F4800078B11A48BD
:1037E0001749091F0968C1F38811A0FB0170014640
:1037F000224600233846FCF71BFE05460EE0114822
:103800000F49091F0968C1F38811A0FB0170014627
:10381000224600233846FCF70BFE05460848001FE9
:103820000068C0F30140401C4600B5FBF6F902E019
:10383000DFF8109000BF00BF4846BDE8F0870000E9
:10384000083802400024F40040787D01F8B50446B1
:103850000CB90120F8BD207800F00100002874D0D8
:10386000F948006800F00C0004280DD0F648006804
:1038700000F00C00082813D1F348001F006800F482
:103880008000B0F5800F0BD1EF4808380068C0F316
:103890004040002859D06068002856D10120D9E75F
:1038A00000BF6068B0F5803F08D1E748083800687D
:1038B00040F48030E449083908601EE06068B0F5E3
:1038C000A02F0DD1E0480838006840F48020DE4980
:1038D000083908600846006840F4803008600CE051
:1038E000D9480838006820F48030D7490839086082
:1038F0000846006820F48020086000BF606890B12E
:10390000FFF7EEFB054606E0FFF7EAFB401B6428E5
:1039100001D903209EE7CC4808380068C0F3404036
:103920000028F1D011E0FFF7DBFB054606E0FFF7CA
:10393000D7FB401B642801D903208BE7C248083815
:103940000068C0F340400028F1D1207800F0020068
:1039500002285FD1BC48006800F00C0058B1BA489A
:10396000006800F00C0008281CD1B748001F006850
:1039700000F48000B0B9B44808380068C0F34000D3
:1039800020B1E068012801D0012063E7AE48083883
:10399000006820F0F800216940EAC100AA4908390E
:1039A000086037E0E06800B30120A8490860FFF72D
:1039B00097FB054606E0FFF793FB401B022801D961
:1039C000032047E7A04808380068C0F340000028FB
:1039D000F1D09D480838006820F0F800216940EADD
:1039E000C10099490839086014E00020974908602F
:1039F000FFF776FB054606E0FFF772FB401B022847
:103A000001D9032026E7904808380068C0F3400039
:103A10000028F1D1207800F0080008282CD1606936
:103A2000A8B101208A490860FFF75AFB054606E065
:103A3000FFF756FB401B022801D903200AE7824802
:103A40006C300068C0F340000028F1D014E0002082
:103A50007F490860FFF744FB054606E0FFF740FB9F
:103A6000401B022801D90320F4E677486C30006837
:103A7000C0F340000028F1D1207800F004000428B1
:103A800070D1002770483830006800F0805090B93D
:103A900000BF002000906C483830006840F0805033
:103AA0006949383108600846006800F0805000908D
:103AB00000BF00BF01276748006800F48070B0B9FC
:103AC0006448006840F4807062490860FFF708FBB2
:103AD000054606E0FFF704FB401B022801D903203E
:103AE000B8E65C48006800F480700028F2D000BF9F
:103AF000A068012808D154486830006840F00100EF
:103B00005149683108601DE0A06805280DD14E4874
:103B10006830006840F004004B496831086008468E
:103B2000006840F0010008600CE047486830006819
:103B300020F001004449683108600846006820F020
:103B40000400086000BFA068A8B1FFF7C9FA0546E5
:103B500009E0FFF7C5FA401B41F28831884202D9DB
:103B6000032077E626E0384868300068C0F340005C
:103B70000028EED013E0FFF7B3FA054608E0FFF7A0
:103B8000AFFA401B41F28831884201D9032061E637
:103B90002D4868300068C0F340000028EFD1012FA5
:103BA00007D129483830006820F080502649383144
:103BB000086000BFA069002845D02348006800F0D5
:103BC0000C0008285DD0A069022845D100201F49BB
:103BD0000866FFF785FA054606E0FFF781FA401B05
:103BE000022801D9032035E6174808380068C0F3D9
:103BF00040600028F1D1D4E907010843616A40EA36
:103C000081110122A06AC2EB500041EA00412C2040
:103C1000005D41EA00600C49091F086001200B4962
:103C20000866FFF75DFA054606E0FFF759FA401B04
:103C3000022801D903200DE6034808380068C0F3C4
:103C400040600028F1D049E00838024000004742B7
:103C5000800E474200700040002021490866FFF7AF
:103C60003FFA054606E0FFF73BFA401B022801D960
:103C70000320EFE51B480068C0F340600028F2D144
:103C80002CE0A069012800D1E4E51648001D066873
:103C9000A069012820D006F48001E06981421BD18F
:103CA00006F03F01206A814216D147F6C0703040CD
:103CB000616AB0EB811F0FD106F440310122A06A86
:103CC000C2EB5000B1EB004F06D106F070612C2022
:103CD000005DB1EB006F01D00120BBE50020B9E52C
:103CE00000004742003802407047704710B5044654
:103CF0000CB9012010BD94F83D0028B9002084F8CB
:103D00003C00204600F025F8022084F83D00211DEB
:103D1000206803F001FF012084F8460000BF84F80A
:103D20003E0001213F200155402001554120015511
:103D300000BF00BF012084F8420043200155442009
:103D400001554520015500BF012084F83D000020A9
:103D5000D0E77047014691F83D00012801D00120CD
:103D60007047022081F83D000868C06840F00100FB
:103D70000B68D8601A4B086898421BD00868B0F1ED
:103D8000804F17D0174B0868984213D0164B08681D
:103D900098420FD0154B086898420BD0144B086816
:103DA000984207D0134B0868984203D0124B08681A
:103DB00098420CD10868806800F00702062A0CD0EF
:103DC0000868006840F001000B68186005E00868AA
:103DD000006840F001000B6818600020C0E7000098
:103DE000000001400004004000080040000C0040BA
:103DF000000401400040014000180040704770B5C9
:103E000004462068C5682068066906F0020002289A
:103E100019D105F00200022815D1401F2168086160
:103E2000012020772068806900F0030018B1204647
:103E3000FFF7E4FF05E0204600F097F8204600F089
:103E400095F80020207706F00400042819D105F029
:103E50000400042815D1C04321680861022020779E
:103E60002068806900F4407018B12046FFF7C6FF53
:103E700005E0204600F079F8204600F077F80020B1
:103E8000207706F00800082819D105F00800082856
:103E900015D1C04321680861042020772068C069DB
:103EA00000F0030018B12046FFF7A8FF05E0204608
:103EB00000F05BF8204600F059F80020207706F06B
:103EC0001000102819D105F01000102815D1C0439A
:103ED00021680861082020772068C06900F44070DC
:103EE00018B12046FFF78AFF05E0204600F03DF8B4
:103EF000204600F03BF80020207706F0010048B192
:103F000005F0010030B16FF0010021680861204622
:103F100000F02EF806F08000802809D105F080001E
:103F2000802805D1C043216808612046FFF7DCFEE8
:103F300006F04000402809D105F04000402805D196
:103F4000C04321680861204600F01EF806F02000FA
:103F5000202809D105F02000202805D1C043216880
:103F600008612046FFF7C1FE70BD70477047000032
:103F700010B5044603492068884201D1FFF7F0F9E3
:103F800010BD0000001000407047704770470000EF
:103F90002DE9F84F0446206805682068C668206847
:103FA00047694FF00009CA4605F00F09B9F1000F43
:103FB0000AD105F0200038B106F0200020B12046DB
:103FC00003F0E1FEBDE8F88FB9F1000F7CD007F0F7
:103FD000010018B906F49070002875D005F00100B2
:103FE00030B106F4807018B1606C40F0010060647C
:103FF00005F0040030B107F0010018B1606C40F02A
:104000000200606405F0020030B107F0010018B151
:10401000606C40F00400606405F0080048B106F0F0
:10402000200010B907F0010018B1606C40F00800E2
:104030006064606C002846D005F0200028B106F0CE
:10404000200010B1204603F09EFE20684069C0F3B6
:10405000801A606C00F0080010B9BAF1000F2DD082
:10406000204603F037FE2068406900F040004028F9
:1040700020D100BF00BF2168143151E8001F21F09A
:1040800040002168143141E80002002AF3D100BF4A
:10409000E06B50B17F48E16B0865E06BFEF732FDE5
:1040A00088B1E06B016D88470DE02046FFF76EFF99
:1040B00009E009E02046FFF769FF04E02046FFF72A
:1040C00065FF002060647DE7206B012878D105F052
:1040D0001000002874D006F010000028FAD000BFAD
:1040E00000200090206800680090206840680090E0
:1040F00000BF00BF2068406900F04000402870D138
:10410000E06B006840681FFA80F8B8F1000F58D0E3
:10411000A08D404555DDA4F82E80E06BC069B0F558
:10412000807F43D000BF00BF21680C3151E8001FE1
:1041300021F4807021680C3141E80002002AF3D19B
:1041400000BF00BF00BF2168143151E8001F21F0FB
:1041500001002168143141E80002002AF3D100BFB8
:1041600000BF00BF2168143151E8001F21F040005A
:104170002168143141E80002002AF3D100BF202059
:1041800084F842000020206300BF00BF21680C318A
:1041900051E8001F21F0100021680C3141E80002B5
:1041A000002AF3D100BFE06BFEF756FC02206063EB
:1041B000A08DE28D801A81B22046FFF7E6FE0EE068
:1041C00052E0A08D40450AD1E06BC069B0F5807F18
:1041D00005D102206063A18D2046FFF7D6FEF1E6EF
:1041E000FFE7A08DE18D401A1FFA80F8E08DD0B373
:1041F000B8F1000F37D000BF00BF21680C3151E883
:10420000001F21F4907021680C3141E80002002A5F
:10421000F3D100BF00BF00BF2168143151E8001F77
:1042200021F001002168143141E80002002AF3D195
:1042300000BF202084F842000020206300BF00BFA0
:1042400021680C3151E8001F21F0100021680C3169
:1042500041E80002002AF3D100BF0220606341461A
:104260002046FFF792FEADE605F0800030B106F083
:10427000800018B1204603F01BFFA3E605F04000C4
:1042800030B106F0400018B1204603F059FD99E620
:1042900000BF97E60D7C000810B504460CB901205C
:1042A00010BDA06900B100E000BF94F8410028B93A
:1042B000002084F84000204600F02AF8242084F8EA
:1042C00041002068C06820F400502168C860204682
:1042D00003F0D8FD2068006920F49040216808614F
:1042E0002068406920F02A00216848612068C06881
:1042F00040F400502168C86000206064202084F8E9
:10430000410084F842000020606300BFC8E700005D
:1043100010B586B00446142101A8FCF703FB7049D0
:10432000206888427BD100BF002000906D48006863
:1043300040F400206B4908600846006800F4002043
:10434000009000BF00BF00BF0020009065481038FB
:10435000006840F0040063491039086008460068AE
:1043600000F00400009000BF00BF4FF440600190D7
:104370000220029000200390032004900820059062
:1043800001A95948FEF7B2FD58485949086040054F
:104390004860002156488160C1604FF4806101612E
:1043A000002141618161C1614FF40031016200214E
:1043B0004162FEF7DBFC08B1FDF795FC00BF4C48FD
:1043C000E063846300BF494830304A4908604FF0D9
:1043D000006048604021474881600021C1604FF47F
:1043E00080610161002141618161C1614FF440310F
:1043F000016200214162FEF7B9FC08B1FDF773FCD0
:1044000000BF3C48A063846300BF00220521342024
:10441000FFF768F83420FFF751F85EE0FFE7364910
:104420002068884259D100BF002000902D480068C4
:1044300040F400302B4908600846006800F4003062
:10444000009000BF00BF00BF00200090254810383A
:10445000006840F0010023491039086008460068F0
:1044600000F00100009000BF00BF0C20019002206E
:10447000029000200390032004900720059001A9DA
:104480001E48FEF733FD194860301D4908604FF0A3
:104490000060486040211A4881600021C1604FF4EB
:1044A00080610161002141618161C1614FF440314E
:1044B000016200214162FEF759FC08B1FDF713FCCF
:1044C00000BF0F48A063846300BF0022052126209F
:1044D000FFF708F82620FEF7F1FF06B010BD000038
:1044E000004C00404038024000080240406002405A
:1044F000200C0020800C00200044004000000240FE
:10450000E00C002070470000F7B50446154694F80B
:10451000410020283ED1019800B10DB90120FEBD17
:1045200001982062A584E58400206064212084F83D
:1045300041001948A16BC8631848A16B086418486A
:10454000A16BC8640020A16B086501AE23681A1D29
:1045500031682B46A06BFEF77FFC30B11020606401
:10456000202084F841000120D9E76FF04000216845
:10457000086000BF00BF2168143151E8001F41F0FE
:1045800080002168143141E80002002AF3D100BF05
:104590000020C4E70220C2E76F7C0008C77C000847
:1045A0001F7C00087047704700BFFEE7154890F871
:1045B0003001022814D11448008900B213498882BE
:1045C0001348408900B208830846B0F91400B1F9D5
:1045D0001810401A0A2190FBF1F000B20B498883B1
:1045E0000A48806809490969884206DD01200749AF
:1045F000887708468068086102E0002003498877D0
:104600007047000050AE0020C3AF002008AE00206D
:10461000D0AF002010B5044694F85C3F012204217D
:1046200004F6746001F0C0F904F6746005F0F4FB60
:10463000DFED0C0A9FED0C0A04F5087003F048FA50
:10464000DFED080A9FED080A04F5127003F040FA46
:10465000DFED040A9FED040A04F51C7003F038FA3C
:1046600010BD00000AD7233C00409C46D0E901124F
:10467000914202D10021017401E0816841607047DC
:1046800010B52DED028B0446B0EE408A04F108000F
:10469000FDF7CEFA84ED030A94ED030AB4EEC80ADE
:1046A000F1EE10FA05DD608A401C60820120207462
:1046B00004E02088401C208002202074BDEC028B86
:1046C00010BD000070B52DED048B05460C46164656
:1046D000B0EE408A06BBB5F9020000EE100AB8EE53
:1046E000C00AF1EE080A20EE200AF0EE408AF0EE51
:1046F000480AB0EE680A04F1180004F0BDFFB5F9ED
:10470000040000EE100AB8EEC00ADFED630A80EE86
:10471000201A84ED071ABCE0012E24D1B5F902005D
:1047200000EE100AB8EEC00AF1EE080A20EE200AE8
:10473000F2EE0E0A80EE201AF0EE418AF0EE480A00
:10474000B0EE680A04F1180004F096FFB5F9040011
:1047500000EE100AB8EEC00ADFED4F0A80EE201A14
:1047600084ED071A95E0032E35D1B5F9000000EE6F
:10477000100AB8EEC00ADFED490A20EE200AF0EE7A
:10478000408AB5F9020000EE100AB8EEC00AF1EE58
:10479000080A20EE200AB0EE409AF0EE480AB0EE89
:1047A000490A04F1180004F067FFDFED3D0AB0EE9E
:1047B000680A204603F0A0FE84ED050AB5F904005E
:1047C00000EE100AB8EEC00ADFED330A80EE201AC0
:1047D00084ED071A5DE0022E3DD1B5F9000000EE30
:1047E000100AB8EEC00ADFED2D0A20EE200AF0EE26
:1047F000408AB5F9020000EE100AB8EEC00AF1EEE8
:10480000080A20EE200AF2EE0E0A80EE201AB0EE20
:10481000419AF0EE480AB0EE490A04F1180004F09B
:104820002BFFDFED1F0AB0EE680A204603F064FE9E
:10483000F2EE0E0A80EE201A84ED051AB5F9040096
:1048400000EE100AB8EEC00ADFED130A80EE201A5F
:1048500084ED071A1DE0042E1BD1B5F9020000EE0D
:10486000100AB8EEC00AF1EE080A20EE200AF2EEB5
:104870000E0A80EE201A84ED061AB5F9040000EE47
:10488000100AB8EEC00ADFED040A80EE201A84EDAB
:10489000071ABDEC048B70BDCDCC4C44FFFF333DFB
:1048A0000000B443F0B50446012B1BD1DFED2F0A05
:1048B000B4EEE00AF1EE10FA02D8DFED2C0A0BE0BC
:1048C000DFED2B0AB4EEE00AF1EE10FA02DBDFEDC9
:1048D000280A01E0F0EE400AFDEEE00A10EE905AE0
:1048E00028B223E00BBBBBEE021AB4EEC10AF1EE14
:1048F00010FA02D8BBEE021A0BE0B3EE021AB4EEC5
:10490000C10AF1EE10FA02DBB3EE021A01E0B0EEDA
:10491000401AF0EE410A9FED171A20EE811ABDEE03
:10492000C11A11EE105A28B200E00020B1F5007F44
:104930000BD1012A19DB042A17DC561E7500C0F3BF
:10494000072666556E1CA0550FE040F2FF15A942E0
:104950000BD1052A09DB082A07DC561F7500C0F3B6
:10496000072666556E1CA05500BFF0BD00007AC634
:1049700000007A46CDCC4C4410B510481049086070
:104980000320486000210E488160C1604FF420215F
:1049900001614FF4801141610021017601214176CE
:1049A000002181760121C176002101774177FDF751
:1049B00043FE08B1FDF797F910BD00000064004008
:1049C000EC0A002010B51048104908600620486025
:1049D00000210E488160C1604FF4403101614FF405
:1049E000801141610021017601214176002181760B
:1049F0000121C176002101774177FDF71DFE08B145
:104A0000FDF771F910BD000000680040140B002094
:104A100010B50548054908600846FDF7F2FF08B1E2
:104A2000FDF761F910BD00000030024020000020B9
:104A300008B500BF002000901248006840F4001044
:104A4000104908600846006800F40010009000BF9C
:104A500000BF002205210D20FEF744FD0D20FEF7CA
:104A60002DFD002205210F20FEF73CFD0F20FEF753
:104A700025FD002205211120FEF734FD1120FEF74F
:104A80001DFD08BD3038024000B5B1B01C222A49D6
:104A90002AA8FBF7EBFE00212AA805F08EF927498A
:104AA00008601C2224491C3123A8FBF7DFFE0021EB
:104AB00023A805F082F9224908601C221E493831DA
:104AC0001CA8FBF7D3FE00211CA805F076F91D49B0
:104AD00008601C221849543115A8FBF7C7FE0021B5
:104AE00015A805F06AF9184908601C2212497031AE
:104AF0000EA8FBF7BBFE00210EA805F05EF91349D6
:104B000008601C220C498C3107A8FBF7AFFE00217E
:104B100007A805F052F90E4908601C220649A83181
:104B20006846FBF7A3FE0021684605F046F90949EF
:104B3000086031B000BD000064CC00080000002017
:104B400004000020080000200C00002010000020BD
:104B5000140000201800002008B500BF00200090BD
:104B60001D48006840F080001B4908600846006846
:104B700000F08000009000BF00BF00BF0020009048
:104B80000846006840F0010008600846006800F030
:104B90000100009000BF00BF00BF00200090084649
:104BA000006840F0020008600846006800F002005B
:104BB000009000BF00BF00BF0020009008460068C2
:104BC00040F0040008600846006800F0040000900F
:104BD00000BF00BF08BD00003038024010B50B48D0
:104BE0000B4908600B484860002109488160C1609A
:104BF0004FF480410161002141618161C161016225
:104C0000FEF774FA08B1FDF76EF810BD00580040C9
:104C10003C0B0020A086010010B50B480B49086032
:104C20004FF4E1304860002108488160C1600161B3
:104C30000C21416100218161C161FFF72DFB08B1A9
:104C4000FDF751F810BD0000004C0040900B002013
:104C500010B50B480B4908604FF4E1304860002163
:104C600008488160C16001610C21416100218161BE
:104C7000C161FFF711FB08B1FDF735F810BD000069
:104C800000440040D80B002000BFFEE700BFFEE755
:104C900000B5F0EE402AB0EE603AB0EE412A04F0E2
:104CA00045FCF0EE430AB0EE620A01F009FEF0EEB8
:104CB000430AB0EE420AFCF727FE024890ED000AD4
:104CC00000BD0000E8AD0020B0EE401A816891ED13
:104CD000010A6E4981ED000A00211AE04A1C83682E
:104CE00003EB820292ED000A684AD2ED001A30EE20
:104CF000610A03EB810282ED000A4A1CC36803EBE0
:104D0000820292ED000A03EB810282ED000A4A1C46
:104D100091B20288521E8A42E0DC0188891E8268B4
:104D200002EB810191ED000A30EE010A0188491E73
:104D300002EB810181ED000A0188491EC26802EB85
:104D40008101C1ED000A02884168914202D24168A6
:104D5000491C41600021C161016241628162028897
:104D60008388D21A91B237E0826802EB8102D2EDD9
:104D7000001A826802EB810292ED002A90ED070A88
:104D800001EE820A80ED070A826802EB810292ED51
:104D9000000AD0ED081A30EE210A80ED080A826878
:104DA00002EB8102D2ED001AC26802EB810292EDA1
:104DB000002A90ED090A01EE820A80ED090AC26814
:104DC00002EB810292ED000AD0ED0A1A30EE210AC0
:104DD00080ED0A0A4A1C91B202888A42C4DCD0EDF6
:104DE000091A018800EE101AB8EE400A21EE800A76
:104DF000D0ED081A90ED0A2A01EEC20A90ED072ABA
:104E000001EE901AF8EE611A62EE211A90ED082A6E
:104E1000D0ED082A42EE621A80EE212A80ED042AA3
:104E20009FED1B0A80ED060A02888388D21A91B290
:104E30001BE0826802EB8102D2ED001A90ED050AB8
:104E400090ED042A02EE210AC26802EB8102D2ED43
:104E5000001A30EE610AB0EEC00AD0ED061A30EE4C
:104E6000210A80ED060A4A1C91B202888A42E0DCDF
:104E7000D0ED061A018800EE101AB8EE400A81EE55
:104E8000802A80ED062A90ED040A7047EC0300208A
:104E90000000000070B504460D46258000206060CB
:104EA000A800FBF76FFAA060A800FBF76BFAE060C0
:104EB0009FED0A0A84ED040A9FED080A84ED050AB5
:104EC000A900A068FBF72EFDA900E068FBF72AFD0A
:104ED0000020E06120626062A06270BD00000000FE
:104EE0004FF47A7006F0FAF830E0002407E004EBA3
:104EF0004402174901EBC200FFF7B8FB641C042C05
:104F0000F5DB002408E004EB44021149603101EBB9
:104F1000C200FFF7ABFB641C042CF4DB002408E0A8
:104F200004EB44010A4A303A02EBC100FFF79EFB52
:104F3000641C022CF4DB0648C030FFF797FB0448E2
:104F4000F030FFF793FBC82006F0C8F8CDE700006B
:104F500080AE002010B52DED028B0446B0EE408AE5
:104F6000F0EE608A94F89C0000F0800010B12046BA
:104F700004F0BCF904F19000FCF75AFE84ED250A18
:104F800084ED048AC4ED008A94ED000AD4ED040A8D
:104F900030EE600A84ED060AD4F8B00018B120465D
:104FA000D4F8B010884794ED060AB5EEC00AF1EEC9
:104FB00010FA02DD94ED060A03E094ED060AB1EE64
:104FC000400AD4ED120AB4EEE00AF1EE10FA7BDDED
:104FD000D4F89800D8BB94ED010AD4ED060A20EE6F
:104FE000200A84ED090A94ED020AD4ED060A20EEA7
:104FF000200AD4ED250A20EE200A84ED0C0AB4F82C
:105000006000022812DD94ED061AF0EE410A94EDDC
:10501000251AB0EE410A04F16400FFF755FED4ED05
:10502000030A20EE200A84ED0B0A64E094ED060AE0
:10503000D4ED070A30EE600AD4ED030A20EE200A10
:10504000D4ED250A80EE201A84ED0B1A53E0FFE719
:10505000243414ED080A606FD0ED000A30EE200A07
:1050600054ED030A20EE200A84ED000A14ED070A2D
:10507000606FD0ED010A30EE200A54ED030A20EEF5
:10508000200AD4ED1C0A20EE200A84ED030AA08F2A
:10509000243C022819DD94ED061AF0EE410A94ED45
:1050A000251AB0EE410A04F16400FFF70DFED4EDBD
:1050B000030AD4F8980090ED021A70EE810A20EEEF
:1050C000200A84ED0B0A16E066E094ED030AD4F89A
:1050D0009800D0ED020A30EE200AD4ED060A94EDD5
:1050E000071A70EEC10A20EE200AD4ED250A80EEE0
:1050F000201A84ED0B1AD4F8B40018B12046D4F865
:10510000B410884794F89C0000F0040010B12046C9
:1051100004F05DF994F89C0000F0200010B12046E6
:1051200003F050FF94F89C0000F0020010B12046FC
:1051300003F0CDFF94F89C0000F0400010B1204631
:1051400003F0A4FF94F89C0000F0010010B1204689
:1051500004F022F894ED0A0AD4ED0C0A30EE200A8D
:1051600084ED0A0A94ED090AD4ED0A0A30EE200A09
:10517000D4ED0B0A30EE200A84ED0D0A94F89C0061
:1051800000F0100010B1204604F070F8204604F042
:105190008EF8204604F0FCF894ED040A84ED050A2C
:1051A00094ED0D0A84ED0E0A94ED0B0A84ED0F0ABE
:1051B00094ED060A84ED070A94ED0C0A84ED080AC2
:1051C00094ED0D0ABDEC028B10BD000070B52DED05
:1051D0000A8B0446B0EE408AF0EE608AB0EE419A47
:1051E000F0EE619AB0EE42AAF0EE62AAB0EE43BAD7
:1051F000F0EE63BAB0EE44CAF0EE64CA0D4616464D
:1052000084ED129AC4ED118A84ED108A9FED170A7D
:1052100084ED000AC4ED019A84ED02AAC4ED03AA4C
:105220009FED120A84ED0C0A84ED14BAC4ED15BA90
:1052300084ED16CAC4ED17CAA4F86050294604F1DB
:105240006400FFF727FE04F19000FCF7F1FC04F87E
:105250009C6F00216160A1609C3CA82001559FEDDE
:10526000030A84ED0D0ABDEC0A8B70BD000000003E
:105270002DED028B82B0FCF7F9FA91E006F010FEFA
:105280000190FCF7CFFB474890F85D0F072828D125
:105290004548408900EE100AB8EE400ADFED430AA7
:1052A000B4EEE00AF1EE10FA02D89FED400A15E0E4
:1052B0003D48408900EE100AB8EE400ADFED3C0A96
:1052C000B4EEE00AF1EE10FA02DB9FED390A05E0D8
:1052D0003548408900EE100AB8EE400AB0EE408A28
:1052E00027E03148408900EE100AB8EE400ADFEDB1
:1052F0002F0AB4EEE00AF1EE10FA02D89FED2B0A65
:1053000015E02948408900EE100AB8EE400ADFEDAA
:10531000280AB4EEE00AF1EE10FA02DB9FED240A4F
:1053200005E02148408900EE100AB8EE400AB0EED0
:10533000408A2048008900EE900AF8EE600AB0EE3C
:10534000600AB0EE481AF0EE480AFFF7A1FC1A49CD
:105350000868C11700EB91718910A0EB8101B1B908
:10536000164890ED010ABCEEC00A10EE100A81B298
:10537000134801F0B9FF1348FCF75AFC124880EDBE
:10538000000A082350220E491048FCF757FA0A4831
:105390000068401C08490860012101A805F0CCFE06
:1053A0006CE70000409D0020C3AF002000000C42CD
:1053B0000000FA42D0AF00203C010020E8AD002000
:1053C000240100203801002034010020EC0A0020D4
:1053D00030B52DED108B87B00446B0EE409A9FEDAE
:1053E000F70AF0EE40DA9FEDF50AB0EE40EA9FEDE5
:1053F000F30AF0EE40EA9FEDF10AB0EE40FA9FEDBD
:10540000EF0AF0EE40FA9FEDED0A84ED240A002544
:10541000ABE0EB48405D032803D0E948405D00283D
:105420007DD104F1100000EB850090ED000A60EEE4
:1054300000AA04EB850090ED000A04F1100000EBD7
:105440008500D0ED000A20EE20BA04EB850090ED37
:10545000000A20EE000A10EE101A084607F086FB3C
:10546000CDE904019DED040B03F0C9F8B0EE40CA8C
:10547000F0EE60CA51EC1C0B06F06CFF09EE900ACE
:1054800004F1200000EB850090ED000A20EE00DA28
:1054900004EB850090ED000A04F1200000EB85008C
:1054A000D0ED000A60EE20BA3DEEAA0AF0EE40DA36
:1054B0003EEE0B0AB0EE40EA3FEE290AB0EE40FAAB
:1054C0003FEE8D0AF0EE40FA3EEEAB0AF0EE40EA17
:1054D00094ED330A20EE2A0A04F1300000EB850037
:1054E00080ED000A94ED350A20EE0B0A04F140002D
:1054F00000EB850080ED000A94ED340A20EE290AC5
:1055000004F1500000EB850080ED000A04F130004A
:1055100000EB850090ED000A04F1400000E023E07C
:1055200000EB8500D0ED000A30EE200A04F15000B7
:1055300000EB8500D0ED000A30EE200AD4ED360AEB
:1055400030EE200A04F1640000EB850080ED000AD3
:1055500094ED240A04F1640000EB8500D0ED000A0C
:1055600030EE200A84ED240A6D1C94F9A400A842B0
:105570003FF74FAF84ED289AC4ED2BDA84ED2AEA89
:1055800084ED2CFAC4ED2EFAC4ED2DEA002004E0DF
:10559000002204F160010A54401C94F9A4108142D5
:1055A000F6DC94ED240AB4EEC90AF1EE10FA72DDCD
:1055B00084ED259A9FED810A84ED260A9FED7F0AEE
:1055C00084ED270A94F8E00000285ED100BF2EE0A9
:1055D00004F1640101EB800191ED000ADFED790A2D
:1055E000B4EEE00AF1EE10FA10D894ED250A04F1B9
:1055F000640101EB8001D1ED000A30EE600A84ED18
:10560000250A012204F160010A540FE094ED260AF4
:1056100004F1640101EB8001D1ED000A30EE200AB3
:1056200084ED260A022204F160010A54401C94F918
:10563000A4108142CCDC94ED260AD4ED250AB4EE08
:10564000E00AF1EE10FA1FDB002019E004F160011E
:10565000095C022913D104F1640101EB800191ED91
:10566000000AD4ED250A20EE200AD4ED260A80EEA9
:10567000201A04F1640101EB800181ED001A401C45
:1056800094F9A4108142E1DCABE094F8E000012839
:1056900070D100255FE099E004F1640000EB850023
:1056A00090ED000ADFED470AB4EEE00AF1EE10FAE1
:1056B00010D894ED250A04F1640000EB8500D0EDCC
:1056C000000A30EE600A84ED250A012104F1600031
:1056D00041553FE004F1640000EB850090ED000AC5
:1056E00010EE101A084607F041FACDE900019DEDD1
:1056F000000B02F07AFFB0EE40CAF0EE60CA94ED03
:10570000260A10EE101A084607F030FA53EC1C2B4C
:10571000CDE902019DED020B51EC100B06F04CFEA1
:10572000CDE904019DED040B51EC100B06F012FEC7
:10573000C4F8980094ED270A04F1BC0000EB850042
:10574000D0ED000A30EE200A84ED270A022104F190
:10575000600041556D1C94F9A400A8429CDC94EDB6
:10576000260AD4ED250AB4EEE00AF1EE10FA38DB91
:1057700000201EE035E004F16001095C022917D128
:1057800004F1BC0101EB800191ED000AD4ED250A82
:1057900020EE200AD4ED270A9FED0B1A70EE810A45
:1057A00080EE201A04F1640101EB800181ED001A02
:1057B000401C94F9A4108142DDDC12E000000000DE
:1057C00044AE002017B7D138BD378635002004E03D
:1057D000032204F160010A54401C94F9A410814290
:1057E000F6DC0025D3E004F16000405D012804D020
:1057F00004F16000405D032808D1B7EE000A04F10F
:10580000740000EB850080ED000ABFE004F1600049
:10581000405D022864D104F1300000EB850090ED7A
:10582000008A04F1400000EB8500D0ED008A04F10D
:10583000500000EB850090ED000AD4ED360A30EE02
:10584000200A04F1640000EB8500D0ED000A30EE80
:1058500060AA28EEA80AF1EE000A68EE200A00EE1F
:10586000CA0A5FED270AB4EEE00AF1EE10FA38D862
:10587000B0EE000A28EE000AF1EE680A80EE801A07
:1058800004F1740000EB850080ED001A04F174004F
:1058900000EB850090ED000AB5EEC00AF1EE10FABB
:1058A00002D81FED3A0A15E004F1740000EB850000
:1058B00090ED000AF7EE000AB4EEE00AF1EE10FAFD
:1058C00002DBB7EE000A05E004F1740000EB85008E
:1058D00090ED000A04F1740000EB850080ED000AF1
:1058E00054E028EEA80AF1EE000A68EE200A00EE65
:1058F000CA0A5FED4B0AB4EEE00AF1EE10FA45DD9C
:1059000068EEA80AB1EE001A2AEE011A41EE480A22
:10591000B0EE600A01F074FEF1EE680A70EE200A43
:10592000B0EE001A80EE810AC0EE080A04F174009D
:1059300000EB8500C0ED000A04F1740000EB850067
:1059400090ED000AB5EEC00AF1EE10FA02D81FED94
:10595000650A15E004F1740000EB850090ED000A83
:10596000F7EE000AB4EEE00AF1EE10FA02DBB7EE51
:10597000000A05E004F1740000EB850090ED000AD8
:1059800004F1740000EB850080ED000A6D1C94F9B1
:10599000A400A8423FF727AF204604F071FA07B0F1
:1059A000BDEC108B30BD000010B5012901DC0124D5
:1059B00004E0042901DB042400E00C4664B200F892
:1059C000A44F427080F83C304478A438042C10D1A5
:1059D0009FED120A80ED330A9FED100A80ED350A23
:1059E0009FED0E0A80ED340A9FED0C0A80ED360A19
:1059F00013E090F8A540012C0FD19FED090A80ED2E
:105A0000330A9FED080A80ED350A9FED070A80ED05
:105A1000340AB7EE000A80ED360A10BD000000001F
:105A2000D871DE3E9A99993E73F70C3D70B52DED15
:105A3000028B04460D461646F0EE408AB1EE000A8F
:105A4000B0EE408A25706670C4ED018A00EE105AEF
:105A5000B8EE400A28EE000ABCEEC00A10EE100AAA
:105A6000FAF790FC606100EE105AB8EE400A28EE9A
:105A7000000ABCEEC00A10EE101A6069FAF752FF75
:105A80000122294604F16C006369FBF770F900EE0E
:105A9000106AB8EE400A28EE000ABCEEC00A10EE0A
:105AA000100AFAF76FFCE06000EE106AB8EE400AE8
:105AB00028EE000ABCEEC00A10EE101AE068FAF7F1
:105AC00031FF0122314604F15C00E368FBF74FF936
:105AD00000EE105AB8EE400A68EE000A00EE105AC6
:105AE000B8EE400A20EE800ABCEEC00A10EE100AA2
:105AF000FAF748FCE06100EE105AB8EE400A68EE92
:105B0000000A00EE105AB8EE400A20EE800ABCEE01
:105B1000C00A10EE101AE069FAF704FF2A46294677
:105B200004F17C00E369FBF722F900EE105AB8EEAD
:105B3000400A68EE000A00EE106AB8EE400A20EE55
:105B4000800ABCEEC00A10EE100AFAF71BFC2061B6
:105B500000EE105AB8EE400A68EE000A00EE106A35
:105B6000B8EE400A20EE800ABCEEC00A10EE101A11
:105B70002069FAF7D7FE3246294604F1640023690A
:105B8000FBF7F5F800EE105AB8EE400A68EE000A8E
:105B900000EE106AB8EE400A20EE800ABCEEC00AA1
:105BA00010EE100AFAF7EEFBA06200EE105AB8EE03
:105BB000400A68EE000A00EE106AB8EE400A20EED5
:105BC000800ABCEEC00A10EE101AA06AFAF7AAFE0C
:105BD0002A46314604F19C00A36AFBF7C8F800EEA0
:105BE000105AB8EE400A68EE000A00EE106AB8EEED
:105BF000400A20EE800ABCEEC00A10EE100AFAF746
:105C0000C1FBA06000EE105AB8EE400A68EE000A30
:105C100000EE106AB8EE400A20EE800ABCEEC00A20
:105C200010EE101AA068FAF77DFE3246294604F1FC
:105C30005400A368FBF79BF800EE105AB8EE400A38
:105C400068EE000A00EE105AB8EE400A20EE800A14
:105C5000BCEEC00A10EE100AFAF794FB206200EEC8
:105C6000105AB8EE400A68EE000A00EE105AB8EE7C
:105C7000400A20EE800ABCEEC00A10EE101A206A1C
:105C8000FAF750FE2A46294604F18C00236AFBF7F6
:105C90006EF8002009E0B7EE000A00FB0502216A59
:105CA00001EB820181ED000A401CA842F3DB00EE0B
:105CB000106AB8EE400A68EE000A00EE106AB8EE0C
:105CC000400A20EE800ABCEEC00A10EE100AFAF775
:105CD00059FB606200EE106AB8EE400A68EE000AF6
:105CE00000EE106AB8EE400A20EE800ABCEEC00A50
:105CF00010EE101A606AFAF715FE3246314604F1CA
:105D00009400636AFBF733F8002007E000FB06020B
:105D1000616A01EB8201C1ED008A401CB042F5DBF3
:105D200000EE105AB8EE400A68EE000A00EE105A73
:105D3000B8EE400A20EE800ABCEEC00A10EE100A4F
:105D4000FAF720FBE0622A46294604F18400E36A60
:105D5000FBF70DF800EE105AB8EE400A28EE000AE4
:105D6000BCEEC00A10EE100AFAF70CFBA06101228B
:105D7000294604F17400A369FAF7F9FF00EE105AFE
:105D8000B8EE400A68EE000A00EE106AB8EE400A6B
:105D900020EE800ABCEEC00A10EE100AFAF7F2FA02
:105DA00020633246294604F1A400236BFAF7DFFF93
:105DB00000EE106AB8EE400A68EE000A00EE106AC3
:105DC000B8EE400A20EE800ABCEEC00A10EE100ABF
:105DD000FAF7D8FA60633246314604F1AC00636BDF
:105DE000FAF7C5FF00EE106AB8EE400A68EE000A46
:105DF00000EE106AB8EE400A20EE800ABCEEC00A3F
:105E000010EE100AFAF7BEFAA0633246314604F1EA
:105E1000B400A36BFAF7ABFF00EE106AB8EE400ACD
:105E200068EE000A00EE106AB8EE400A20EE800A22
:105E3000BCEEC00A10EE100AFAF7A4FAE06332468C
:105E4000314604F1BC00E36BFAF791FF00EE105A03
:105E5000B8EE400A68EE000A00EE105AB8EE400AAA
:105E600020EE800ABCEEC00A10EE100AFAF78AFA99
:105E700020642A46294604F1C400236CFAF777FF10
:105E800000EE105AB8EE400A68EE000A00EE105A12
:105E9000B8EE400A20EE800ABCEEC00A10EE100AEE
:105EA000FAF770FA60642A46294604F1CC00636C64
:105EB000FAF75DFF00EE106AB8EE400A28EE000A1D
:105EC000BCEEC00A10EE100AFAF75CFAA0640122D8
:105ED000314604F1D400A36CFAF749FF00EE106AD2
:105EE000B8EE400A28EE000AF7EE000A20EE200A7B
:105EF000BCEEC00A10EE100AFAF744FAE064012280
:105F0000314604F1DC00E36CFAF731FF00EE105A81
:105F1000B8EE400A28EE000ABCEEC00A10EE100AE5
:105F2000FAF730FA20650122294604F1E400236DD6
:105F3000FAF71DFFBDEC028B70BD70B504462378E7
:105F40009B00257813FB05F2E169E06AFAF78EFC05
:105F500023789A00D4E90510FAF788FC04F1A4022A
:105F600004F1640104F18400FBF780F884F8EC008C
:105F700004F19C0104F16400FBF76AF984F8EC0079
:105F800004F1AC0204F1A40104F19C00FBF76EF8EB
:105F900084F8EC0004F1B40204F1AC0104F19400C3
:105FA000FAF788FE84F8EC0004F1BC0104F1B400B7
:105FB000FAF7E2FE84F8EC0004F1540204F1BC01AB
:105FC00004F1A400FBF752F884F8EC0004F1C402D9
:105FD00004F19C0104F15400FBF748F884F8EC004C
:105FE00004F1CC0204F1C40104F18C00FBF7D2F8F7
:105FF00084F8EC0004F17C0204F1840104F1CC008B
:10600000FBF734F884F8EC0000200EE0E16901EBC6
:10601000800191ED000AD4ED010A80EE201AE169B9
:1060200001EB800181ED001A401C217811FB01F188
:106030008142EBDC04F1D40204F1740104F19C0010
:10604000FBF714F884F8EC0004F1DC0204F1D4014D
:1060500004F15C00FBF79EF884F8EC0004F1E40224
:1060600004F1DC0104F15400FBF700F884F8EC00C3
:1060700004F16C0204F1E40104F17400FAF71AFE71
:1060800084F8EC0070BD000010B500F089FE4FF4FC
:1060900080620749074803F0EAF94FF400720649A5
:1060A000A1F5007000F01EFF642003F075FE10BD26
:1060B000B094002098940020399B00202DE9F041F5
:1060C00086B007460C4690461D46284600F0C0F8AC
:1060D000064640F2A23064214FF4E672CDE9040690
:1060E000CDE902210320022101234246CDE900101F
:1060F0000CA1384602F00CF840F2DE30642140F288
:10610000B452CDE90406CDE9022103200221012386
:106110004246CDE9001004A1204601F0F9FF06B087
:10612000BDE8F0814C4C4C00524C4C00014631B162
:10613000012906D0022906D0032908D105E005A0CF
:10614000704708A0FCE70BA0FAE70EA0F8E701A053
:10615000F6E700004E4F5F41494D202020202020CF
:10616000000000005354414E444152442041494DE7
:1061700000000000534D414C4C2042554646202023
:10618000000000004249472042554646202020207A
:1061900000000000014631B1012906D0022906D0D5
:1061A000032908D105E005A0704707A0FCE709A076
:1061B000FAE70BA0F8E701A0F6E70000444F574EBE
:1061C00020202020000000004E4F545F464F4C4CD2
:1061D00000000000464F4C4C4F57202000000000AC
:1061E000524F54415445202000000000014605292B
:1061F0000ED2DFE801F0030507090B0005A0704788
:1062000007A0FCE709A0FAE70BA0F8E70DA0F6E766
:1062100000A0F4E7444F574E20202020000000004B
:106220004143542020202020000000004155544FBD
:1062300041494D2000000000534D415F4255464604
:10624000000000004249475F4255464600000000FA
:10625000024602F23B6000EB80004000642390FBAA
:10626000F3F0C0F51671C82900DAC821B1F5617FD5
:1062700001DD4FF4617188B27047000030B501460E
:1062800009B9002030BD002008703D48007800F0BA
:10629000020028B13B4800793B4D2D78A84202D03E
:1062A00001200870EEE73648007800F0040038B1AD
:1062B0003648407800F00100354D2D78A84203D0D3
:1062C000022008700120DDE72D48007800F008006A
:1062D00038B12E484078C0F343002E4D2D78A842A7
:1062E00003D0032008700120CCE72548007800F097
:1062F000100028B12548C079274D2D78A84203D039
:10630000042008700120BDE7244890F830010228DD
:1063100005D1234800880A2801D8012000E0002088
:1063200004461748007800F0800018B11D48007836
:10633000A04203D0072008700120A3E71A48D0ED3F
:10634000020AB2EE041AB6EE000A00EE810ABCEEB2
:10635000C00A10EE100A83B2144800881A1A002AE4
:1063600000DA52420648007800F0200008B1052A01
:1063700003DB05200870012084E7002082E700008D
:106380005C010020C9AC00205E0100200C0100204F
:106390005F010020600100206101002050AE00205C
:1063A0001304002064010020E8AD002062010020F9
:1063B00010B504461548007800B910BD144800789F
:1063C00014490978884208D11348007828B1134845
:1063D000B0F90000844200D1EFE70E4800780C4984
:1063E0000870234602220E49A1F10F00FFF766FE56
:1063F000064802780A491C39022001F0ABFF074821
:10640000048001200449087000BFD6E7C3AF002014
:1064100072010020550100206E0100207001002053
:1064200006B100202DE9F04F8DB004460F46BE485E
:10643000007808B1082C02D30DB0BDE8F08F00F051
:1064400023FA0120A040B9490988084008B1022078
:1064500000E001208146202105A8FAF763FA082C04
:106460007AD2DFE804F00439608EB2E3FBFA3E46EC
:10647000002E01DA704200E03046824664209AFB2A
:10648000F0F100FB11AB9AFBF0F0A9490490887879
:10649000FFF7ACFE03900498002E01DAA5A100E0FE
:1064A000A5A1CDE9010B0091A4A21E2105A8039B83
:1064B000FAF736F805A840F2EE213C220323CDE995
:1064C0000132CDE903101820112302224946009021
:1064D000A0A000F089F91CE195490879FFF75AFE60
:1064E00083465B469CA21E2105A8FAF719F805A869
:1064F0004FF42F713C220323CDE90132CDE9031083
:106500000C20112302224946009095A000F06CF95E
:1065100087480079934908709348008840F002004A
:1065200091490880F5E09148407800F0010008B1F9
:106530008FA000E090A040F28A213C220323CDE905
:106540000132CDE90310072000908848407800F020
:10655000010010B1022001E0DAE00320024611231D
:10656000494687A000F040F98048407800F00100DB
:10657000844908707C48008840F004007A4908800B
:10658000C7E07A494978C1F34300FFF7CFFD83465E
:106590004FF42F704FF4A0610322CDE9030BCDE936
:1065A00001210C2014234946009077A000F01CF92B
:1065B0006E484078C0F34300744908706A48008808
:1065C00040F0080068490880A3E06848C0790A21C3
:1065D000B0FBF1F201FB120B6448C079B0FBF1F0A3
:1065E00003466BA21E21CDF800B0049005A8F9F770
:1065F00097FF05A840F24E2140F2B4520323CDE9A3
:106600000132CDE903100F200346022249460090D3
:1066100063A000F0E9F85548C07962490870524813
:10662000008840F010005049088072E05E48D0EDCC
:10663000020AB2EE041AB6EE000A00EE810ABCEEBF
:10664000C00A10EE100A85B20A20B5FBF0F100FB7B
:10665000115BB5FBF0F0034601E026E021E053A218
:106660001E21CDF800B0049005A8F9F759FF05A840
:106670006E214FF457720323CDE90132CDE90310A7
:106680000C2019230222494600904BA000F0ACF8E0
:106690004A4805803448008840F02000324908808C
:1066A00037E0484600F04AFE33E04548B0F8008045
:1066B000444890F83001022804D1B8F10A0F01D8FB
:1066C00041A000E043A04FF448714FF4347203231B
:1066D000CDE90132CDE903100A203C2303224946CB
:1066E00000903FA000F080F8364890F83001022872
:1066F00004D1B8F10A0F01D8012000E00020394987
:1067000008701948008840F080001749088000E0B0
:1067100092E600BF0120A04080B2044909880843E6
:106720000249088000BF87E6C3AF0020580100205F
:10673000C9AC00202D0000000000000047494D3A80
:10674000252D387320503A257325642E2530326468
:106750000000000067696D004348413A257300005E
:10676000636861005E0100205C0100200C010020D4
:106770005043203A4F4E20005043203A4F464600A7
:10678000706320005F01002061696D0060010020DE
:106790004652495F53504545443A25752E257500AC
:1067A0005350440061010020E8AD00204341503ABD
:1067B00025752E25755600004341500062010020CA
:1067C0001304002050AE002042555920414D4D4F3A
:1067D0002100000020202020202020202020000058
:1067E000616D6D00640100202DE9F04F8FB0064609
:1067F0000F4690469946DDE9184BDDF870A01E2C37
:1068000000D91E2420221E2107A8FAF761F82022B1
:106810001E211448FAF75CF85046F9F7C3FF054605
:10682000A54200D925462A46514607A8F9F7D9FFBF
:1068300007AADDE91A100223CDE9024BCDE9008950
:10684000CDE9050204913A46314606480F3801F079
:10685000F7FC0548017803481C3801F015FE0FB01D
:10686000BDE8F08F05B20020C3AF002010B500F0E6
:106870000BF804480088FF2801D0012010BD00203B
:10688000FCE7000058010020084800780849097812
:1068900088420AD00648007804490870002005495B
:1068A0000870054908800549088070475A01002092
:1068B0005501002056010020580100205C010020F5
:1068C0003548007F78B3012817D0022842D1B3EEB3
:1068D0000E1AB4EEC10AF1EE10FA0AD2B2EE041AA0
:1068E000B4EEC10AF1EE10FA01D3012002E000205B
:1068F00000E002202849087730E09FED281AB4EE26
:10690000C10AF1EE10FA01DD022009E0B2EE041A2C
:10691000B4EEC10AF1EE10FA01D3012000E000202C
:106920001D4908771AE0FFE79FED1C1AB4EEC10A73
:10693000F1EE10FA01DD022009E0B3EE0E1AB4EE1A
:10694000C10AF1EE10FA01DD012000E00020124939
:10695000087703E000201049087700BF00BF0E4809
:10696000007F012805D002280BD10B48C0ED010A99
:106970000FE09FED0B1A20EE811A074880ED011AF7
:1069800007E09FED081A20EE811A034880ED011AF6
:1069900000BF00BF70470000E8AD00200000484283
:1069A000CDCC4C3F9A99193F08B54748006800681C
:1069B00000F0200060B100BF002000904248006855
:1069C00000680090404800684068009000BF79E08F
:1069D0003D480068006800F01000002872D000BF39
:1069E0000020009038480068006800903648006831
:1069F0004068009000BF00BF34480068006800F4A1
:106A0000002078BB31480068006820F001002F4961
:106A1000096808602D4800684068C0F500702C497E
:106A200008804FF4007029490968486027480068C9
:106A3000006840F400202549096808602348006880
:106A4000006840F001002149096808602048028878
:106A50002049214802F016FD9FED200A2048FDF74D
:106A60000FFE2FE0FFE719480068006820F00100E2
:106A7000164909680860154800684068C0F500704C
:106A8000134908804FF400701049096848600F48A6
:106A90000068006820F400200C49096808600B4871
:106AA0000068006840F0010008490968086008486B
:106AB00002880C49084802F0E5FC9FED080A0848E6
:106AC000FDF7DEFD08BD0000900B0020200C00202B
:106AD000F00000203999002098940020CDCC4C3E45
:106AE00070AF0020399B002038B50446002000908C
:106AF00000258D4821680160217901716D1D6019A3
:106B000000880090AD1CBDF8001040F20A22881ADF
:106B1000914273D024DC40F20222A1EB02009142A8
:106B200066D015DC40F20112A1EB0200914246D082
:106B300006DC01292ED0022937D0032971D138E093
:106B4000032841D0042846D0B0F5807FF6D149E033
:106B5000082866D2DFE800F0E5535CE5666A7D84CC
:106B6000F92871D00EDC04286FD006DC01286DD026
:106B700002286CD00328E1D18AE0F72868D0F828F1
:106B8000DCD197E0FA380628E3D2DFE800F0A3ACC6
:106B9000B2B9BFC56019654902680A6042684A60B7
:106BA00002890A81807A8872BCE06148615D017067
:106BB000B8E0611910225F48F9F713FEB2E06119DD
:106BC0005D4809680160ADE060195C4902880A808F
:106BD00080788870A6E06019594902880A80807818
:106BE00088709FE061190D225648F9F7FAFD99E087
:106BF00061190E225448F9F7F4FD93E037E060196B
:106C0000524902680A6042684A608068886089E088
:106C100061194F480A6802608A8882808979817187
:106C200080E07EE04B48615D01707BE060194A497D
:106C300002680A6082888A80807988714748806803
:106C4000401C464988606DE039E028E016E01BE012
:106C500029E0611942480A6802604968416061E0C0
:106C6000611940480A680260097901715AE06119A6
:106C70003D480A6802608988818053E061192822B2
:106C80003A48F9F7AEFD4DE03948615D017049E0E1
:106C9000611938480A6802608988818042E0364874
:106CA000615D01703EE0611934480A6802608988BC
:106CB000818037E0611932480968016032E060196B
:106CC000304902680A6042684A6002890A81807A13
:106CD000887227E061192C480A6802604A6842609D
:106CE000896881601EE0611918222848F9F779FD4A
:106CF00018E06019264902680A604068486011E09F
:106D0000611969222348F9F76CFD0BE06119222211
:106D10002148F9F766FD05E061192048096801601E
:106D200000E000BF00BF38BDF4030020A8AF002082
:106D3000F9030020B3AF0020FA030020FE03002077
:106D400001040020C3AF0020D0AF0020DEAF002040
:106D5000040400200B0400200C04002008AE0020D6
:106D6000130400201B04002020040020EAAF0020B0
:106D700026040020270400202D0400202E040020DB
:106D80003404002012B000201DB0002029B00020E3
:106D90003804002041B00020AAB0002040040020A8
:106DA00010B5334800210160017132480160416033
:106DB000018181723048017010213048F9F790FD4F
:106DC0002F48002101602F48018081702E480180EA
:106DD00081700D212D48F9F783FD0E212C48F9F71C
:106DE0007FFD2C4800210160416081602A480160DC
:106DF00081808171294801702948016081808171F9
:106E000028480160416028480160017127480160FD
:106E1000818028212648F9F763FD2648002101706A
:106E200025480160818025480170254801608180E6
:106E30002448016024480160416001818172234837
:106E400001604160816018212148F9F749FD21481E
:106E500000210160416069211F48F9F741FD2221AD
:106E60001E48F9F73DFD1E480021016010BD0000DD
:106E7000F4030020A8AF0020F9030020B3AF0020E6
:106E8000FA030020FE03002001040020C3AF00200D
:106E9000D0AF0020DEAF0020040400200B0400204F
:106EA0000C040020130400201B04002020040020F8
:106EB000EAAF002026040020270400202D04002033
:106EC0002E0400203404002012B000201DB0002049
:106ED00029B000203804002041B00020AAB00020D2
:106EE0004004002010B5414B1B685B6943F0400330
:106EF0003E4C246863613D4B1B685B6943F0800333
:106F00003A4C24686361394B1B68DB6843F010031B
:106F1000364C2468E36007E0354B1B681B6823F0A0
:106F20000103334C24682360314B1B681B6803F05A
:106F30000103002BF0D12E4B1B682E4CA34204D929
:106F4000E3142C4C4C3C236019E0294B1B682A4C61
:106F5000A34204D9E314274C503C23600FE0244B98
:106F60001B68254C603CA34204D9E314224CB83C76
:106F7000E36004E04FF400631F4CB83CA3601B4B7C
:106F80001B681B1D1A4C2468A360194B1B68D86032
:106F9000174B1B681961164B1B685A60144B1B6812
:106FA0001B6843F48023124C24682360104B1B6839
:106FB0001B6843F001030E4C2468236007E00F4B6D
:106FC0001B681B6823F001030C4C246823600B4BE7
:106FD0001B681B6803F00103002BF0D1034B1B68F7
:106FE0001B1D064C2468A36010BD0000900B002000
:106FF000200C002058640240B8600240800C002041
:107000002DE9F04104460E460025A52795E03046BF
:1070100002F010FA054694F8860006287ED2DFE8D2
:1070200000F003142038445FBD420AD101208734A8
:1070300004F8010C2188481C24F88709A01D455438
:1070400002E00020A4F8870076E0A580B4F887105D
:10705000481CA4F88700A01D4554022084F886002F
:107060006AE0A08840EA0520A080B4F88710481C98
:10707000A4F88700A01D4554A088772803D20320D8
:1070800084F8860004E0002084F88600A4F88700D5
:1070900052E034F8871F2088401C24F88709A01D7F
:1070A0004554042084F8860046E034F8871F208881
:1070B000401C24F88709A01D4554B4F88700052812
:1070C0000DD10521A01DFAF7EFF918B1052084F8BC
:1070D000860004E0002084F88600A4F887002BE0F6
:1070E000B4F88710A0880930814207D234F8871F8E
:1070F0002088401C24F88709A01D4554B4F8871047
:10710000A0880930814210D3002084F88600A4F8BA
:107110008700A08800F10901A01D00E006E0FAF751
:10712000F1F910B1A01DFFF7DFFC05E0002084F8A5
:107130008600A4F8870000BF00BF304602F0F2F9D5
:1071400000287FF464AFBDE8F081000008B5FEF7C9
:107150009BFFAFE058495948FFF752FF5848007865
:10716000002813D05748007888B902205649487340
:1071700000215548817352480178534801F0BCF80A
:107180000120504908700020504908808AE050488A
:107190000078A8B94D4800880428F7D300F07EF99C
:1071A00001204B4908704B480078401C4949087041
:1071B000002049490870494908704449088071E035
:1071C00042480088B0F5FA7F0EDB00F067F94148CD
:1071D0000078401C3F49087000203F4908703F4933
:1071E00008703A4908805DE0384800880A21B0FB01
:1071F000F1F201FB12041CB1042C01D0072C51D177
:10720000FFF734FB10B100F0B7F84BE032480078DC
:1072100060B933480088334908800846B0F9000057
:10722000FFF7C6F801202C4908703BE02A48007897
:10723000012809D12B48B0F900100020FFF7F2F81F
:107240000220254908702DE024480078401C23497D
:107250000870084600780A2801D3002008701F48EB
:107260000078032806D01D480078062802D01B4865
:10727000007830B91A48B0F900100420FFF7D2F8AE
:107280000DE06846FEF7FAFF38B11548B0F9001076
:107290009DF80000FFF7C6F801E000F095F8002027
:1072A0000D49087009480088401C084908800A20D8
:1072B00002F072FD4EE7000098940020B098002084
:1072C000C3AF00206801002025B200206601002025
:1072D00069010020550100206A0100206B01002097
:1072E000C0AC00206C01002000EE101AB8EE400A7D
:1072F000DFED050A20EE200ABCEEC00A10EE102ACF
:1073000042800022C28070470000C84210B5FAF7E0
:107310003BFD064806490A68026049684160054825
:1073200005490A6802604968416010BD40010020BB
:1073300014010020480100201C01002010B586B077
:1073400004460AA04FF45C7140F28E320323CDE96B
:107350000132CDE9031004201E23022221460090B1
:1073600004A0FFF741FA06B010BD00004E494B4F94
:107370000000000066616C0010B51048007800B98C
:1073800010BDFFF781FA0E480078082802D30020CC
:107390000B4908700B48B0F9001009480078FFF756
:1073A00041F807480078401C0549087008460078F5
:1073B000082801D30020087000BFE1E7C3AF002018
:1073C00056010020C0AC002000B587B02D480078E1
:1073D00008B907B000BD2C4800782C4909788842CC
:1073E00006D02A48007828490870002028490870EB
:1073F0002748007818BB142040F29241322240F214
:10740000EE23CDE90232CDE9041005200821012345
:107410001A46CDE900101FA11F4800F0C4FE01214B
:107420001D480F3001F03AFD164802781A490D390F
:10743000022000F08FFF0120154908701FE0142082
:1074400040F29241322240F2EE23CDE90232CDE900
:1074500004100520082101230222CDE900100DA10E
:107460000D4800F0A0FE02210B480F3001F016FD80
:107470000448027808490D39022000F06BFF00BF74
:10748000A7E70000C3AF00207401002055010020D1
:107490007301002063617000F7B0002000B587B071
:1074A0004FF4167040F2A23164224FF4E673CDE936
:1074B0000232CDE904100320022101231A46CDE94E
:1074C000001046A1464800F023FE4FF4167040F22B
:1074D000DE31642240F2B453CDE90232CDE904102A
:1074E0000320022101231A46CDE900103DA13C48AA
:1074F0000F3000F00DFE4FF4EB7040F2ED3140F232
:107500009333CDE90230CDE9041002200321012399
:107510001A46CDE9001034A131481E3000F0F8FDC4
:107520004FF4DC7040F2ED3140F29333CDE902309C
:10753000CDE904100220032101231A46CDE90010F1
:107540002AA127482D3000F0E3FD4FF4CD7040F222
:10755000ED3140F29333CDE90230CDE90410022041
:10756000032101231A46CDE9001021A11C483C301B
:1075700000F0CEFD4FF4BE7040F2ED3140F2933397
:10758000CDE90230CDE904100220032101231A467F
:10759000CDE9001017A112484B3000F0B9FD4FF4AF
:1075A000AF7040F2ED3140F29333CDE90230CDE9D6
:1075B00004100220032101231A46CDE900100EA178
:1075C00007485A3000F0A4FD0C48027804490D39F0
:1075D000072000F0BFFE07B000BD00004C4C4C007F
:1075E0007EB10020524C4C00636831006368320069
:1075F000636833006368340063683500C3AF0020FC
:10760000B0EE401AB5EEC01AF1EE10FA02D89FEDB6
:10761000140A7047B0EE000AC1EE000A9FED110A8D
:1076200021EE002A00BFF0EE411A50EEA01AB0EE93
:10763000000A60EE802A81EEA20A30EEC00AF0EE67
:10764000400AF4EEC21AF1EE10FAECDCB1EE420A96
:10765000F4EEC01AF1EE10FAE5D3B0EE600AD8E706
:10766000000000006F12833A00BF012002F094FB7B
:10767000FBE7000010B500BF502080F31188BFF376
:107680004F8FBFF36F8F00BF04F010FC18B14FF0A5
:1076900080500449086000BF002080F3118800BFBB
:1076A00010BD000004ED00E000B593B0302107A844
:1076B000F9F738F9142102A8F9F734F900BF0020CE
:1076C00001902548006840F0805023490860084632
:1076D000006800F08050019000BF00BF00BF002094
:1076E00001901E48006840F480401C49086008462C
:1076F000006800F48040019000BF00BF02200790A6
:1077000001200A9010200B9002200D9000210E9174
:1077100008210F91A82110910221119104211291A9
:1077200007A8FCF793F808B1FAF7DDFA0F200290EA
:1077300002200390002004904FF4A05005904FF4D5
:1077400080500690052102A8FBF71EFF08B1FAF74A
:10775000CAFA13B000BD000040380240007000407B
:107760000348006840F47000014908607047000059
:1077700088ED00E010B52DED108B0446B0EE408A88
:1077800004F12000FAF754FA84ED090A94ED090A8D
:10779000F6EE000AB4EEE00AF1EE10FA04DD9FED19
:1077A000B70ABDEC108B10BD84ED008A94ED020A7F
:1077B000D4ED010A20EE200AD4ED010A20EE200AC1
:1077C000AF4880ED000A94ED040AD4ED010A20EEE2
:1077D000200AAC4880ED000A94ED030AD4ED000ABB
:1077E00030EE600AD0ED000A30EE200AA64880EDA7
:1077F000000A006805F0BAF941EC1F0BB0EE4F0A21
:10780000F0EE6F0A00F0F1FEB0EE40EAF0EE60EA52
:107810009FED9E0B53EC102B51EC1E0B04F0BCFEA5
:1078200041EC1C0B9648006805F0A0F941EC1D0BDB
:1078300053EC1C2B04F0C0FD41EC1A0B904800687F
:1078400005F094F941EC1B0B53EC1A2B04F0A4FE49
:1078500041EC190B04F07EFD08EE900AB0EE680AC8
:10786000FFF7CEFE8B4880ED000A874890ED000AB6
:1078700003F09EFA8748D0ED000A814890ED001A87
:1078800070EEC10A20EE200AF0EE000A80EE201A07
:107890007C4890ED000A31EE000A7F4880ED000A36
:1078A0007948D0ED000A764890ED001A70EE810A12
:1078B000B0EE600A03F07CFAF0EE408A7248D0ED38
:1078C000000A6F4890ED001A70EEC10AB0EE600A2F
:1078D00003F06EFA38EEC00A6A48D0ED000A6A4832
:1078E00090ED001A70EE810A20EE200AF0EE000AF8
:1078F000C0EE208AD0ED000A614890ED001A70EECB
:10790000810AB0EE600A03F053FAB0EE409A5E4886
:10791000D0ED000A5A4890ED001A70EEC10AB0EEA0
:10792000600A03F045FA39EE400AB0EE001AC0EEE4
:10793000010AB7EE000A30EE600A5748D0ED000A9F
:1079400040EE808A5548C0ED008A94ED020AB1EEFF
:10795000400AD0ED000A20EE200A4948D0ED000A86
:1079600080EE209A4D48D0ED000A454890ED001A6F
:1079700070EE810AB0EE600A03F01AFAF0EE408A67
:107980004648D0ED000A3E4890ED001A70EEC10A5C
:10799000B0EE600A03F00CFA38EEC00A29EE000AD5
:1079A000F0EE000AC0EE208A3C4890ED000A03F099
:1079B000FFF9D4ED020A60EE209A3848D0ED000AB3
:1079C0002F4890ED001A70EE810AB0EE600A03F0C5
:1079D000EFF9B0EE409A3148D0ED000A284890ED1A
:1079E000001A70EEC10AB0EE600A03F0E1F939EE58
:1079F000400AF0EE000A80EE201AB7EE000A30EEE0
:107A0000410A49EEC08A2648C0ED008A90ED000A7E
:107A100084ED050A94ED050AD4ED070A30EE200A3C
:107A2000D4ED090A60EE200AB0EE001A80EE810A59
:107A3000D4ED040A30EE200A84ED040A94ED040A21
:107A4000D4ED060A30EE200AD4ED090A60EE200AD1
:107A5000B0EE001A80EE810AD4ED030A30EE200A5F
:107A600084ED030A94ED050A84ED070A94ED040AF7
:107A700084ED060A94ED030A93E60000000000007E
:107A8000CC030020D0030020D4030020000000001D
:107A900000002040D8030020DC030020E003002089
:107AA000E403002080ED030ADFED080AC0ED040ABC
:107AB000DFED060AC0ED050ADFED040AC0ED060A97
:107AC000DFED020AC0ED070A704700000000000069
:107AD00080ED020AC0ED010A9FED0A1A80ED031A3B
:107AE0009FED081A80ED041A9FED061A80ED051A25
:107AF0009FED041A80ED061A9FED021A80ED071A19
:107B0000704700000000000010B50248FCF777F94C
:107B100010BD0000400D002010B502682B4B9842AC
:107B20000ED0B0F1804F0BD0294B984208D0294B92
:107B3000984205D0284B984202D0284B984203D156
:107B400022F070024B681A43204B984220D0B0F1CB
:107B5000804F1DD01E4B98421AD01E4B984217D012
:107B60001D4B984214D01D4B984211D01C4B98428B
:107B70000ED01C4B98420BD01B4B984208D01B4B8D
:107B8000984205D01A4B984202D01A4B984203D122
:107B900022F44072CB681A4322F080034C6943EA16
:107BA00004028B68C3620B688362084B984202D060
:107BB0000A4B984201D10B690363036843F0040345
:107BC000036001234361026010BD0000000001401A
:107BD0000004004000080040000C00400004014088
:107BE00000400140004401400048014000180040AE
:107BF000001C00400020004010B5FEF7D5FE0248F2
:107C0000FCF7C6F910BD0000900B002070B50446CB
:107C1000A56B0020E8852846FCF7B8F970BD70B563
:107C200006460025B46B20684069C0F3C01594F87F
:107C30004100212805D125B10020E084204600F034
:107C40008FF820684069C0F3801594F8420022281C
:107C500005D125B10020E085204600F03BF8606C9E
:107C600040F0100060642046FCF790F970BD70B5DC
:107C70000546AC6B2868006800F48070F8B90020F5
:107C8000E08400BF00BF2168143151E8001F21F0DB
:107C900080002168143141E80002002AF3D100BFBE
:107CA00000BF00BF21680C3151E8001F41F04000C7
:107CB00021680C3141E80002002AF3D102E020469D
:107CC000FCF770FC70BD70B50446A56B2846FCF748
:107CD0006AFC70BD00BF00BF02680C3252E8002F82
:107CE00022F4907102680C3242E80013002BF3D1A9
:107CF00000BF00BF00BF0268143252E8002F22F01C
:107D000001010268143242E80013002BF3D100BFD6
:107D1000016B01290ED100BF00BF02680C3252E88E
:107D2000002F22F0100102680C3242E80013002BF1
:107D3000F3D100BF202180F8421000210163704779
:107D400010B504462068C06820F040002168C86073
:107D5000202084F841002046FCF724FC002010BDC0
:107D600000BF00BF02680C3252E8002F22F0C001B1
:107D700002680C3242E80013002BF3D100BF20212F
:107D800080F841107047F8B504460025002694F8A5
:107D90004200222873D1A068B0F5805F0BD1206922
:107DA00048B9A66A20684068C0F308003080A06A1D
:107DB000801CA06214E0A56AA068B0F5805F03D0C3
:107DC000A06828B9206918B920684068287004E0C4
:107DD0002068406800F07F002870A06A401CA06204
:107DE000E08D401E80B2E085002846D12068C06842
:107DF00020F020002168C8602068C06820F48070EE
:107E00002168C8602068406920F00100216848614D
:107E1000202084F8420000206063206B012826D1D6
:107E20000020206300BF00BF21680C3151E8001F13
:107E300021F0100021680C3141E80002002AF3D142
:107E400000BF2068006800F0100010280AD100BFB1
:107E50000020009020680068009020684068009032
:107E600000BF00BFA18D2046FCF78FF802E020463E
:107E7000FCF748FB0020F8BD01E00020FBE70220F2
:107E8000F9E700002DE9F84F04462068006920F466
:107E90004050E1680843216808612169A0680843EF
:107EA00061690843E169084300902068C06849F2AD
:107EB0000C618843009908432168C86020684069C4
:107EC00020F44070A1690843216848617649206820
:107ED000884203D075492068884203D1FBF74EFCE5
:107EE000814602E0FBF73AFC8146E069B0F5004FBD
:107EF0006CD102206168A0FB015003461920A9FB48
:107F0000007001462A463846F8F792FA6421B0FB21
:107F1000F1F04FEA001A02206168A0FB01510B4604
:107F20001920A9FB00712A463846F8F781FA8346E2
:107F300002206168A0FB015003461920A9FB0071D3
:107F40002A463846F8F774FA6421B0FBF1F000EBEA
:107F5000C00101EB0010ABEB8000322101EBC0004F
:107F60006421B0FBF1F000F0F8000AEB400A0220B7
:107F70006168A0FB015003461920A9FB007001466F
:107F80002A463846F8F754FA834602206168A0FB77
:107F9000015003461920A9FB00712A463846F8F71C
:107FA00047FA6421B0FBF1F000EBC00101EB0010D7
:107FB000ABEB8000322101EBC0006421B0FBF1F09B
:107FC00000F007005044216888606AE0042061687E
:107FD000A0FB015003461920A9FB007001462A4668
:107FE0003846F8F725FA824604206168A0FB015064
:107FF00003461920A9FB007001462A463846F8F7C7
:1080000017FA6421B0FBF1F000EBC00101EB0010A6
:10801000AAEB8000322101EB00106421B0FBF1F0EB
:1080200000F0F00A04206168A0FB017003461920EB
:10803000A9FB00513A462846F8F7FAF96421B0FB4B
:10804000F1F00AEB001A04206168A0FB01510B4615
:108050001920A9FB00712A463846F8F7E9F983464A
:1080600004206168A0FB015003461920A9FB0070A1
:1080700001462A463846F8F7DBF96421B0FBF1F0F7
:1080800000EBC00101EB0010ABEB8000322101EBF3
:1080900000106421B0FBF1F000F00F0050442168A3
:1080A0008860BDE8F88F0000001001400014014016
:1080B000014691F84100212828D18868B0F5805FF9
:1080C0000BD1086948B90A6A1088C0F308000B6828
:1080D0005860086A801C086205E00B6A581C086238
:1080E00018780B685860C88C401E80B2C88458B994
:1080F0000868C06820F080000B68D8600868C06815
:1081000040F040000B68D860002070470220FCE778
:108110002DE9F04307AC94E8F010DDF8308091F8D9
:10812000009080F8009091F8019080F8019091F80B
:10813000029080F8029090F8039062F3020980F8B0
:10814000039090F8039029F0380980F80390B0F874
:10815000039063F38919A0F8039090F8049064F3F6
:10816000850980F80490B0F8079065F30909A0F834
:108170000790B0F8089066F38C09A0F80890B0F862
:10818000099067F34F19A0F80990B0F80C906CF3C0
:108190008C09A0F80C90B0F80D9068F34F19A0F876
:1081A0000D90BDE8F0832DE9F04307AC94E8F010A2
:1081B000DDF8308091F8009080F8009091F80190FF
:1081C00080F8019091F8029080F8029090F8039066
:1081D00062F3020980F8039090F8039029F03809BF
:1081E00009F1080980F80390B0F8039063F3891946
:1081F000A0F8039090F8049064F3850980F8049047
:10820000B0F8079065F30909A0F80790B0F8089056
:1082100066F38C09A0F80890B0F8099067F34F193D
:10822000A0F80990B0F80C906CF38C09A0F80C90B1
:10823000B0F80D9068F34F19A0F80D90BDE8F083E9
:108240002DE9F04FDDE90CC8DDE90E95DDE90967A0
:108250000B9C91F800A080F800A091F801A080F894
:1082600001A091F802A080F802A090F803A062F3A8
:10827000020A80F803A090F803A02AF0380A0AF155
:10828000380A80F803A0B0F803A063F3891AA0F8B5
:1082900003A090F804A066F3850A80F804A0B0F863
:1082A00004A067F38E1AA0F804A0B0F805A064F348
:1082B000CF1AA0F805A0B0F807A06CF3090AA0F83F
:1082C00007A0B0F808A068F38C0AA0F808A0B0F8DE
:1082D00009A069F34F1AA0F809A04FF0000A07E0BF
:1082E00015F801BB00F10F0E0EF80AB00AF1010AF1
:1082F000A245F5DBBDE8F08F70B504460D46A5201C
:1083000020700820A4F80100E078401CE0700421EF
:108310002046F9F7B9F8207140F20130A4F80500C1
:108320004FF48070A4F80700E01DA4F8095005F58B
:108330008070E11DA4F80B000F212046F9F7C8F862
:10834000A4F80F00112221460148FCF7DDF870BDAA
:10835000900B00202DE9F04104460E4617463546A5
:10836000A5202870012C03D11520A5F8010010E0EC
:10837000022C03D12420A5F801000AE0052C03D12A
:108380005120A5F8010004E0072C02D16F20A5F8C8
:108390000100E878401CE87004212846F9F774F8D9
:1083A000287140F20130A5F80500012C04D140F2FB
:1083B0000110A5F8070013E0022C04D14FF48170DE
:1083C000A5F807000CE0052C04D140F20310A5F835
:1083D000070005E0072C03D14FF48270A5F80700D1
:1083E000E81DA5F8097007F58070E91DA5F80B00D8
:1083F000012C07D1B0461C214046F9F769F8A8F8CE
:108400001C001DE0022C07D1B0462B214046F9F795
:108410005FF8A8F82B0013E0052C07D1B0465821CF
:108420004046F9F755F8A8F8580009E0072C07D19D
:10843000B04676214046F9F74BF8A8F8760000BF21
:10844000012C05D11E2229460E48FCF75DF816E0E6
:10845000022C05D12D2229460A48FCF755F80EE0DA
:10846000052C05D15A2229460648FCF74DF806E0AE
:10847000072C04D1782229460248FCF745F8BDE8CC
:10848000F0810000900B002070B504460D46A52039
:1084900020703320A4F80100E078401CE070042133
:1084A0002046F8F7F1FF207140F20130A4F80500F2
:1084B0004FF48870A4F80700E01DA4F8095005F5F2
:1084C0008070E11DA4F80B003A212046F9F700F86E
:1084D00060873C2221460248FCF716F870BD000078
:1084E000900B002010B50248FBF752FD10BD0000B4
:1084F000D80B002000BFFEE7B0EE401AC0ED010A25
:1085000080ED031A90ED030AD0ED021A30EE610AF5
:1085100080ED040A90ED030A80ED020A90ED040A52
:10852000D0ED011A9FED1F2A61EE821AB4EEE10A26
:10853000F1EE10FA0FDD90ED040AD0ED011A30EEE5
:10854000610A80ED040A90ED000AF7EE001A30EEA1
:10855000210A80ED000A90ED040AD0ED011A9FED8A
:10856000122A61EE821AB4EEE10AF1EE10FA0FD28D
:1085700090ED040AD0ED011A30EE210A80ED040AD4
:1085800090ED000AF7EE001A30EE610A80ED000A65
:1085900090ED030AD0ED001A90ED012A01EEC20A17
:1085A000704700003333333F333333BF0248006832
:1085B000C0F30220704700000CED00E010B5002869
:1085C00004DB0A07130E054A135406E00A07140ECB
:1085D000034A00F00F031B1FD45410BD00E400E059
:1085E00018ED00E0EFF3108070472DED020B0198BD
:1085F00020F0004001909DED000B02B0704700B5E7
:108600002DED048BB0EE409AF0EE609A83B051EC01
:10861000190B04F0F5F841EC180B18EE100A18EEDF
:10862000901A8DED008B002818BF0120084320F020
:108630000040C0F17F6000F1E040C00F14D019EE9F
:10864000101A19EE900A8DED009B002918BF012128
:10865000084320F00040C0F17F6000F1E040C00F0F
:1086600004BF0120F8F7DFF9B0EE480A03B0F0EEDE
:10867000680ABDEC048B00BD80F310887047303869
:108680000A2801D2012070470020704710B52DED57
:10869000108B88B0B0EE40AAF0EE60AA9FEDF80A09
:1086A0008DED060AF74890F8BE02022803D19FED2F
:1086B000F60A8DED060A3AEECA1ADDED060A71EEEB
:1086C000200AB0EE600A00F0EBFFB0EE409ADFED5A
:1086D000EF0A79EE200AB0EE600A00F0E1FFF0EE5A
:1086E000409ADFEDEB0A79EE200AB0EE600A00F066
:1086F000D7FFB0EE408ADFEDE60A79EE600AB0EE11
:10870000600A00F0CDFFF0EE408ADE4890F8BE022D
:1087100080BB19EE900A04F029FA41EC1D0BB0EE73
:108720004D0AF0EE6D0AFFF760FFB0EE40BAF0EED2
:1087300060BA19EE100A04F019FA41EC1D0BB0EE04
:108740004D0AF0EE6D0AFFF750FFB0EE40CAF0EEB2
:1087500060CA53EC1B2B51EC1C0B04F01BF80AD223
:108760000120C84981F8BD02B0EE690A08B0BDEC2D
:10877000108B10BD06E00020C24981F8BD02B0EEAA
:10878000490AF3E7BF4890F8BE02032834D118EE37
:10879000900A04F0EBF941EC1C0BB0EE4C0AF0EE41
:1087A0006C0AFFF722FFB0EE40BAF0EE60BA18EEA6
:1087B000100A04F0DBF941EC1C0BB0EE4C0AF0EEB1
:1087C0006C0AFFF712FFB0EE40DAF0EE60DA53EC1D
:1087D0001B2B51EC1D0B03F0DDFF06D20320A94932
:1087E00081F8BD02B0EE680AC0E70220A54981F811
:1087F000BD02B0EE480AB9E7A24890F8BE020128CF
:1088000004D0A04890F8BE0202287CD118EE900A4D
:1088100004F0ACF941EC1C0BB0EE4C0AF0EE6C0A23
:10882000FFF7E3FEB0EE40BAF0EE60BA18EE100AC1
:1088300004F09CF941EC1C0BB0EE4C0AF0EE6C0A13
:10884000FFF7D3FEB0EE40DAF0EE60DA53EC1B2B0C
:1088500051EC1D0B03F064FE0CD218EE100A04F06C
:1088600085F941EC1B0BB0EE4B0AF0EE6B0AFFF7FB
:10887000BCFE0BE018EE900A04F078F941EC1B0BFB
:10888000B0EE4B0AF0EE6B0AFFF7AFFEB0EE40EA37
:10889000F0EE60EA19EE900A04F068F941EC1B0B67
:1088A000B0EE4B0AF0EE6B0AFFF79FFEB0EE40FA17
:1088B000F0EE60FA53EC1E2B51EC1F0B03F030FE70
:1088C0000CD219EE900A04F051F941EC1B0BB0EEFA
:1088D0004B0AF0EE6B0AFFF788FE41E018EE900AB3
:1088E00004F044F941EC1C0BB0EE4C0AF0EE6C0ABB
:1088F000FFF77BFEB0EE40BAF0EE60BA18EE100A59
:1089000004F034F900E0C6E141EC1C0BB0EE4C0A77
:10891000F0EE6C0AFFF769FEB0EE40DAF0EE60DAD6
:1089200053EC1B2B51EC1D0B03F0FAFD0CD218EE8F
:10893000100A04F01BF941EC1B0BB0EE4B0AF0EEF1
:108940006B0AFFF752FE0BE018EE900A04F00EF9E6
:1089500041EC1B0BB0EE4B0AF0EE6B0AFFF745FE45
:108960008DED020B19EE100A04F000F941EC1B0B1F
:10897000B0EE4B0AF0EE6B0AFFF737FE8DED000B01
:108980009DED020B53EC102B9DED000B51EC100BE9
:1089900003F0C6FD0CD219EE100A04F0E7F841EC22
:1089A0001B0BB0EE4B0AF0EE6B0AFFF71EFEB1E0B8
:1089B00018EE900A04F0DAF841EC1C0BB0EE4C0A09
:1089C000F0EE6C0AFFF711FEB0EE40BAF0EE60BABE
:1089D00018EE100A04F0CAF841EC1C0BB0EE4C0A79
:1089E000F0EE6C0AFFF701FEB0EE40DAF0EE60DA6E
:1089F00053EC1B2B51EC1D0B03F092FD0CD218EE27
:108A0000100A04F0B3F841EC1B0BB0EE4B0AF0EE89
:108A10006B0AFFF7EAFD0BE018EE900A04F0A6F8E7
:108A200041EC1B0BB0EE4B0AF0EE6B0AFFF7DDFDDD
:108A3000B0EE40EAF0EE60EA19EE900A04F096F823
:108A400041EC1B0BB0EE4B0AF0EE6B0AFFF7CDFDCD
:108A5000B0EE40FAF0EE60FA53EC1E2B51EC1F0B17
:108A600003F05EFD16D219EE900A04F07FF841EC97
:108A70001B0BB0EE4B0AF0EE6B0AFFF7B6FD49E0B8
:108A800000000000409D00200000344200003443FC
:108A90000000B4C218EE900A04F068F841EC1C0B18
:108AA000B0EE4C0AF0EE6C0AFFF79FFDB0EE40BA54
:108AB000F0EE60BA18EE100A04F058F841EC1C0B06
:108AC000B0EE4C0AF0EE6C0AFFF78FFDB0EE40DA24
:108AD000F0EE60DA53EC1B2B51EC1D0B03F020FD84
:108AE0000CD218EE100A04F041F841EC1B0BB0EE6A
:108AF0004B0AF0EE6B0AFFF778FD0BE018EE900AD8
:108B000004F034F841EC1B0BB0EE4B0AF0EE6B0AAC
:108B1000FFF76BFD8DED040B9DED040B51EC100B7D
:108B200003F018FC0446204604F020F841EC1B0B2F
:108B300019EE100A04F01AF841EC1E0BB0EE4E0AC2
:108B4000F0EE6E0AFFF751FDB0EE40CAF0EE60CADB
:108B500053EC1B2B51EC1C0B03F01EFF41EC1D0BC7
:108B6000B0EE4D0AF0EE6D0AFFF73FFDB0EE40FAB1
:108B7000F0EE60FA9FED490B53EC102B51EC1F0BFC
:108B800003F0CEFC09D20020464981F8BD02012045
:108B900045490870B0EE490AE8E5204603F0E6FFD3
:108BA00041EC1B0B19EE900A03F0E0FF41EC1C0BAB
:108BB000B0EE4C0AF0EE6C0AFFF717FDB0EE40DAAB
:108BC000F0EE60DA53EC1B2B51EC1D0B03F0E4FECE
:108BD00041EC1E0BB0EE4E0AF0EE6E0AFFF705FDFB
:108BE000B0EE40FAF0EE60FA9FED2C0B53EC102B38
:108BF00051EC1F0B03F094FC09D20120294981F8A4
:108C0000BD02022028490870B0EE690AAEE5204690
:108C100003F0ACFF41EC1F0B18EE100A03F0A6FFA7
:108C200041EC1D0BB0EE4D0AF0EE6D0AFFF7DDFCD6
:108C3000B0EE40CAF0EE60CA53EC1F2B51EC1C0B97
:108C400003F0AAFE41EC1B0BB0EE4B0AF0EE6B0AF0
:108C5000FFF7CBFCB0EE40EAF0EE60EA9FED0F0BC1
:108C600053EC102B51EC1E0B03F05AFC09D20220DE
:108C70000C4981F8BD0203200B490870B0EE480A88
:108C800074E50320074981F8BD02042006490870F5
:108C9000B0EE680A6AE51FED860A67E5000000A0ED
:108CA000F7C6B03E409D00200001002000B58BB00B
:108CB000002006900120099007900020089044F2BF
:108CC0002000019044F24000029044F260000390C2
:108CD0004FF481400490002005900E200A9001A9D5
:108CE0003848F9F727FA3748F9F755FE0221354891
:108CF000F9F765F9022006900120099007900020FD
:108D000008904FF4226001904FF4426002902020BE
:108D1000039040200490012005900E200A9001A9A4
:108D20002848F9F707FA2748F9F735FE10212548B2
:108D3000F9F745F90F2006900120099007900020CF
:108D400008904FF42850019042F6202002904020D5
:108D5000039020200490002005900E200A9001A985
:108D60001948F9F7E7F91848F9F715FE02211648EE
:108D7000F9F725F9102006900120099007900020AE
:108D80000890402001906020029000200390202055
:108D90000490012005900E200A9001A90A48F9F7D5
:108DA000C9F90948F9F7F7FD10210748F9F707F95C
:108DB00001210448F9F703F901210348F9F7FFF805
:108DC0000BB000BDEC0A0020140B002010B50446C7
:108DD00094F8BC02012802D100F070FD00E000BF51
:108DE00000BF10BD10B5044694F8BC02012802D1A2
:108DF00000F006FD00E000BF00BF10BD10B5044646
:108E00009FED1F0A84ED860A9FED1D0A84ED870AF7
:108E10009FED1B0A84ED850A9FED190A84ED7D0AFA
:108E20009FED170A84ED7E0A9FED150A84ED7C0AFA
:108E3000002010E09FED120A04F5E87101EB8001BB
:108E400081ED000A9FED0E0A04F5F07101EB80013F
:108E500081ED000A401C0428ECDB9FED090A04F5B3
:108E60000870FEF71FFE9FED060A04F51270FEF76C
:108E700019FE9FED030A04F51C70FEF713FE10BDEA
:108E80000000000010B5044694F8BC02012802D18D
:108E900000F026FF00E000BF00BF10BDF0B52DEDD3
:108EA000028B87B007460D46224890ED040AB0EECB
:108EB000408AB5EEC08AF1EE10FA03D29FED1E0A89
:108EC000B0EE408AB7EE000AB4EEC08AF1EE10FAB6
:108ED00003DDB7EE000AB0EE408A1648407F022854
:108EE00001D1022406E01348407F012801D101246A
:108EF00000E003249FED110A28EE000ABCEEC00A30
:108F000010EE100A00F2EE2086B2232040F2EE228C
:108F1000CDE90220CDE904601E2001232A4608A1E4
:108F2000CDE900403846FFF7F3F807B0BDEC028BFF
:108F3000F0BD0000E8AD0020000000000000D243BA
:108F40006261720010B504461C4890F8BC0201280A
:108F500032D1D4ED080AB0EE600A01231A4641026C
:108F600004F10800FBF79EFCD4ED090AB0EE600A9C
:108F700001230222110204F10800FBF793FCD4ED57
:108F80000A0AB0EE600A01230322590204F1080024
:108F9000FBF788FCD4ED0B0AB0EE600A0123042233
:108FA000D10104F10800FBF77DFC08239A0104F1CC
:108FB00008010348F8F742FC10BD0000409D002066
:108FC000EC0A002090ED060AD0ED0A0A20EE200AF5
:108FD000B5EEC00AF1EE10FA53DD90ED060AB5EEDB
:108FE000C00AF1EE10FA02DD90ED060A03E090ED02
:108FF000060AB1EE400AD0ED150AB4EEE00AF1EE31
:1090000010FA00D8704790ED140AD0ED150A70EEF2
:10901000200A90ED060AB5EEC00AF1EE10FA02DD64
:1090200090ED060A03E090ED060AB1EE400AF4EE78
:10903000C00AF1EE10FA20DBD0ED140A90ED060A1A
:10904000B5EEC00AF1EE10FA02DD90ED060A03E07B
:1090500090ED060AB1EE400A30EEC00AD0ED150AD6
:1090600030EE200A90ED141AC0EE010A90ED0C0AC1
:1090700020EE800A80ED0C0A03E09FED030A80EDEC
:109080000C0A00BFBEE700000000000090ED0B0AD4
:10909000D0ED250A60EE200A90ED170A90ED251A12
:1090A00030EE011A80EE810AD0ED0F0A90ED171A0A
:1090B00060EE810A90ED171AD0ED251A31EE211AD3
:1090C000C0EE811A30EE210A80ED0B0A704710B510
:1090D0000446D4F8980048BBB4F86000022814DDB8
:1090E00094ED041AB1EE411AF0EE410A94ED251AFE
:1090F000B0EE410A04F16400FBF7E6FDD4ED030A8B
:1091000020EE200A84ED0B0A45E094ED050AD4ED2B
:10911000040A30EE600AD4ED030A20EE200AD4EDF2
:10912000250A80EE201A84ED0B1A34E0B4F86000B2
:1091300002281ADD94ED041AB1EE411AF0EE410A4C
:1091400094ED251AB0EE410A04F16400FBF7BCFD72
:10915000D4ED030AD4F8980090ED021A70EE810A5B
:1091600020EE200A84ED0B0A15E094ED030AD4F8F2
:109170009800D0ED020A30EE200AD4ED050A94EDF5
:10918000041A70EEC10A20EE200AD4ED250A80EE02
:10919000201A84ED0B1A10BD90ED0A0AD0ED0C0ACE
:1091A00030EE200A2E4981ED000A90ED090AD0ED3B
:1091B0000A0A30EE200AD0ED0B0A30EE200A2949C7
:1091C00081ED000A91ED000AB5EEC00AF1EE10FA49
:1091D00002DD91ED000A04E0224991ED000AB1EEB2
:1091E000400AD0ED100AB4EEE00AF1EE10FA0EDDFE
:1091F00090ED060AD0ED0A0A20EE200AB5EEC00A6C
:10920000F1EE10FA03DD9FED180A80ED0C0A90EDE7
:10921000110A1349D1ED000AB4EEE00AF1EE10FA9A
:1092200007D29FED110A80ED0C0A90ED110A80ED36
:109230000A0A90ED110AB1EE400A0949D1ED000A7F
:10924000B4EEE00AF1EE10FA09DD9FED070A80EDB9
:109250000C0A90ED110AB1EE400A80ED0A0A70473F
:10926000C8030020C40300200000000090ED0D0A98
:10927000D0ED250A60EE200A90ED160A90ED251A31
:1092800030EE011A80EE810AD0ED0E0A90ED161A2A
:1092900060EE810A90ED161AD0ED251A31EE211AF2
:1092A000C0EE811A30EE210A80ED0D0A704790ED74
:1092B0000D0AD0ED100AB4EEE00AF1EE10FA03DD6B
:1092C00090ED100A80ED0D0A90ED0D0AD0ED100A18
:1092D000F1EE600AB4EEE00AF1EE10FA05D290ED7C
:1092E000100AB1EE400A80ED0D0A704710B590EDFE
:1092F0000D0AD0ED100A9FED231A60EE810AB4EE3C
:10930000E00AF1EE10FA0AD390ED000AB0EEC00ABE
:10931000DFED1D0AB4EEE00AF1EE10FA00D210BD46
:1093200090ED000AD0ED040A30EE600AB0EEC00AFB
:10933000D0ED000AF0EEE00A80EE201A9FED130A4D
:10934000B4EEC01AF1EE10FA09DD50F8A03F416802
:109350005B1C41F10001C0E90031A03804E00022AB
:10936000C0F8A020C0F8A4204FF4FA720021D0E980
:109370002834D21AA14102D20122A8210A5400BFE6
:10938000CDE700006F12833A17B7D1383333733FFC
:1093900090ED090AD0ED100AB4EEE00AF1EE10FAF1
:1093A00003DD90ED100A80ED090A90ED090AD0ED79
:1093B000100AF1EE600AB4EEE00AF1EE10FA05D2FE
:1093C00090ED100AB1EE400A80ED090A7047D0F81E
:1093D0009810A1B990ED060AD0ED070A30EE200AE8
:1093E000F0EE000A80EE201A90ED020A21EE000A4B
:1093F000D0ED250A20EE200A80ED0C0A19E090ED50
:10940000060AD0ED070A30EE200AB0EE001AC0EED0
:10941000010A90ED020AD0F8981091ED011A30EE91
:10942000010A20EE800AD0ED250A20EE200A80ED08
:109430000C0A704770B504460026FFF7D3F80546BE
:1094400072B661682069884201D92068206120696C
:1094500006782069401C2061A068401CA060E0687C
:10946000401EE0602846FFF707F9304670BD03460E
:1094700019608818401E58609A600020D8601961F1
:10948000596170472DE9F047044688461546FFF7B5
:10949000A9F8824672B6B8F1000F00D13CE0A0688E
:1094A00000B939E061686069884201D9206860616B
:1094B000A068A84201DD284600E0A0680546616971
:1094C0006068401A461CAE4209DB2E4632464146D1
:1094D0006069F7F786F96069304460610FE0A5EBD9
:1094E0000609324641466069F7F77BF908EB060149
:1094F0004A462068F7F775F9206848446061A0681B
:10950000401BA060E0682844E0602F465046FFF70B
:10951000B3F83846BDE8F0875046FFF7ADF84FF096
:10952000FF30F7E70146C868704700001E48008812
:1095300000EE100AB8EE400ADFED1C0A80EE201A99
:109540001B4880ED021A90ED020AF6EE000A20EEAA
:10955000200AD0ED020A20EE200ADFED160A20EEE6
:10956000200A80ED030A90ED030AD0ED060A30EEE2
:10957000600AB5EEC00AF1EE10FA0EDD90ED030AB6
:10958000D0ED060A70EE600A90ED050A90ED061A1D
:1095900030EE411A80EE810A01E09FED070A04488F
:1095A00080ED040A704700002C0100200000C84232
:1095B000E8AD0020AE4791400000000010B52DED51
:1095C000028B0D48D0EDB10A9FED0C1A70EEC10A66
:1095D000BFEE001A60EE810AB0EE600A00F060F89B
:1095E000B0EE408A0649081DB0EE480AF7F782FE41
:1095F000BDEC028B10BD0000409D00208050184142
:10960000ACAB002070B50546184890F8BC020128A4
:109610001CD1002418E005F1C00202EB4411203AED
:1096200002EBC4009FED120A0122FBF74BF805F58F
:10963000A07202EB4411A03A02EBC4009FED0C0AA9
:109640000422FBF73FF8641C042CE4DB0748D0ED50
:10965000B10AB0EE600ADFED070AFFF717F803481A
:1096600080EDB20AFFF7AAFF70BD0000409D002008
:109670006666663F8050184190ED001A21EE201A70
:10968000F7EE001A71EEE01A00EE211A80ED001AD2
:10969000704710B50446002001F0A0FA10BD00008C
:1096A00010B52DED068BB0EE408A3BE09FED270A0A
:1096B00038EE400A10EE101A084603F057FA41EC53
:1096C0001A0BB0EE4A0AF0EE6A0AFEF78EFFB0EE11
:1096D000409AF0EE609A9FED1E0B53EC102B51EC6C
:1096E000190B02F01DFF04D29FED180AB0EE408A5C
:1096F00026E09FED190AB4EEC08AF1EE10FA06D208
:109700009FED160A38EE000AB0EE408A0AE0B5EE88
:10971000C08AF1EE10FA05DD9FED100A38EE400A1E
:10972000B0EE408A9FED0E0AB4EEC08AF1EE10FA58
:10973000BCD39FED0C0AB4EEC08AF1EE10FAB5DC92
:1097400000BFB0EE480ABDEC068B10BD0000000063
:109750002D431CEBE2361A3F000000800000B443AA
:10976000000034C300003443F9F706FEFDF79CFF08
:10977000FBF7F2F9FBF75CF9FBF7FEF8FBF722F9D0
:10978000FBF766FAFBF72AFAFBF746FAFBF740F914
:10979000FFF78CFAA820F8F771FA0020FFF779FF9D
:1097A00001F02EFAFBF770F900F002FB00BFFEE7B4
:1097B00010B504460D480079012808D0022802D0CF
:1097C00003280CD107E02046FFF700FB0BE0204602
:1097D000FFF708FB07E02046FFF754FB03E02046B5
:1097E000FFF70CFB00BF00BF10BD0000C9AC00209C
:1097F00001460020842901D0CA1C10447047000093
:1098000010B500F015FA294890ED7D0A00F540608A
:10981000D0ED9B0A20EE200A2448D0ED7E0A00F508
:10982000406090ED9C1A00EEC10A204880ED860A47
:1098300090ED7E0A00F54060D0ED9B0A20EE200AF4
:109840001A48D0ED7D0A00F5406090ED9C1A00EEBC
:10985000810A164880ED870A9FED150A80ED850A7A
:1098600000F0B0F800241EE0124901EB840191EDF4
:10987000001AF0EE410A0D49C03101EB441191ED9F
:10988000061AB0EE410AC4EBC40101EB04120A4906
:1098900001EBC200FBF75EFB0648C43800EB840016
:1098A00080ED000A641C042CDEDB10BD409D00200E
:1098B00000000000E49F002028A2002010B500F066
:1098C000B7F93C4890ED7D0A00F54060D0ED9B0A69
:1098D00020EE200A3748D0ED7E0A00F5406090ED7A
:1098E0009C1A00EEC10A334880ED860A90ED7E0A8C
:1098F00000F54060D0ED9B0A20EE200A2D48D0ED07
:109900007D0A00F5406090ED9C1A00EE810A29481E
:1099100080ED870AD0EDB20AB0EE600ADFED260ACC
:1099200000F53470FBF716FBFFEE000A20EE200A6C
:10993000204880EDE20A90EDE21AF0EE410A90ED47
:10994000A81AB0EE410A00F56270FBF703FB1B4852
:1099500080ED100A90ED100A1648D0ED7C0A30EE2A
:10996000200A80ED850A00F02DF800241FE014493C
:1099700001EB840191ED001AF0EE410A0D49C0316E
:1099800001EB441191ED061AB0EE410AC4EBC4019B
:1099900001EB04120949E83101EBC200FBF7DAFAE6
:1099A0000748C43800EB840080ED000A641C042CD6
:1099B000DDDB10BD409D00200000000040A1002024
:1099C000E49F0020324890ED860ADFED320A20EE57
:1099D000200AD0ED870A9FED2F1A00EE810AD0ED04
:1099E000850A9FED2D1A00EEC10ADFED2C0A20EE4C
:1099F000200A80EDA90A90ED860ADFED260A20EE06
:109A0000200AD0ED870A9FED231A00EEC10AD0ED9F
:109A1000850A9FED211A00EEC10ADFED200A20EE33
:109A2000200A80EDAA0A90ED860AB1EE400ADFED29
:109A3000190A20EE200AD0ED870A9FED161A00EED3
:109A4000810AD0ED850A9FED141A00EEC10ADFED00
:109A5000130A20EE200A80EDAB0A90ED860AB1EEE3
:109A6000400ADFED0C0A20EE200AD0ED870A9FEDB8
:109A7000091A00EEC10AD0ED850A9FED071A00EE23
:109A8000C10ADFED060A20EE200A80EDAC0A70471D
:109A9000409D0020F304B53F3433B33E7FBB6E449A
:109AA00010B500220121DFED584A9FED574ADFED46
:109AB000563A9FED553ADFED542A9FED532ADFEDDC
:109AC000531A9FED511ADFED500AB3EE040A5048C5
:109AD000FBF77CFB00220121DFED4B4A9FED4A4A58
:109AE000DFED493A9FED483ADFED472A9FED462AE0
:109AF000F7EE001A9FED441ADFED430AB2EE000ABA
:109B00004348B830FBF762FB9FED420A424880EDC4
:109B1000370A9FED420ADC3080ED010A9FED3F0AD3
:109B200080ED020A00231A46DFED3D0A0146B7EE3A
:109B3000000A9838F8F7DAF800220121DFED324AFE
:109B40009FED314ADFED303A9FED2F3ADFED2E2ABF
:109B50009FED2D2AF2EE041A9FED2B1ADFED2A0A53
:109B60009FED300A2C48E830FBF730FB0022012142
:109B7000DFED254A9FED244ADFED233A9FED223A9F
:109B8000DFED212A9FED202AF2EE041A9FED1E1A26
:109B9000DFED1D0A9FED230A2348FBF717FB002288
:109BA0000121DFED194A9FED184ADFED173A9FEDCD
:109BB000163ADFED152A9FED142AF2EE041A9FEDF6
:109BC000121ADFED110A9FED170A1748B830FBF79C
:109BD000FDFA00220121DFED0C4A9FED0B4ADFED7B
:109BE0000A3A9FED093ADFED082A9FED072AF2EEC7
:109BF000041A9FED051ADFED040A9FED0A0A0B48CF
:109C0000FBF7E4FA10BD0000000000009A99993EAD
:109C100010A00020666666BF40A100200000008002
:109C20000AD7233C00007A46E0A2002050A400207E
:109C3000274890ED362AB0EE420A90ED3E2AF0EE2B
:109C4000420A90ED462AB0EE421A90ED4E2AF0EE0E
:109C5000421A30EE602A32EE012A32EE612AF1EE2B
:109C6000002A82EE223A9FED1B2A23EE022ADFED24
:109C70001A2A22EE222A80EDA72A30EE202A32EE7E
:109C8000412A32EE612AB1EE003AC2EE032A9FED7C
:109C9000112A22EE822ADFED102A22EE222A80EDFE
:109CA000A62AB1EE402A32EE602A32EE412A72EE46
:109CB000612AB1EE003A82EE832ADFED082A82EEB5
:109CC000223A9FED042A23EE022A80EDA82A70474B
:109CD000409D00201F42893AF304353F3433B33EA0
:109CE00010B5FFF7A5FF294890ED7D0A00F540600B
:109CF000D0ED9B0A20EE200A2448D0ED7E0A00F524
:109D0000406090ED9C1A00EEC10A204880ED860A62
:109D100090ED7E0A00F54060D0ED9B0A20EE200A0F
:109D20001A48D0ED7D0A00F5406090ED9C1A00EED7
:109D3000810A164880ED870A90ED7C0A80ED850A3D
:109D4000FFF740FE00241EE0114901EB840191ED74
:109D5000001AF0EE410A0D49C03101EB441191EDBA
:109D6000061AB0EE410AC4EBC40101EB0412094922
:109D700001EBC200FBF7EEF80548C43800EB8400A5
:109D800080ED000A641C042CDEDB10BD409D002029
:109D9000E49F002028A2002070B5044625460DB19E
:109DA000294600E00121084601F098F9002070BD25
:109DB00010B501F079FA002010BD7FB504460D46BC
:109DC000606998B1A06988B1B4F90800FFF710FD87
:109DD0000646D4E90510CDE9006102902B462269C0
:109DE000D4E9001001F0EEFF039013E0B4F908008D
:109DF000FFF7FEFC064603A8CDE90060238A9AB26D
:109E00002B46D4E9001001F0ABFF012802D000205E
:109E100004B070BD0398FBE710B50446B7EE000A26
:109E2000012202211348FBF701FE94ED330A114889
:109E3000406980ED000A94ED340A0E48406980EDD7
:109E4000010A9FED0D0A0B48C06980ED000A9FEDE5
:109E50000B0A0848C06980ED010A9FED080A054811
:109E6000C06980ED020A9FED040A0248C06980EDD6
:109E7000030A10BDF8AC002017B7D138000000006D
:109E800010B50446514890F80001022850D15048BE
:109E9000B0F9020000EE100AF8EEC00A9FED4D1A6C
:109EA00080EE810AD4ED350A94ED2D1A00EEC10A38
:109EB000D4ED360AB1EE001A00EEC10A4648C06879
:109EC00080ED000A94ED2E0A4348006980ED000AF7
:109ED00094ED2C0A4048006980ED010A3E48FCF7E9
:109EE0002CF83D48406990ED000A84ED330A3A4869
:109EF000406990ED010A84ED340A94ED350AD4ED01
:109F00002D0A20EE200AD4ED330A94ED2E1A00EE2D
:109F1000810AD4ED340A94ED2C1A00EE810AD4EDB6
:109F2000360AB1EE001A00EE810A84ED370A4BE0E2
:109F30002A48D0EDD60A9FED271A80EE810AD4ED8B
:109F4000350A94ED2D1A00EEC10AD4ED360AB1EEB1
:109F5000001A00EEC10A2048C06880ED000A94EDA6
:109F60002E0A1D48006980ED000A94ED2C0A1A485B
:109F7000006980ED010A1848FBF7DFFF16484069C9
:109F800090ED000A84ED330A1348406990ED010A10
:109F900084ED340A94ED350AD4ED2D0A20EE200A22
:109FA000D4ED330A94ED2E1A00EE810AD4ED340A72
:109FB00094ED2C1A00EE810AD4ED360AB1EE001AA7
:109FC00000EE810A84ED370A10BD000050AE00207B
:109FD0002C0100200000C842F8AC002040A900205D
:109FE0002DE9F04105460E461F48076800201F492D
:109FF000096881F852001D480068001D00F0E5FE68
:10A0000050B91A48006890F82C100120884018496F
:10A010000968814316480160681C38B936B1134895
:10A020000168091D134800F027FF1AE07C190F484A
:10A0300000684460BC4207D20C480168091D0E4804
:10A04000006800F0FFFE0CE008480168091D0B489D
:10A05000006800F0F7FE0A480068844201D2084810
:10A060000460BDE8F08100004C00002038000020B2
:10A0700050000020A40E0020400000203C000020E2
:10A080006800002010B5044600F002FF2348006875
:10A09000401C224908602248006840B920480460FA
:10A0A0000846006801280DD100F0FAF90AE01D48C1
:10A0B000006838B91A480068C06AE16A884201D865
:10A0C0001748046018480068401C1749086094F855
:10A0D0002C1001208840154909680843134908607D
:10A0E000E16A01EB8101124A02EB8100211D00F0BF
:10A0F000C3FE00F0F7FE0B48006868B1084800682E
:10A10000C06AE16A884207D24FF08050094908606E
:10A11000BFF34F8FBFF36F8F10BD000048000020CA
:10A12000380000205400002064000020500000206F
:10A13000C80D002004ED00E008B500F0A9FE1248AB
:10A140000068E8B9114800F06DFE114800F06AFEA1
:10A150000E48104908600E480F49086000200F4B58
:10A160000F4A102100900A2001F0E4FA0649086025
:10A170000846006820B10BA10348006800F072FF98
:10A1800000F0B0FE08BD00007C000020B80E0020EA
:10A19000CC0E00207400002078000020E00E00208B
:10A1A000280F0020546D72510000000010B516E019
:10A1B00000F06EFE0C48C068C468201D00F005FE6B
:10A1C0000A480068401E0949086009480068401EA6
:10A1D0000749086000F086FE204600F05FF804485A
:10A1E00000680028E4D110BD900E00204800002037
:10A1F0004400002070B504460D46206C70B1216CFF
:10A20000E0680144E160D4E90210884201D321688A
:10A21000E1602846226CE168F6F7E3FA70BD2DE9AB
:10A22000F04104460F4615464FF00008A66B206C1F
:10A2300048B9206800282CD1A06801F0DBFE8046D8
:10A240000020A06025E07DB93946226C6068F6F7F1
:10A25000C8FA216C606808446060D4E90101884252
:10A2600017D32068606014E03946226CE068F6F786
:10A27000B8FA216CE068411AE1602168E068884220
:10A2800003D2216CA068411AE160022D01D106B110
:10A29000761E701CA0634046BDE8F08110B50446F0
:10A2A00094F8510030B9206B00F03AFE204600F0DF
:10A2B00037FE1AE094F85100012803D1204600F03F
:10A2C0002FFE12E094F85100022801D1012000E095
:10A2D000002050B900BF502080F31188BFF34F8F8A
:10A2E000BFF36F8F00BF00BFFEE710BD0146084AF5
:10A2F000126812680AB9012200E000220A600A68A6
:10A3000022B9034A1268D268106800E00020704742
:10A310007400002030B548F2D043174800F007041D
:10A320002CB1C01D20F00700134C041B1B1B024660
:10A33000124C22600024114D6C60D018083820F0B7
:10A3400007000F4C206000240D4D2D686C600C4DF3
:10A350002D682C601146441A4C60094C24680C602E
:10A36000084D4C682C60084D4C682C604FF0004440
:10A37000064D2C6030BD0000C80F00208800002072
:10A38000900000209800002094000020A4000020ED
:10A3900000BFFFF70BFF064800680128F9D94FF00E
:10A3A000805004490860BFF34F8FBFF36F8FF0E711
:10A3B000C80D002004ED00E02DE9F04106460D46F1
:10A3C00017469846069C0DB9246000E02760E663B6
:10A3D00025640121204601F01DFABDE8F0812DE938
:10A3E000F05F82460E4690469B460A9F0C9C4FEAC1
:10A3F0008801A522206BF6F76BFAA8F10100216B0A
:10A4000001EB800929F0070909F0070008B90120CC
:10A4100000E0002050B900BF502080F31188BFF346
:10A420004F8FBFF36F8F00BF00BFFEE786B10025DF
:10A4300007E0715D04F134004155705D00B902E040
:10A440006D1C102DF5D300BF00214320015502E003
:10A45000002084F83400072F00D30627E7626764E2
:10A460000020A064201D00F0EAFC04F1180000F0B8
:10A47000E6FC2461C7F10700A06164620020E0648B
:10A4800084F8500084F852005A465146484600F07D
:10A4900071FB20600B9808B10B980460BDE8F09F39
:10A4A00010B5002407E004EB84010F4A02EB8100A1
:10A4B00000F0B8FC641C072CF5D30C4800F0B2FC8B
:10A4C0000B4800F0AFFC0B4800F0ACFC0A4800F071
:10A4D000A9FC0A4800F0A6FC0448094908600448A1
:10A4E0000849086010BD0000C80D0020540E00206F
:10A4F000680E00207C0E0020900E0020A40E00208C
:10A500003C0000204000002010B50146164800E045
:10A51000006803688B42FBD30246436813448B42B6
:10A5200004D143684C682344436001460A464B68A3
:10A5300013440468A34211D10C4C03682468A3425D
:10A5400008D04B680468646823444B6003681B6848
:10A550000B6005E0054B1B680B6001E003680B60B6
:10A56000884200D0016010BD8800002090000020CB
:10A570002DE9F04104460D4616461F464FF00008EF
:10A5800065602461B5420CD8F01BA169884202D3F2
:10A590004FF0010811E0211D0948006800F052FC4D
:10A5A0000BE0BE4204D2BD4202D34FF0010804E0EA
:10A5B000211D0448006800F045FC4046BDE8F081DC
:10A5C000780000207400002070B5054600F060FCA3
:10A5D000A86B08B9012400E0002400F083FC2046A9
:10A5E00070BD70B5054600F053FCA86BE96B88425E
:10A5F00001D1012400E0002400F074FC204670BD6D
:10A60000F8B505460F461A480068C068C468201DA2
:10A6100000F0DBFB94F8240000F00400E8B1A0692E
:10A6200041192B463A462046FFF7A2FFD8B1002039
:10A6300003462A4601460090204601F049FE0646A0
:10A6400056B900BF502080F31188BFF34F8FBFF37E
:10A650006F8F00BF00BFFEE705E094F8240020F0F4
:10A66000010084F824002046216A8847F8BD0000D4
:10A6700074000020F0B587B0A0E00398002811DA3C
:10A6800004AE56B900BF502080F31188BFF34F8F3E
:10A69000BFF36F8F00BF00BFFEE7D6E90020B168AF
:10A6A000904700BF03980028E6DB059C606908B965
:10A6B000012000E0002010B9201D00F086FB02A858
:10A6C00000F0DEF8054603980A2875D2DFE800F0AE
:10A6D00009050739416306083A4200BF00BF00BFC1
:10A6E00000BF94F8240040F0010084F8240004988E
:10A6F000A269811803462A462046FFF739FFF8B1C0
:10A700002046216A884794F8240000F00400B8B17C
:10A71000002000900498A1694218002319462046A1
:10A7200001F0D6FD074657B900BF502080F31188CD
:10A73000BFF34F8FBFF36F8F00BF00BFFEE700BFB7
:10A740003BE000BF94F8240020F0010084F82400CE
:10A7500033E000BF94F8240040F0010084F82400A6
:10A760000498A061A06908B1012000E0002050B960
:10A7700000BF502080F31188BFF34F8FBFF36F8F5E
:10A7800000BF00BFFEE7A06941192B462A462046BC
:10A79000FFF7EEFE11E094F8240000F0020018B973
:10A7A000204600F0BDFB05E094F8240020F00100F5
:10A7B00084F8240001E0FFE700BF00BF002203A9E6
:10A7C0000448006801F0C4F900287FF456AF07B0D0
:10A7D000F0BD00007C000020F8B505460C4600F0F6
:10A7E000BFFD684600F04CF80646009820BB44B90F
:10A7F000B54206D801F0AEFC31462846FFF700FF0F
:10A800001CE03CB10E480068006808B9012000E077
:10A8100000200446A91B22460A48006800F038FCC4
:10A8200001F098FC50B94FF0805007490860BFF321
:10A830004F8FBFF36F8F01E001F08CFCF8BD00007B
:10A84000780000207C00002004ED00E00A4909683F
:10A85000096809B9012100E0002121B14FF0FF3161
:10A86000064A116006E004490968C968C868034AD5
:10A8700041681160704700003C0000206800002023
:10A8800070B5044601F00CFB054607480068854298
:10A8900004D200F00BF80120206001E000202060CD
:10A8A00001480560284670BD840000202DE9F8436A
:10A8B00034E025480068C068056823480068C0681F
:10A8C000C468201D00F081FA2046216A884794F868
:10A8D000240000F0040008B3A0694619AE4207D96D
:10A8E00066602461211D1848006800F0ABFA15E08D
:10A8F000002003462A4601460090204601F0E8FC6D
:10A90000074657B900BF502080F31188BFF34F8F1F
:10A91000BFF36F8F00BF00BFFEE700BF0A480068AB
:10A92000006808B9012000E000200028C1D00648D6
:10A93000D0F8008005480068034908600348C0F863
:10A940000080BDE8F883000074000020780000203B
:10A950000E480068401C08B9012000E0002050B9F2
:10A9600000BF502080F31188BFF34F8FBFF36F8F6C
:10A9700000BF00BFFEE700BF502080F31188BFF387
:10A980004F8FBFF36F8F00BF00BFFEE7A80000200E
:10A9900008B500BF6846FFF7A9FC044620460099A9
:10A9A000FFF71AFFFFF766FEF4E770B5044600F004
:10A9B0006FFA94F9455010E0606A08B9012000E090
:10A9C000002038B904F1240001F078FB18B100F040
:10A9D00029FC00E003E0681E45B2002DECDC00BF5E
:10A9E000FF2084F8450000F07DFA00F051FA94F958
:10A9F000445010E0206908B9012000E0002048B967
:10AA000004F1100001F05AFB08B100F00BFC681EC5
:10AA100045B200E001E0002DECDC00BFFF2084F82F
:10AA2000440000F05FFA70BD2DE9F04104464FF09C
:10AA3000000800F095FC4948006808B9FFF76AFC77
:10AA4000474800682040002870D1D4B1083404F091
:10AA50000700B0B104F00700C0F10800044404F09E
:10AA6000070008B9012000E0002050B900BF5020C5
:10AA700080F31188BFF34F8FBFF36F8F00BF00BF0C
:10AA8000FEE7002C52D03748006884424ED8364E3C
:10AA90003046056801E02E462D686868A04202D263
:10AAA00028680028F7D12D48006885423ED03068DC
:10AAB00000F10808286830606868001B102819D960
:10AAC0002F1907F0070008B9012000E0002050B955
:10AAD00000BF502080F31188BFF34F8FBFF36F8FFB
:10AAE00000BF00BFFEE76868001B78606C603846F6
:10AAF000FFF70AFD1B4968680968081A19490860C8
:10AB00000846006819490968884203D21548006858
:10AB1000164908601249686809680843686000209F
:10AB2000286013480068401C1149086001F012FBBE
:10AB300008F0070008B9012000E0002050B900BF6C
:10AB4000502080F31188BFF34F8FBFF36F8F00BF8A
:10AB500000BFFEE74046BDE8F08100009000002005
:10AB6000A40000209400002088000020980000200D
:10AB70009C000020001F4FF080730360001F21F035
:10AB800001030360001F054B036014380260001FBF
:10AB90006FF00203036020387047000051A90008DD
:10ABA00005490978012905D103490979024A5171FA
:10ABB0001146087170470000C9AC0020034989782C
:10ABC000024AD1701146887070470000C9AC00205D
:10ABD0000149C87170470000C9AC002000B50346A8
:10ABE0000648007805494870084603700078012837
:10ABF00003D000200871FFF7D3FF00BDC9AC0020CF
:10AC000010B50120094981F8BC0281F8BF0200207B
:10AC100081F8BE02012081F85C0F084690F8BC0262
:10AC2000012801D1FEF73CFF10BD0000409D00202F
:10AC30000149887170470000C9AC0020514991F862
:10AC40003011022920D15049497F91B14F4989796A
:10AC500001290ED14E49498900EE101AB8EE400A7A
:10AC6000DFED4C0A30EE200A00F5406181EDD60A96
:10AC700024E04749498900EE101AB8EE400A00F571
:10AC8000406181EDD60A19E03F49497F79B13F49DA
:10AC9000897901290BD1404991ED000ADFED3D0A88
:10ACA00030EE200A00F5406181EDD60A06E03A490F
:10ACB00091ED000A00F5406181EDD60A90F8BC12D2
:10ACC00001295ED135490978C1F3820103292CD1CC
:10ACD00000F5406191EDD60ADFED310A70EE600AB1
:10ACE0009FED301AB6EE000A00EE810A80ED820A6E
:10ACF00091EDD60ADFED2A0A70EE600A9FED291A5F
:10AD0000B6EE000A00EE810A80ED830A91EDD60AC4
:10AD1000DFED230A70EE600A9FED231A9FED230AF0
:10AD200000EE810A80ED840A2BE000F5406191ED90
:10AD3000D60ADFED1B0A70EE600A9FED1A1AB7EE15
:10AD4000000A00EE810A80ED820A91EDD60ADFED5D
:10AD5000140A70EE600A9FED131AB7EE000A00EEB7
:10AD6000810A80ED830A91EDD60ADFED0D0A70EEBF
:10AD7000600A9FED0C1AB1EE040A00EE810A80ED24
:10AD8000840A704750AE0020E8AD0020C9AC002016
:10AD9000C3AF002000007042080100200C01002019
:10ADA000000034424260E53B8FC2753DCDCC6C4023
:10ADB000F0EE400AF5EEC00AF1EE10FA02DBB7EE53
:10ADC000000A7047BFEE000AFBE701460A69D1E9B5
:10ADD00001309860D1E9010358605068884201D180
:10ADE00088685060002008611068401E106010687C
:10ADF00070470000034B0360034B0B60802313601C
:10AE0000704700004404002098040020034B0360B6
:10AE1000034B0B604FF4807313607047980600205B
:10AE2000EC06002000F1080141604FF0FF31816025
:10AE300000F10801C160016100210160704700213B
:10AE40000161704710B502460B685C1C0CB91069B3
:10AE500007E002F1080000E04068446824689C4272
:10AE6000FAD944684C604C68A160886041600A610E
:10AE70001468641C146010BD42684A6093688B605B
:10AE8000936859609160086103685B1C03607047B8
:10AE900000BF502080F31188BFF34F8FBFF36F8F37
:10AEA00000BF0E480068401C0C4908600846006856
:10AEB000012812D10A480068C0B208B9012000E098
:10AEC000002050B900BF502080F31188BFF34F8F8E
:10AED000BFF36F8F00BF00BFFEE77047A8000020E0
:10AEE00004ED00E00D48006850B900BF502080F329
:10AEF0001188BFF34F8FBFF36F8F00BF00BFFEE716
:10AF000006480068401E054908600846006820B9E8
:10AF1000002080F3118800BF00BF7047A800002008
:10AF200070B506463546002E44D0083D2C462249D1
:10AF300060680968084008B1012000E0002050B9AD
:10AF400000BF502080F31188BFF34F8FBFF36F8F86
:10AF500000BF00BFFEE7206808B9012000E0002024
:10AF600050B900BF502080F31188BFF34F8FBFF35B
:10AF70006F8F00BF00BFFEE70F4960680968084097
:10AF8000C0B12068B0B90C49606809688843606046
:10AF900000F0E6F909496068096808440749086053
:10AFA0002046FFF7B1FA06480068401C04490860D3
:10AFB00001F0D0F870BD0000A40000209400002033
:10AFC000A000002000204FF0E021086188610648C1
:10AFD00000684FF47A71B0FBF1F0401E4FF0E021B1
:10AFE00048610720086170473400002070B5F5F70C
:10AFF000A5F90446102C16D304F1E02090F8F05384
:10B0000015480078854201DB012000E0002050B99E
:10B0100000BF502080F31188BFF34F8FBFF36F8FB5
:10B0200000BF00BFFEE70D48006800F4E0600C4977
:10B030000968884201D8012000E0002050B900BF13
:10B04000502080F31188BFF34F8FBFF36F8F00BF85
:10B0500000BFFEE770BD0000AC0000200CED00E07A
:10B06000B0000020024600200BE0084B53F83030BF
:10B0700033B9064B43F8301003EBC0035A6002E0CB
:10B08000401C0828F1D300BF70470000880D002045
:10B090002DE9F04105460E4617462C46FFF7F8FE0F
:10B0A00094F94400401C10B9002084F8440094F93D
:10B0B0004500401C10B9002084F84500FFF712FF3E
:10B0C000A06B28B93A46314604F1240000F0CCF8D0
:10B0D0002046FFF76AFCBDE8F081000070B5044629
:10B0E0000025D4B11248006808B9012000E0002012
:10B0F00050B900BF502080F31188BFF34F8FBFF3CA
:10B100006F8F00BF00BFFEE700F02AF90021204644
:10B11000FEF766FF01F01EF805463DB94FF080507E
:10B1200004490860BFF34F8FBFF36F8F70BD0000FD
:10B130007000002004ED00E02DE9F04704460F46C2
:10B140004FF0000954B900BF502080F31188BFF3BD
:10B150004F8FBFF36F8F00BF00BFFEE70FB101201D
:10B1600000E0002050B900BF502080F31188BFF3E9
:10B170004F8FBFF36F8F00BF00BFFEE7204800680E
:10B1800008B9012000E0002050B900BF502080F332
:10B190001188BFF34F8FBFF36F8F00BF00BFFEE773
:10B1A00000F0DEF8174806682068C5192068B0422C
:10B1B00007D92068A8420BD9B54209D94FF0010937
:10B1C00006E02068A84201D8B54201D94FF0010934
:10B1D0002560B9F1000F03D0A81B0021FEF700FF86
:10B1E00000F0B8FF8046B8F1000F07D14FF0805053
:10B1F00005490860BFF34F8FBFF36F8FBDE8F0873D
:10B20000700000204C00002004ED00E003490968B4
:10B210000160034909684160704700006000002038
:10B220004C00002001200149086070475C000020AC
:10B2300070B504460D4654B900BF502080F3118804
:10B24000BFF34F8FBFF36F8F00BF00BFFEE705480E
:10B25000016818312046FFF7F5FD01212846FEF769
:10B26000BFFE70BD3800002070B505460E4614467E
:10B2700055B900BF502080F31188BFF34F8FBFF343
:10B280006F8F00BF00BFFEE70648016818312846EF
:10B29000FFF7F2FD0CB14FF0FF3621463046FEF7C6
:10B2A0009FFE70BD3800002010B586B000200590CC
:10B2B000049003AA04A905A8FFF79CFD0022DDE97C
:10B2C00004101346CDE9002102901EA11F48039AE5
:10B2D00000F078FD1E4908600846006808B10124A6
:10B2E00000E00024012C02D100F0B6FF0446012C3E
:10B2F00015D100BF502080F31188BFF34F8FBFF3EB
:10B300006F8F00BF4FF0FF301249086001201249D3
:10B31000086000201149086000F058F910E0601C36
:10B3200008B1012000E0002050B900BF502080F398
:10B330001188BFF34F8FBFF36F8F00BF00BFFEE7D1
:10B3400006B010BD49444C450000000091A3000820
:10B350006C00002068000020540000204C000020F9
:10B3600002480068401C01490860704770000020D6
:10B370001D48006818B101201C49086032E0002017
:10B380001A4908601A480068B0FA80F0C0F11F013D
:10B3900001EB8100174A52F8200008B1012000E0BB
:10B3A000002050B900BF502080F31188BFF34F8FA9
:10B3B000BFF36F8F00BF00BFFEE701EB81020D4BB3
:10B3C00003EB820042685268426000F10802436861
:10B3D000934202D14268526842604268D268064B8A
:10B3E0001A6000BF70470000700000205C00002061
:10B3F00050000020C80D00203800002010B5044681
:10B40000D4ED7F0A94ED821A60EE810AB0EE600AF4
:10B4100004F50870FCF7AEF984ED7D0AD4ED800ADE
:10B4200094ED831A60EE810AB0EE600A04F51270A2
:10B43000FCF7A0F984ED7E0AD4ED810A94ED841A1C
:10B4400060EE810AB0EE600A04F51C70FCF792F918
:10B4500084ED7C0A10BD000070B52DED068B04460E
:10B460009FED550A10EE106A002570E004F5A070FB
:10B4700000EB451090ED060ADFED500A20EE200AA1
:10B4800004F6746000EB850080ED000A04F5A070FE
:10B4900000EB451090ED070A04F6946000EB850080
:10B4A00080ED000A04F5F07000EB850090ED000AD5
:10B4B000DFED430A80EE201A04F6846000EB85007D
:10B4C00080ED001A04F5297000EB850090ED000A6C
:10B4D00004F1C00000EB4510D0ED060A30EE600A22
:10B4E00010EE101A084601F041FB41EC1A0BB0EEC9
:10B4F0004A0AF0EE6A0AFDF778F8B0EE409AF0EEEC
:10B50000609A9FED300B53EC102B51EC190B01F0AE
:10B5100043F841EC180B00F01DFF0646304601F0E1
:10B5200025FB41EC190BB0EE490AF0EE690AFDF774
:10B530005CF8B0EE408AF0EE608A51EC180B00F037
:10B5400009FF014604F5736040F825106D1C042DB9
:10B550008CDB04F54060D0EDD60AB0EE600A04F64C
:10B560007460F9F735FF002020E004F5F07101EB7D
:10B57000800191ED000A04F6E86101EB8001D1ED54
:10B58000000A20EE200A04F5F07101EB800181ED44
:10B59000000A04F5F07101EB800191ED000A04F559
:10B5A000766101EB800181ED000A401C0428DCDBA0
:10B5B000BDEC068B70BD00000000000035FA8E3C2B
:10B5C000CDCC4C44000000A046DF913F1CB5524852
:10B5D00000685249884201D0012000E0002050B9A3
:10B5E00000BF502080F31188BFF34F8FBFF36F8FE0
:10B5F00000BF00BFFEE7484800684849491E88422E
:10B6000001D0012000E0002050B900BF502080F39D
:10B610001188BFF34F8FBFF36F8F00BF00BFFEE7EE
:10B620003F49084600780190FF200A4610700846FE
:10B63000007800909DF8000000F0F0009DF80020D8
:10B64000904201D1012000E0002050B900BF5020FD
:10B6500080F31188BFF34F8FBFF36F8F00BF00BF20
:10B66000FEE79DF8000000F050002E4A1070072001
:10B670002D4A106009E02C480068401E2A4A1060DC
:10B680009DF800004006000E00909DF8000000F0BC
:10B6900080008028EFD024480068C0F1070004280B
:10B6A00001D1012000E0002050B900BF502080F3FC
:10B6B0001188BFF34F8FBFF36F8F00BF00BFFEE74E
:10B6C000194800680002184A10601046008800F40B
:10B6D000E0601060124A019810700F482030006836
:10B6E00040F470000C49203108600846006840F0C2
:10B6F00070400860FFF766FC00200C490860F4F712
:10B70000E5FD0B48006840F0404009490860F4F747
:10B71000C9FD00201CBD000000ED00E071C20F411A
:10B7200000E400E0AC000020B0000020A8000020F1
:10B7300034EF00E02DE9F84380460E4617461D46DB
:10B74000DDF82090B8F1000F01D0012000E00020CA
:10B7500050B900BF502080F31188BFF34F8FBFF363
:10B760006F8F00BF00BFFEE70DB1012000E0002099
:10B7700050B900BF502080F31188BFF34F8FBFF343
:10B780006F8F00BF00BFFEE707B10EB1012000E0E0
:10B79000002050B900BF502080F31188BFF34F8FB5
:10B7A000BFF36F8F00BF00BFFEE707B90EB90120DE
:10B7B00000E0002050B900BF502080F31188BFF393
:10B7C0004F8FBFF36F8F00BF00BFFEE74820009090
:10B7D0000098482801D1012000E0002050B900BFA6
:10B7E000502080F31188BFF34F8FBFF36F8F00BFDE
:10B7F00000BFFEE700BF2C464CB1012084F8460094
:10B800004B463A46314640460094FEF7D5FD204669
:10B81000BDE8F88370B505460E462C4654B900BF06
:10B82000502080F31188BFF34F8FBFF36F8F00BF9D
:10B8300000BFFEE7FFF72CFBD4E90F12206801FBE5
:10B840000200A0600020A06320686060E06B401EE2
:10B85000226C216800FB0211E160FF2084F84400A3
:10B8600084F845009EB9206908B9012000E0002055
:10B87000A8B904F1100000F021FC80B14FF0805015
:10B8800009490860BFF34F8FBFF36F8F07E004F1E2
:10B890001000FFF7C7FA04F12400FFF7C3FAFFF71F
:10B8A00021FB012070BD000004ED00E02DE9FF4305
:10B8B00083B0064688461D464FF00009344654B909
:10B8C00000BF502080F31188BFF34F8FBFF36F8FFD
:10B8D00000BF00BFFEE7B8F1000F01D1206C08B92E
:10B8E000012000E0002050B900BF502080F31188F3
:10B8F000BFF34F8FBFF36F8F00BF00BFFEE7022D76
:10B9000002D1E06B012801D1012000E0002050B9F4
:10B9100000BF502080F31188BFF34F8FBFF36F8FAC
:10B9200000BF00BFFEE700F0ABFA08B9059808B900
:10B93000012000E0002050B900BF502080F31188A2
:10B94000BFF34F8FBFF36F8F00BF00BFFEE700BF95
:10B95000FFF79EFAA06BE16B884201D3022D28D13C
:10B960002A4641462046FEF75AFC0746606A08B957
:10B97000012000E0002068B904F1240000F09EFBE3
:10B9800088B14FF0805032490860BFF34F8FBFF34A
:10B990006F8F08E03FB14FF080502D490860BFF332
:10B9A0004F8FBFF36F8FFFF79DFA012007B0BDE8FF
:10B9B000F083059818B9FFF795FA0020F6E7B9F17A
:10B9C000000F04D101A8FFF721FC4FF00109FFF798
:10B9D00089FAFFF7C5FCFFF75BFA94F94400401CB5
:10B9E00010B9002084F8440094F94500401C10B9B7
:10B9F000002084F84500FFF775FA05A901A800F0BA
:10BA00005BF9F0B92046FEF7ECFDA0B104F110009F
:10BA10000599FFF70DFC2046FEF7C7FF00F09AFBE3
:10BA2000002895D14FF0805009490860BFF34F8F2F
:10BA3000BFF36F8F8CE72046FEF7B7FF00F08AFB5D
:10BA400086E72046FEF7B1FF00F084FB0020ADE75B
:10BA500004ED00E02DE9F84F07468A4690461E4661
:10BA60003C4654B900BF502080F31188BFF34F8F7C
:10BA7000BFF36F8F00BF00BFFEE7BAF1000F01D127
:10BA8000206C08B9012000E0002050B900BF502010
:10BA900080F31188BFF34F8FBFF36F8F00BF00BFDC
:10BAA000FEE7022E02D1E06B012801D1012000E067
:10BAB000002050B900BF502080F31188BFF34F8F92
:10BAC000BFF36F8F00BF00BFFEE7FFF78FFA00BF25
:10BAD0005021EFF3118081F31188BFF34F8FBFF333
:10BAE0006F8F00BF0546A06BE16B884201D3022E29
:10BAF00025D194F945B0A06B0090324651462046BE
:10BB0000FEF78DFB0BF1010088B9606A08B90120CE
:10BB100000E0002050B904F1240000F0CFFA28B171
:10BB2000B8F1000F02D00120C8F8000004E00BF1CA
:10BB3000010040B284F845004FF0010901E04FF0E8
:10BB4000000900BF85F3118800BF4846BDE8F88FA3
:10BB50002DE9F74183B005460E464FF000082C460C
:10BB600054B900BF502080F31188BFF34F8FBFF34B
:10BB70006F8F00BF00BFFEE70EB9206C08B901202F
:10BB800000E0002050B900BF502080F31188BFF3BF
:10BB90004F8FBFF36F8F00BF00BFFEE700F070F95B
:10BBA00008B9059808B9012000E0002050B900BF8D
:10BBB000502080F31188BFF34F8FBFF36F8F00BF0A
:10BBC00000BFFEE700BFFFF763F9A76BF7B131468F
:10BBD0002046FEF70FFB781EA063206908B90120FC
:10BBE00000E0002060B904F1100000F067FA38B1FD
:10BBF0004FF080502F490860BFF34F8FBFF36F8F16
:10BC0000FFF770F9012006B0BDE8F081059818B97A
:10BC1000FFF768F90020F6E7B8F1000F04D101A89A
:10BC2000FFF7F4FA4FF00108FFF75CF9FFF798FB14
:10BC3000FFF72EF994F94400401C10B9002084F855
:10BC4000440094F94500401C10B9002084F84500D8
:10BC5000FFF748F905A901A800F02EF8F0B9204631
:10BC6000FEF7B2FCA0B104F124000599FFF7E0FA59
:10BC70002046FEF79AFE00F06DFA0028A3D14FF09F
:10BC800080500C490860BFF34F8FBFF36F8F9AE766
:10BC90002046FEF78AFE00F05DFA94E72046FEF7A4
:10BCA00084FE00F057FA2046FEF78EFC00288AD06A
:10BCB0000020A8E704ED00E070B506460C4656B932
:10BCC00000BF502080F31188BFF34F8FBFF36F8FF9
:10BCD00000BF00BFFEE754B900BF502080F31188B9
:10BCE000BFF34F8FBFF36F8F00BF00BFFEE7FFF7BB
:10BCF000CFF8184802687068131A1748006890F85F
:10BD0000520030B100201449096881F85200012521
:10BD10001CE02068401C08B9002517E00F49306876
:10BD20000968884204D07068904201D801250DE06E
:10BD30002068984207D92068C01A20603046FFF773
:10BD400065FA002502E0002020600125FFF7CAF80F
:10BD5000284670BD4C000020380000206000002004
:10BD60002DE9FF4F85B0804689461746DDE912ABC5
:10BD7000B800FEF759FE064656B15420FEF754FEB1
:10BD800004460CB1266304E03046FFF7C9F800E032
:10BD900000248CB1002084F85100CDE900ABCDE93E
:10BDA00002403A4649464046089BFEF718FB2046AB
:10BDB000FEF768F9012501E04FF0FF35284609B08C
:10BDC000BDE8F08F2DE9F04F85B0074688469146D3
:10BDD0009A46DDE90EB6109C0EB1012000E000206D
:10BDE00050B900BF502080F31188BFF34F8FBFF3CD
:10BDF0006F8F00BF00BFFEE70CB1012000E0002004
:10BE000050B900BF502080F31188BFF34F8FBFF3AC
:10BE10006F8F00BF00BFFEE75420039003985428A3
:10BE200001D1012000E0002050B900BF502080F374
:10BE30001188BFF34F8FBFF36F8F00BF00BFFEE7C6
:10BE400000BFB4B1AEB125462C462E63022085F862
:10BE50005100002004A953464A46CDE900B1CDE97E
:10BE6000025041463846FEF7BAFA2846FEF70AF96C
:10BE700001E000200490049805B0BDE8F08F0000B8
:10BE80000549096809B9012005E00449096809B9AB
:10BE9000022000E0002070475400002070000020C5
:10BEA00001490868704700004C0000202DE9F0416E
:10BEB0004FF000084448006800287CD143480068DF
:10BEC000451C4248056015BB41480068006808B938
:10BED000012000E0002050B900BF502080F31188FD
:10BEE000BFF34F8FBFF36F8F00BF00BFFEE738482F
:10BEF00007683848006836490860364807603648A1
:10BF00000068401C34490860FEF7A0FC00BF3348BD
:10BF1000006885423CD300BF2D480068006808B91E
:10BF2000012000E0002020B14FF0FF302B490860D5
:10BF30002DE027480068C068C4686668B54202D230
:10BF40002648066023E0201DFEF73FFFA06A18B1D7
:10BF500004F11800FEF739FF94F82C1001208840F6
:10BF60001F49096808431E490860E16A01EB810125
:10BF70001C4A02EB8100211DFEF77EFF1A49E06A90
:10BF80000968C96A8842C7D34FF00108C4E700BFF7
:10BF900015480068C06A00EB8000124951F8200083
:10BFA000012801D94FF001081048006808B14FF08E
:10BFB000010805E0FFE70E480068401C0C490860D6
:10BFC0004046BDE8F0810000700000204C000020D9
:10BFD0003C0000204000002060000020680000209D
:10BFE00050000020C80D0020380000205C00002018
:10BFF0005800002070B505462C460026002D55D06F
:10C000002B480068844201D1012000E0002050B993
:10C0100000BF502080F31188BFF34F8FBFF36F8FA5
:10C0200000BF00BFFEE7A06C50B900BF502080F3F6
:10C030001188BFF34F8FBFF36F8F00BF00BFFEE7C4
:10C04000A06C401EA064616CE06A88422ED0A06C97
:10C0500060BB201DFEF7B9FE78B9E06A00EB8000F6
:10C06000144951F8200040B994F82C100120884060
:10C0700011490968814310480160606CE062E06A20
:10C08000C0F10700A06194F82C10012088400A49F3
:10C090000968084308490860E16A01EB8101054A23
:10C0A00002EB8100211DFEF7E7FE0126304670BD40
:10C0B00038000020C80D00205000002070B5064652
:10C0C000F068C46854B900BF502080F31188BFF3F2
:10C0D0004F8FBFF36F8F00BF00BFFEE704F1180062
:10C0E000FEF773FE15480068A8B9201DFEF76DFE27
:10C0F00094F82C1001208840114909680843104920
:10C100000860E16A01EB81010E4A02EB8100211D0A
:10C11000FEF7B2FE04E004F118010B48FEF7ACFE96
:10C120000A49E06A0968C96A884204D901250120E0
:10C130000749086000E00025284670BD7000002017
:10C1400050000020C80D00207C0E00203800002088
:10C150005C00002070B5002400263648006850B905
:10C1600000BF502080F31188BFF34F8FBFF36F8F54
:10C1700000BF00BFFEE7FEF78BFE2E480068401EA2
:10C180002C4908600846006800284FD12A480068FA
:10C1900000284BD024E02948C068C46804F1180086
:10C1A000FEF713FE201DFEF710FE94F82C10012060
:10C1B000884023490968084321490860E16A01EB86
:10C1C0008101204A02EB8100211DFEF755FE1E4928
:10C1D000E06A0968C96A884202D301201B490860E5
:10C1E0001648006808B9012000E000200028D2D0DD
:10C1F0000CB1FEF72BFB1648056865B100BFFFF7D1
:10C2000055FE10B10120114908606D1E002DF6D1B8
:10C2100000200F4908600D48006838B1012630073A
:10C220000C490860BFF34F8FBFF36F8FFEF75AFEC4
:10C23000304670BD70000020480000207C0E0020B9
:10C2400050000020C80D0020380000205C000020B5
:10C250005800002004ED00E010B586B00024FDF782
:10C260006BFF16480068D0B100200590049003AA27
:10C2700004A905A8FEF7CAFD0222DDE90410002387
:10C28000CDE9002102900EA10F48039AFFF79AFD15
:10C290000E4908600846006800B1012400BF54B987
:10C2A00000BF502080F31188BFF34F8FBFF36F8F13
:10C2B00000BF00BFFEE7204606B010BD7C00002096
:10C2C000546D72205376630091A90008800000200D
:10C2D0002DE9FF4704460D4616461F46DDF830801F
:10C2E0004FF0000954B900BF502080F31188BFF30C
:10C2F0004F8FBFF36F8F00BF00BFFEE71448006889
:10C3000010B3009501960294062D15DAFFF7B8FDDB
:10C31000022808D10023424669460D480068FFF70D
:10C32000C5FA814610E000231A46694608480068AD
:10C33000FFF7BCFA814607E000233A466946044805
:10C340000068FFF787FB8146484604B0BDE8F087E8
:10C350007C00002021F00042A2F16052B2F5801F63
:10C3600001F0004328BFD2F17F6C0BD95FEA001CBB
:10C3700043EAC20242EB507018BF704728BF20F05A
:10C3800001007047B2F5801FBCBF184670474FEAE6
:10C39000410C1CF5001F02D2084600F05DBC70B5D0
:10C3A00000F0A4F900000089FFF7F6BF4FF000404D
:10C3B000A0F580007047000010B591EA030F48BF58
:10C3C00083F0004300F1F082841A71EB030C05D274
:10C3D000121943EB0C03001B61EB0C01DFF824E1A5
:10C3E0004FEA1154A4EB135C1EEA430F18BF9EEAF8
:10C3F000445F73D023EA0E03DCF1200E21EA0451DE
:10C4000043F4801332D322FA0CFE10EB0E0023FA11
:10C410000CFE41EB0E01CCF1200E03FA0EFE10EBE8
:10C420000E0051F10001B1F5801FCCF1200E32D287
:10C4300001EB045112FA0EF2BDE8104058BF7047EC
:10C44000401C38BF5FEA420218BF7047002814BF83
:10C4500020F0010041F100014FEA410313F5001FF4
:10C4600038BF7047A1F1C04100F08EB9012A43EBFB
:10C470000302ACF1200CDCF11F0E32BF4FF0000EB6
:10C4800023FA0CF310EB030041EB0451B4EB115F02
:10C49000D0D0A1EB045101F5801149085FEA3000CA
:10C4A00001EB04510ED350F1000038BF12FA0EFE1A
:10C4B00008D1BDE81040C9E7401C38BF5FEA42021E
:10C4C000CAD1C3E7BDE810404FEA410313F5001F8E
:10C4D00038BF7047A1F1C04100F056B99EEA445FF1
:10C4E00008D011EA5E0FBDE8104004BF01F0004122
:10C4F00000207047BDE8104070B500F0F7F800BFAD
:10C5000064FBBE3E0000E0FF491058BFC1F140414E
:10C510005B1058BFC3F140438B42EFF3008070477C
:10C5200051EA030C17D41CF5801F58BFBCF5801FBF
:10C5300000F10680994218BF704708BF90427047CB
:10C5400007D711F5801F58BF13F5801F19D49942E2
:10C550007047894270471CF5801F08D5BCF5801FC5
:10C56000F7D58B4218BF704708BF824270474FF41F
:10C57000001C1CEB410F38BF1CEB430F01D28B4258
:10C58000704770B500F0B2F8922449004FF00051A6
:10C590004FF08053FFF7B8BFDFF848C170B51CEA11
:10C5A000111E1EBF1CEA13159EEA0C0F95EA0C0F14
:10C5B00000F06F8081EA030423EA4C134EEAD47E34
:10C5C00021EA4C1141F4801143F48013AE44A1FBE5
:10C5D000024CA0FB0365AEF17F7E361955EB0C05CE
:10C5E000A1FB034C4CF10003A0FB021C16EB0C0654
:10C5F000654153F10003094218BF46F0010613F4E8
:10C60000007F0BD14FEA03314FEA0530340341EA92
:10C61000155140EA16506FF003020AE04FEAC321B9
:10C620004FEAC520F40241EA555140EA56506FF0F6
:10C63000020202EB2E4201EB025585EACE710AD0CE
:10C640005FEA440C18BF24F0004450F1000041F1AF
:10C65000000120EAD47040F2FE7C624500D270BD39
:10C66000A84214BF4FF080444FF04044002E08BF52
:10C670000024BEF1806FA8BFA1F1C041BDE87040A9
:10C6800080F282804FF0000001F1C04101F00041D2
:10C6900070479EEA0C0F0CEA131518BF95EA0C0FB1
:10C6A00006D04FF0000081EA030E0EF0004170BD8D
:10C6B00000F01CF88900013E00F007B800F009B84E
:10C6C0004FEA430C5FEA5C5C08D081EA030100F0AA
:10C6D0005BB84FEA410C5FEA5C5CF6D14FF00000BA
:10C6E000014970470000FF070000F87F0EF1020EBD
:10C6F0002EF0030E5EF8046B364205D4012A43EB9C
:10C70000030515F5001F12D8012841EB010C1CF59B
:10C71000001F0CD80ED14FEAD17C15F5001F0CEB91
:10C720004C0C0CF1020C08BF4CEBD37C04E04FF036
:10C73000080C01E04FEAD37C0CEB4C0526FA05F619
:10C7400006F00706B6F1040C06D20EEB860CBDE827
:10C7500070404CF0010C6047DFE80CF0090B02025E
:10C760004FF000414FF00000A1F5002170BD1946C7
:10C770001046012851EB010418BFD4F5001484BF02
:10C78000002001F0004170BD0808A0F500114FEA3B
:10C790003101704753EA010C17D41CF5801F58BFB4
:10C7A000BCF5801F00F106808B4218BF704708BFA0
:10C7B0008242704707D713F5801F58BF11F5801FBD
:10C7C00019D48B4270479B4270471CF5801F08D5D7
:10C7D000BCF5801FF7D5994218BF704708BF90423B
:10C7E00070474FF4001C1CEB430F38BF1CEB410F8C
:10C7F00001D2994270470FB40CBC03BCFFF7C1BE15
:10C800002DE9F04101F5801CBCF5001FC0F2A980A4
:10C810004FEA115C21EA0C510CF1FD0C41F480113E
:10C820005FEA5C0C0CF5C07C01D34000494130A4A8
:10C83000890241EA905187028E0E0A0CA45D04FB26
:10C8400004F602FB06F6C6F14046A4FB0662F60DAE
:10C8500046EA422606FB06F4A4FB01235242C3F13A
:10C86000404338BF5B1EA6FB02420024E6FB0324C4
:10C87000D20B42EA4446A6FB0623A1FB02E2A3FB3D
:10C8800007E4E3FB61426442C2F1404E38BFAEF1BF
:10C89000010EA6FB04234FF00002E6FB0E32A2FBC2
:10C8A00003463400E2FB6264A1FB06E6A4FB07E852
:10C8B000E4FB61687642C8F1405838BFA8F101082E
:10C8C000A2FB06E4A3FB08E5E2FB6854A1FB05E636
:10C8D000A7FB04E8E1FB648618F1200556F1000689
:10C8E000A809A8F11B08B10908F03F08B8F10A0F20
:10C8F00040EA86601CD901EB0C51BDE8F08100BF15
:10C90000FCF5EEE8E2DDD8D3CFCBC7C3C0BDB9B6E6
:10C91000B4B1AEACA9A7A5A3A19F9D9B9A989695EB
:10C920009392908F8D8C8B89888786858483828172
:10C93000A0FB006800FB01F208EB4208B8EB872877
:10C9400007D5341858EB0104D5D5401C51F100012E
:10C95000D1E7341A78EB0104CDD4401E71F1000107
:10C96000C9E75FEA4C0C5FEA9C5C0DD105D34FF040
:10C97000000001F00041BDE8F081BDE8F04170B574
:10C98000FFF7B4FE6DDBFFBEBDE8F0414FF00000E5
:10C99000004970470000F87F10B591EA030F48BFC7
:10C9A00083F000433FF510AD841A71EB030C07D2FE
:10C9B00012198CF0004C43EB0C03001B61EB0C01D3
:10C9C000DFF8A4E14FEA1154A4EB135C1EEA430F15
:10C9D00018BF9EEA445F00F0B08023EA6E03524223
:10C9E00021EA0451C3EB6E0338BF5B1EDCF1200E5D
:10C9F00025D322FA0CFE10EB0E0043FA0CFE41EB9D
:10CA00000E01CCF1200E03FA0EFE10EB0E0051F1D8
:10CA10000001CCF1200E29D412FA0EF201EB0451E0
:10CA2000BDE8104058BF7047401C1CBFB2F1004F1A
:10CA3000704700280CBF491C20F00100704712EB22
:10CA4000020E43EB030218BF4FF0010E4EEA420202
:10CA5000ACF1200CDCF11E0E54D943FA0CFE10EBA5
:10CA60000E0051F1FF31CCF11E0ED5D50EF1010EA5
:10CA700012FA0EFE404141EB010101EB445C5FEA1A
:10CA80005C5C10D910EBDE7001EB045138BFBEF1D5
:10CA9000004FBDE8104018BF704700280CBF491C6C
:10CAA00020F00100704730D24FEAD42C11F500116C
:10CAB00024F400641BD0B1FA81F20B3AA41AA41E2C
:10CAC000D2F12003914030FA03F31943904001EB77
:10CAD000CC71002C01EB0451BDE81040A8BF704799
:10CAE00001F1C0414FF0000001F000417047B0FA81
:10CAF00080F310FA03F100D110BDE41A173C480589
:10CB0000C90AE4E701EB045110BD491001EB0451DF
:10CB1000BDE810404FEA300002E04FF000017047DE
:10CB20004A0008BF0042F8D0B2F5001F28BF704786
:10CB300001F000414FF0000070479EEA445F07D0CB
:10CB400011EA5E0FBDE8104004BF002100207047CD
:10CB5000BDE8104070B5FFF7C9FD00BF40DFF63EED
:10CB600083F00041104670470000E0FF43004FEAA9
:10CB7000D30C4FEA3C0C43401FBF40070CF16051FF
:10CB800013F0FE4F70471CF0006F03D100200CF033
:10CB9000004170470CF0004343EA507010B540EA82
:10CBA000CC0000F00EF800BF000000924FEA000138
:10CBB000FFF7EABD4FF000414FF00000A1F5002162
:10CBC00070470EF1020E2EF0030E5EF8044B244265
:10CBD00004D44FEA4102B2F17F4F11D84FEA40032B
:10CBE000B3F17F4F0CD80ED14FEAD07CB2F17F4F1A
:10CBF0000CEB4C0C0CF1020C08BF4CEBD17C04E0AC
:10CC00004FF0080C01E04FEAD17C0CEB4C0324FA06
:10CC100003F404F00704B4F1040C06D20EEB840C08
:10CC2000BDE810404CF0010C6047DFE80CF007084D
:10CC300002024FF00040A0F5800010BD08464200FF
:10CC400018BFD2F1807288BF00F0004010BD4FF0D5
:10CC50004070E1EE100A7047FF2141EAD050C00554
:10CC60007047000074D000086976000800000000DA
:10CC70000000000080000000000000000000000034
:10CC800080D00008E14E0008030000000000000012
:10CC900000040000000000000000000068D0000850
:10CCA000151E000803000000000000000004000042
:10CCB0000000000000000000ACD000087152000825
:10CCC000030000000000000000040000000000005D
:10CCD0000000000090D000084D7100080300000023
:10CCE0000000000000040000000000000000000040
:10CCF0009CD00008AD1800080300000000000000F0
:10CD00000004000000000000000000005CD00008EB
:10CD100019140008030000000000000000040000D7
:10CD200000000000000000000006101600061016AB
:10CD300000000000000000000102030406070809CB
:10CD40000000000001020304005EBCE2613FDD83DD
:10CD5000C29C7E20A3FD1F419DC3217FFCA2401EDB
:10CD60005F01E3BD3E6082DC237D9FC1421CFEA0CB
:10CD7000E1BF5D0380DE3C62BEE0025CDF81633DBB
:10CD80007C22C09E1D43A1FF4618FAA427799BC5AB
:10CD900084DA3866E5BB5907DB856739BAE406589B
:10CDA0001947A5FB7826C49A653BD987045AB8E68B
:10CDB000A7F91B45C6987A24F8A6441A99C7257B7B
:10CDC0003A6486D85B05E7B98CD2306EEDB3510F6B
:10CDD0004E10F2AC2F7193CD114FADF3702ECC925B
:10CDE000D38D6F31B2EC0E50AFF1134DCE90722C4B
:10CDF0006D33D18F0C52B0EE326C8ED0530DEFB13B
:10CE0000F0AE4C1291CF2D73CA947628ABF517492A
:10CE10000856B4EA6937D58B5709EBB536688AD41A
:10CE200095CB2977F4AA4816E9B7550B88D6346A0A
:10CE30002B7597C94A14F6A8742AC896154BA9F7FA
:10CE4000B6E80A54D7896B350000891112239B324A
:10CE50002446AD573665BF74488CC19D5AAFD3BECA
:10CE60006CCAE5DB7EE9F7F88110080193331A22DA
:10CE7000A5562C47B7753E64C99C408DDBBF52AEAA
:10CE8000EDDA64CBFFF976E802218B3010029913BA
:10CE90002667AF763444BD554AADC3BC588ED19F8A
:10CEA0006EEBE7FA7CC8F5D983310A20911218039A
:10CEB000A7772E66B5543C45CBBD42ACD99E508F6A
:10CEC000EFFB66EAFDD874C904428D5316619F706A
:10CED0002004A9153227BB364CCEC5DF5EEDD7FC4A
:10CEE0006888E1997AABF3BA85520C4397711E605A
:10CEF000A1142805B3373A26CDDE44CFDFFD56EC2A
:10CF0000E9986089FBBB72AA06638F7214409D5139
:10CF10002225AB343006B9174EEFC7FE5CCCD5DD09
:10CF20006AA9E3B8788AF19B87730E6295501C4119
:10CF3000A3352A24B1163807CFFF46EEDDDC54CDE9
:10CF4000EBB962A8F99A708B088481951AA793B6F9
:10CF50002CC2A5D33EE1B7F04008C919522BDB3AE9
:10CF6000644EED5F766DFF7C899400859BB712A6B9
:10CF7000ADD224C3BFF136E0C1184809D33B5A2AC9
:10CF8000E55E6C4FF77D7E6C0AA583B41886919799
:10CF90002EE3A7F23CC0B5D14229CB38500AD91BA9
:10CFA000666FEF7E744CFD5D8BB502A49996108779
:10CFB000AFF326E2BDD034C1C3394A28D11A580B89
:10CFC000E77F6E6EF55C7C4D0CC685D71EE597F449
:10CFD0002880A1913AA3B3B2444ACD5B5669DF7869
:10CFE000600CE91D722FFB3E8DD604C79FF516E439
:10CFF000A9902081BBB332A2C55A4C4BD7795E6849
:10D00000E11C680DF33F7A2E0EE787F61CC495D518
:10D010002AA1A3B03882B193466BCF7A5448DD5928
:10D02000622DEB3C700EF91F8FF706E69DD414C5F8
:10D03000ABB122A0B9923083C77B4E6AD5585C4908
:10D04000E33D6A2CF11E780F040000080000000088
:10D05000000000020001000010000000426C756535
:10D06000546F6F746800000067696D62616C546191
:10D07000736B000064656661756C745461736B005A
:10D080006F66666C696E655F7461736B00000000AB
:10D09000726566657265657461736B005F43686194
:10D0A000737369734374726C00000000706F77656E
:10D0B00072436F6E74726F6C5461730000000000F5
:10D0C000920E493CB10AC93C2BC3163D2EFB483D8C
:10D0D000752B7B3D04A9963D80B6AF3D36BDC83D5E
:10D0E0002FBCE13D73B2FA3D87CF093E8340163E27
:10D0F000B5AB223EA2102F3ECF6E3B3EC2C5473E8F
:10D100000115543E135C603E7F9A6C3ECCCF783E56
:10D11000C07D823E938E883E229A8E3E32A0943EFF
:10D1200086A09A3EE59AA03E128FA63ED47CAC3EE5
:10D13000EF63B23E2A44B83E491DBE3E15EFC33EE2
:10D1400053B9C93ECA7BCF3E4136D53E80E8DA3E70
:10D150004F92E03E7533E63EBBCBEB3EEA5AF13EE2
:10D16000CBE0F63E275DFC3EE4E7003F3D9C033FFD
:10D17000824B063F9BF5083F6B9A0B3FDA390E3F17
:10D18000CDD3103F2A68133FD9F6153FC07F183F13
:10D19000C6021B3FD17F1D3FCBF61F3F9967223F41
:10D1A00025D2243F5636273F1594293F4AEB2B3F83
:10D1B000DE3B2E3FBB85303FC9C8323FF304353FCD
:10D1C000233A373F4268393F3B8F3B3FF9AE3D3F03
:10D1D00067C73F3F70D8413F01E2433F03E4453F0B
:10D1E00065DE473F12D1493FF8BB4B3F029F4D3FA1
:10D1F000207A4F3F3D4D513F4918533F31DB543F5B
:10D20000E595563F5348583F6AF2593F1A945B3FA1
:10D21000532D5D3F05BE5E3F2146603F97C5613F90
:10D220005A3C633F59AA643F880F663FD86B673FFB
:10D230003CBF683FA7096A3F0C4B6B3F5E836C3F66
:10D2400093B26D3F9ED86E3F73F56F3F0809713FF3
:10D250005213723F4714733FDD0B743F0BFA743F58
:10D26000C6DE753F07BA763FC58B773FF853783FE8
:10D270009812793F9DC7793F02737A3FBE147B3F76
:10D28000CDAC7B3F283B7C3FC9BF7C3FAC3A7D3F68
:10D29000CCAB7D3F23137E3FB0707E3F6DC47E3F9D
:10D2A000580E7F3F6D4E7F3FAB847F3F0FB17F3F76
:10D2B00097D37F3F43EC7F3F11FB7F3F0000803FD0
:10D2C00011FB7F3F43EC7F3F97D37F3F0FB17F3F01
:10D2D000AB847F3F6D4E7F3F580E7F3F6DC47E3FD6
:10D2E000B0707E3F23137E3FCCAB7D3FAC3A7D3F99
:10D2F000C9BF7C3F283B7C3FCDAC7B3FBE147B3F0E
:10D3000002737A3F9DC7793F9812793FF853783F6F
:10D31000C58B773F07BA763FC6DE753F0BFA743F81
:10D32000DD0B743F4714733F5213723F0809713F7E
:10D3300073F56F3F9ED86E3F93B26D3F5E836C3F37
:10D340000C4B6B3FA7096A3F3CBF683FD86B673FF8
:10D35000880F663F59AA643F5A3C633F97C5613FB7
:10D360002146603F05BE5E3F532D5D3F1A945B3FF3
:10D370006AF2593F5348583FE595563F31DB543FD9
:10D380004918533F3D4D513F207A4F3F029F4D3F3B
:10D39000F8BB4B3F12D1493F65DE473F03E4453FB1
:10D3A00001E2433F70D8413F67C73F3FF9AE3D3F81
:10D3B0003B8F3B3F4268393F233A373FF304353FC9
:10D3C000C9C8323FBB85303FDE3B2E3F4AEB2B3F87
:10D3D0001594293F5636273F25D2243F9967223F8F
:10D3E000CBF61F3FD17F1D3FC6021B3FC07F183FBA
:10D3F000D9F6153F2A68133FCDD3103FDA390E3FD7
:10D400006B9A0B3F9BF5083F824B063F3D9C033FC9
:10D41000E4E7003F275DFC3ECBE0F63EEA5AF13EF2
:10D42000BBCBEB3E7533E63E4F92E03E80E8DA3E02
:10D430004136D53ECA7BCF3E53B9C93E15EFC33EF8
:10D44000491DBE3E2A44B83EEF63B23ED47CAC3E9A
:10D45000128FA63EE59AA03E86A09A3E32A0943E48
:10D46000229A8E3E938E883EC07D823ECCCF783EFF
:10D470007F9A6C3E135C603E0115543EC2C5473E28
:10D48000CF6E3B3EA2102F3EB5AB223E8340163EF0
:10D4900087CF093E73B2FA3D2FBCE13D36BDC83D92
:10D4A00080B6AF3D04A9963D752B7B3D2EFB483DD4
:10D4B0002BC3163DB10AC93C920E493C0000000046
:10D4C000920E49BCB10AC9BC2BC316BD2EFB48BD88
:10D4D000752B7BBD04A996BD80B6AFBD36BDC8BD5A
:10D4E0002FBCE1BD73B2FABD87CF09BE834016BE23
:10D4F000B5AB22BEA2102FBECF6E3BBEC2C547BE8B
:10D50000011554BE135C60BE7F9A6CBECCCF78BE52
:10D51000C07D82BE938E88BE229A8EBE32A094BEFB
:10D5200086A09ABEE59AA0BE128FA6BED47CACBEE1
:10D53000EF63B2BE2A44B8BE491DBEBE15EFC3BEDE
:10D5400053B9C9BECA7BCFBE4136D5BE80E8DABE6C
:10D550004F92E0BE7533E6BEBBCBEBBEEA5AF1BEDE
:10D56000CBE0F6BE275DFCBEE4E700BF3D9C03BFF9
:10D57000824B06BF9BF508BF6B9A0BBFDA390EBF13
:10D58000CDD310BF2A6813BFD9F615BFC07F18BF0F
:10D59000C6021BBFD17F1DBFCBF61FBF996722BF3D
:10D5A00025D224BF563627BF159429BF4AEB2BBF7F
:10D5B000DE3B2EBFBB8530BFC9C832BFF30435BFC9
:10D5C000233A37BF426839BF3B8F3BBFF9AE3DBFFF
:10D5D00067C73FBF70D841BF01E243BF03E445BF07
:10D5E00065DE47BF12D149BFF8BB4BBF029F4DBF9D
:10D5F000207A4FBF3D4D51BF491853BF31DB54BF57
:10D60000E59556BF534858BF6AF259BF1A945BBF9D
:10D61000532D5DBF05BE5EBF214660BF97C561BF8C
:10D620005A3C63BF59AA64BF880F66BFD86B67BFF7
:10D630003CBF68BFA7096ABF0C4B6BBF5E836CBF62
:10D6400093B26DBF9ED86EBF73F56FBF080971BFEF
:10D65000521372BF471473BFDD0B74BF0BFA74BF54
:10D66000C6DE75BF07BA76BFC58B77BFF85378BFE4
:10D67000981279BF9DC779BF02737ABFBE147BBF72
:10D68000CDAC7BBF283B7CBFC9BF7CBFAC3A7DBF64
:10D69000CCAB7DBF23137EBFB0707EBF6DC47EBF99
:10D6A000580E7FBF6D4E7FBFAB847FBF0FB17FBF72
:10D6B00097D37FBF43EC7FBF11FB7FBF000080BFCC
:10D6C00011FB7FBF43EC7FBF97D37FBF0FB17FBFFD
:10D6D000AB847FBF6D4E7FBF580E7FBF6DC47EBFD2
:10D6E000B0707EBF23137EBFCCAB7DBFAC3A7DBF95
:10D6F000C9BF7CBF283B7CBFCDAC7BBFBE147BBF0A
:10D7000002737ABF9DC779BF981279BFF85378BF6B
:10D71000C58B77BF07BA76BFC6DE75BF0BFA74BF7D
:10D72000DD0B74BF471473BF521372BF080971BF7A
:10D7300073F56FBF9ED86EBF93B26DBF5E836CBF33
:10D740000C4B6BBFA7096ABF3CBF68BFD86B67BFF4
:10D75000880F66BF59AA64BF5A3C63BF97C561BFB3
:10D76000214660BF05BE5EBF532D5DBF1A945BBFEF
:10D770006AF259BF534858BFE59556BF31DB54BFD5
:10D78000491853BF3D4D51BF207A4FBF029F4DBF37
:10D79000F8BB4BBF12D149BF65DE47BF03E445BFAD
:10D7A00001E243BF70D841BF67C73FBFF9AE3DBF7D
:10D7B0003B8F3BBF426839BF233A37BFF30435BFC5
:10D7C000C9C832BFBB8530BFDE3B2EBF4AEB2BBF83
:10D7D000159429BF563627BF25D224BF996722BF8B
:10D7E000CBF61FBFD17F1DBFC6021BBFC07F18BFB6
:10D7F000D9F615BF2A6813BFCDD310BFDA390EBFD3
:10D800006B9A0BBF9BF508BF824B06BF3D9C03BFC5
:10D81000E4E700BF275DFCBECBE0F6BEEA5AF1BEEE
:10D82000BBCBEBBE7533E6BE4F92E0BE80E8DABEFE
:10D830004136D5BECA7BCFBE53B9C9BE15EFC3BEF4
:10D84000491DBEBE2A44B8BEEF63B2BED47CACBE96
:10D85000128FA6BEE59AA0BE86A09ABE32A094BE44
:10D86000229A8EBE938E88BEC07D82BECCCF78BEFB
:10D870007F9A6CBE135C60BE011554BEC2C547BE24
:10D88000CF6E3BBEA2102FBEB5AB22BE834016BEEC
:10D8900087CF09BE73B2FABD2FBCE1BD36BDC8BD8E
:10D8A00080B6AFBD04A996BD752B7BBD2EFB48BDD0
:10D8B0002BC316BDB10AC9BC920E49BC0000008042
:10D8C000E0D800080000002044040000C401000863
:10D8D0004CD900084404002054B400002002000881
:10D8E000012C32104201037124F41AAA01015E03D3
:10D8F0006E70424B4040041159040B14803F1C29A8
:10D9000018691C39080911347924091118A9140956
:10D910002A30290439847995C918A904092AC469C7
:10D920001C094AC4A9A8E918E91CE9C46930E9D06E
:10D930006918691C0912E409169CA988A904012028
:0CD94000A990E980A984A970A9E00176F3
:040000050800018965
:00000001FF
