:020000040800F2
:1000000030CE002029030008FDAD00084977000824
:10001000F9AD00089713000851F90008000000002E
:10002000000000000000000000000000690200085D
:100030000D2B000800000000C5020008C9BE000822
:100040004303000843030008430300084303000878
:100050004303000843030008430300084303000868
:100060004303000843030008430300084303000858
:10007000051B00084303000843030008430300086E
:100080004303000843030008430300084303000838
:100090009D130008AD130008430300084303000844
:1000A0004303000859C30008430300084303000842
:1000B00069C3000843030008430300084303000822
:1000C00043030008430300084303000843030008F8
:1000D0004303000859D00008430300086DD000080E
:1000E00043030008430300084303000843030008D8
:1000F00043030008430300084303000843030008C8
:1001000043030008430300084303000843030008B7
:1001100043030008430300084303000843030008A7
:10012000151B0008251B0008351B0008451B00088F
:100130004303000843030008430300084303000887
:10014000BD130008CD1300084303000819B00008D0
:1001500043030008430300084303000881D000085C
:100160004303000843030008430300084303000857
:100170004303000843030008430300080000000095
:10018000430300084303000800F002F800F05CF8A5
:100190000AA090E8000C82448344AAF10107DA45E2
:1001A00001D100F051F8AFF2090EBAE80F0013F0D8
:1001B000010F18BFFB1A43F00103184768660100DE
:1001C000886601000A444FF0000C10F8013B13F060
:1001D000070408BF10F8014B1D1108BF10F8015BA0
:1001E000641E05D010F8016B641E01F8016BF9D193
:1001F00013F0080F1EBF10F8014BAD1C0C1B09D1EA
:100200006D1E58BF01F801CBFAD505E014F8016B5B
:1002100001F8016B6D1EF9D59142D6D370470000ED
:100220000023002400250026103A28BF78C1FBD8FF
:10023000520728BF30C148BF0B6070471FB515F08B
:100240009CFA1FBD10B510BD00F0E5F91146FFF78F
:10025000F5FF11F0FBFF00F003FA03B4FFF7F2FF24
:1002600003BC00F007FA00002C4B19680868B0E8DE
:10027000F04F80F30988BFF36F8F4FF0000080F3D9
:10028000118870470000000008480068006880F38B
:1002900008884FF0000080F3148862B661B6BFF39F
:1002A0004F8FBFF36F8F00DF00BF00BF08ED00E08E
:1002B000DFF80C00016841F470010160704700BF75
:1002C00088ED00E0EFF30980BFF36F8F134B1A68DE
:1002D0001EF0100F08BF20ED108A20E9F04F1060CB
:1002E00009B44FF0500080F31188BFF34F8FBFF374
:1002F0006F8F13F08DFD4FF0000080F3118809BC63
:1003000019680868B0E8F04F1EF0100F08BFB0EC95
:10031000108A80F30988BFF36F8F70478C0000202C
:10032000EFF30580704700000948804709480047FF
:10033000FEE7FEE7FEE7FEE7FEE7FEE7FEE7FEE795
:10034000FEE7FEE704480549054A064B70470000F2
:10035000B1BF00088901000830C8002030CE00205D
:1003600030CA002030CA002053EA020C00F0698035
:100370002DE9F04B4FF00006002B1FBFB3FA83F5B9
:1003800003FA05F424FA05F65E4012BF1643B2FAEA
:1003900082F502FA05F4C5F120051EBF22FA05FC1C
:1003A00044EA0C04203556EA044C4FEA144418BFC2
:1003B000641C4FF000084FF00009904271EB030CF1
:1003C00039D3002919BFB1FA81F701FA07F6B0FA5B
:1003D00080F700FA07F6C7F120071EBF20FA07FCD6
:1003E00046EA0C062037B6FBF4FCA7EB0507103FE6
:1003F00007F01F0BCBF120060CFA0BFB2CFA06F6CC
:1004000044BFB3460026202FA4BF5E464FF0000B2A
:100410005BEA060C08BF4FF0010B19EB0B09ABFBB5
:10042000027C48EB0608C01B06FB02CC0BFB03CC8E
:1004300071EB0C01C1E70B46024641464846BDE858
:10044000F08B13B54FF000004FF00001AFF30080C8
:10045000BDE81C407047032A40F2308010F0030CC6
:1004600000F0158011F8013BBCF1020F624498BF07
:1004700011F801CB00F8013B38BF11F8013BA2F1A4
:10048000040298BF00F801CB38BF00F8013B11F01F
:10049000030300F02580083AC0F0088051F8043BBF
:1004A000083A51F804CBA0E80810F5E7121D5CBF2C
:1004B00051F8043B40F8043BAFF30080D20724BF5F
:1004C00011F8013B11F801CB48BF11F8012B24BFF3
:1004D00000F8013B00F801CB48BF00F8012B704742
:1004E00010B5203AC0F00B80B1E81850203AA0E8CF
:1004F0001850B1E81850A0E81850BFF4F5AF5FEA03
:10050000027C24BFB1E81850A0E8185044BF18C9B5
:1005100018C0BDE810405FEA827C24BF51F8043B5C
:1005200040F8043B08BF7047D20728BF31F8023BB0
:1005300048BF11F8012B28BF20F8023B48BF00F844
:10054000012B704702F0FF0343EA032242EA024212
:1005500000F002B84FF000020429C0F0128010F041
:10056000030C00F01B80CCF1040CBCF1020F18BF8F
:1005700000F8012BA8BF20F8022BA1EB0C0100F022
:100580000DB85FEAC17C24BF00F8012B00F8012BF5
:1005900048BF00F8012B70474FF0000200B513462A
:1005A00094469646203922BFA0E80C50A0E80C5093
:1005B000B1F12001BFF4F7AF090728BFA0E80C5044
:1005C00048BF0CC05DF804EB890028BF40F8042B3D
:1005D00008BF704748BF20F8022B11F0804F18BFAA
:1005E00000F8012B704770477047704710B500F056
:1005F0000DF8006810BD10B5044600F007F804605F
:1006000010BD000000487047D0C700200048704768
:10061000D0C7002070477546FFF7F4FFAE460500CF
:100620006946534620F00700854618B020B5FFF70D
:1006300089FEBDE820404FF000064FF000074FF064
:1006400000084FF0000B21F00701AC46ACE8C009F0
:10065000ACE8C009ACE8C009ACE8C0098D467047F9
:1006600010B50446AFF300802046BDE81040FFF708
:10067000F4BD000001491820ABBEFEE726000200D1
:100680009FED221A9FED222A20EE010AB5EE001AF4
:1006900030EE010ABDEEC01A11EE100AB5EE400AA6
:1006A000F1EE10FAB8BF013801EE100AB8EEC11A27
:1006B00030EE410A20EE020ABDEEC01A9FED152A67
:1006C00011EE100A002130EE021AB1EB502F46F263
:1006D00020011CBF0020B0EE410AC0F6010101EE6E
:1006E000100A01EB8001B8EE411A30EE410A91ED9B
:1006F000001A91ED012AB7EE003A33EE403A23EEAC
:10070000011A20EE020A31EE000A704783F9223EF8
:1007100000000044000000C4B0B5B0F800C00B8871
:100720009C4553D145884B889D424FD113889C45A9
:100730004CD153889D4249D143684968506805FBB4
:100740000CFC0022B2EB9C0F30D04FEA9C0200BFA1
:1007500093ED000A91ED001A03F1100E30EE010A3C
:1007600080ED000A93ED010A91ED011A01F11004E8
:1007700030EE010A80ED010A93ED020A91ED021AB2
:1007800000F1100530EE010A80ED020A93ED030A34
:1007900091ED031A013A30EE010A80ED030A734627
:1007A00028462146D4D12146284673461CF0030230
:1007B0000AD000BFB3EC010AB1EC011A013A30EEE5
:1007C000010AA0EC010AF5D1002000E0FD2040B2B2
:1007D000B0BD018042804360704700002DE9F04FBA
:1007E00081B02DED028B8EB0B0F800C0B0F802A041
:1007F000D44540F03A810B88FD229C4540F036817B
:100800004F88BB4240F0328140689FEDB08ABCF116
:10081000000F009000F031814C686FF0030000EB96
:100820008C09002700266546CDF828C0204609948B
:100830000A98401B08D0B1002046FFF7ADFE3846AD
:10084000013004F10404FBD304F1040BB5F10108F9
:100850004FF07E50206012D0A9EB86015846FFF77A
:100860009BFE01205C4600BF0130854204F1040478
:10087000FAD10136013FB8F1000F4546D8D1DDF875
:1008800028C0BCF1000F00F0F8804FEACA00043025
:1008900002900998009900EB8A00C0F10009042039
:1008A00000EB8A00ACF1010801EB8A054FEA8A03EC
:1008B000019001F1040B4FF0000E0F465646002048
:1008C0000A460490039300BF0EFB0AF002EB80017E
:1008D00091ED000A0C910999B5EE400AF1EE10FA7B
:1008E00001EB80000D90CDF82080CDE906950B92AC
:1008F0002ED10EF1010060450DD20020414600BF0F
:100900002A1892ED000AB5EE400AF1EE10FA06D16F
:1009100001391844F4D10498012817D0D4E0A0EB91
:100920000900002157F82130146842F8043B47F8C9
:10093000214001318E42F5D10D9A51461368046869
:1009400040F8043B013942F8044BF7D101200490F0
:100950000C99AAEB0E0991ED008AB9F1010F4FF045
:100960007E5008600DD00120594600BF91ED000A6D
:10097000013080EE080A864281ED000A01F104018F
:10098000F4D10D995046CDF814B000BF91ED000A96
:10099000013880EE080AA1EC010AF7D1DDF82C80BD
:1009A0000998A9F1010B0022654600BF724505D1E7
:1009B00008EB890300EB8A0036E000BF0C9998ED44
:1009C000008A91ED000ABBF1000F28EE000A38EE14
:1009D000400A88ED000A17D00123042107EB010C1F
:1009E00008EB01049CED000A94ED001A28EE000AC1
:1009F000013331EE400A9E4201F1040184ED000A08
:100A0000ECD108EB010301E008F104030D9C514611
:100A1000B4EC011A90ED000A28EE011A30EE410AFA
:100A2000A0EC010A0139F3D103EB8E08013D02F17C
:100A30000102BBD1079D02980B9ADDF82080054486
:100A4000039BDDF818900198DDF814B0DDF828C09C
:100A50000432013E0EF1010EA8F10108A9EB0309D1
:100A6000074483447FF430AF09E0FD2250B20EB05A
:100A7000BDEC028B01B0BDE8F08F00200490B5EE14
:100A8000408AF1EE10FA4FF00002EFD104980128ED
:100A9000ECD00AFB0CF14FF000004FF0000271B1F6
:100AA000009B00BF93ED000AB5EE400AF1EE10FA8C
:100AB00005D10132914203F10403F3D10A468A427F
:100AC00008BF6FF00400D2E7FB22CFE70000000070
:100AD0002DE9F04F85B047880B889F4240F0848015
:100AE000B0F800B013889B4540F07E80B1F802E07A
:100AF00053889E4578D1D0F80480506849680190A9
:100B0000BC0827F0030008EB800604FB0EF09FED05
:100B1000390A07F0030C029101EB00104FEA8E0234
:100B200000210090CDE903E70198DDF808A0009BC3
:100B300000EB8109B0EE401A5746404674B3554663
:100B400027464046B0EE401A95ED002A90ED003A57
:100B5000154490ED014A23EE022A95ED003A154422
:100B600090ED025A31EE021A24EE032A95ED003A76
:100B7000154490ED036A31EE021A25EE032A95ED35
:100B8000003A31EE021A26EE032A31EE021A013F34
:100B900000F110001544D7D11F463046BCF1000FBC
:100BA0000CD0654690ED002A97ED003A043022EE15
:100BB000032A31EE021A013D1744F3D1A9EC011AC0
:100BC000BEF1010E0AF1040A03F10403B2D1DDF80B
:100BD0000CE0049F714408EB8708BBF1010B06EBA6
:100BE0008706A1D1002000E0FD2040B205B0BDE89D
:100BF000F08F00BF00000000B0B5B0F800C00B8857
:100C00009C4553D145884B889D424FD113889C45C4
:100C10004CD153889D4249D143684968506805FBCF
:100C20000CFC0022B2EB9C0F30D04FEA9C0200BFBC
:100C300093ED000A91ED001A03F1100E30EE410A17
:100C400080ED000A93ED010A91ED011A01F1100403
:100C500030EE410A80ED010A93ED020A91ED021A8D
:100C600000F1100530EE410A80ED020A93ED030A0F
:100C700091ED031A013A30EE410A80ED030A734602
:100C800028462146D4D12146284673461CF003024B
:100C90000AD000BFB3EC010AB1EC011A013A30EE00
:100CA000410AA0EC010AF5D1002000E0FD2040B28D
:100CB000B0BD00002DE9F04FB0F800A04A88924581
:100CC00045D142880B889A4241D1D1F804C0466888
:100CD0004FEA920802F003094FEA0A1E4FEA8A011E
:100CE0004FF0000B624600BFB8F1000F1AD0154656
:100CF000474600BF336828462B6073680D44435055
:100D0000B3686C186B50F56806F1100366186550EF
:100D1000013F06EB01051E46ECD100EB0E071E4617
:100D200002E000BF0CEB8B07B9F1000F06D048467C
:100D300056F8043B01383B600F44F9D10BF1010B2D
:100D4000BAF1010A02F10402CED1002000E0FD2038
:100D500040B2BDE8F08F00009FED201A9FED202AE1
:100D600020EE010ABDEEC01A11EE100AB5EE400ADF
:100D7000F1EE10FAB8BF013801EE100AB8EEC11A50
:100D800030EE410A20EE020ABDEEC01A9FED152A90
:100D900011EE100A002130EE021AB1EB502F46F28C
:100DA00020011CBF0020B0EE410AC0F6010101EE97
:100DB000100A01EB8001B8EE411A30EE410A91EDC4
:100DC000001A91ED012AB7EE003A33EE403A23EED5
:100DD000011A20EE020A31EE000A704783F9223E22
:100DE00000000044000000C408B500BF642012F0F9
:100DF000C5FE09F063F80C4801F04AFC13E013F05B
:100E0000B7FC0090084801F043FC07488C3880ED9F
:100E1000240A0AF0B3FD04488C3811F00FF90421BC
:100E2000684612F0D9FEEAE74CC5002070B50546C9
:100E30000C4600260DB1022C00D870BDA11E06483C
:100E40000288284602F0B4F80646A01E2E54310A45
:100E5000601E295400BFF0E7A001002010B5012258
:100E60001021024803F088FE10BD0000000002407F
:100E700010B500221021024803F07EFE10BD0000D4
:100E80000000024010B501221146024803F074FE32
:100E900010BD00000004024010B5002201210248EC
:100EA00003F06AFE10BD00000004024010B50446C5
:100EB000FFF7DEFF922000F0A5F9062295491220E7
:100EC00000F080F9FFF7CAFF92484078000200B2B4
:100ED000904909780843904908800846B0F9000015
:100EE00000EE100AB8EEC00A8C48D0ED000A20EEE1
:100EF000200AD4ED080A20EE200A84ED000A854875
:100F0000C078000200B2834989780843824908808A
:100F10000846B0F9000000EE100AB8EEC00A7F489B
:100F2000D0ED000A20EE200AD4ED080A20EE200AB7
:100F300084ED010A77484079000200B275490979C9
:100F40000843754908800846B0F9000000EE100A11
:100F5000B8EEC00A7148D0ED000A20EE200AD4EDA8
:100F6000080A20EE200A84ED020AFFF795FF082206
:100F70006849002000F026F9FFF784FF65480078F3
:100F80000F284FD166480078F0B36248C07800025D
:100F900000B26049897808435F49088094ED090AE6
:100FA0000846B0F9000000EE900AF8EEE00A5D484D
:100FB00090ED001A10EE810A84ED030A554840793D
:100FC000000200B25349097908435349088094ED5F
:100FD0000A0A0846B0F9000000EE900AF8EEE00AAE
:100FE000504890ED001A10EE810A84ED040A494839
:100FF000C079000200B24749897908434649088010
:1010000094ED0B0A084600E00DE0B0F9000000EE98
:10101000900AF8EEE00A434890ED001A10EE810ABB
:1010200084ED050A44E03B48C078000200B239492B
:1010300089780843384908800846B0F9000000EE76
:10104000100AB8EEC00A3748D0ED000A20EE200A98
:1010500084ED030A2F484079000200B22D49097936
:1010600008432D4908800846B0F9000000EE100A38
:10107000B8EEC00A2B48D0ED000A20EE200A84ED1D
:10108000040A2448C079000200B222498979084341
:10109000214908800846B0F9000000EE100AB8EEB9
:1010A000C00A2048D0ED000A20EE200A84ED050A8F
:1010B000FFF7DEFEA22000F0A5F80222154922204B
:1010C00000F080F8FFF7CAFE12480078C00011490E
:1010D000497840EA6110104908800846B0F90000DC
:1010E000B0F5806F05DB08460088A0F5006000B20F
:1010F00008800948B0F9000000EE100AF8EEC00AB6
:10110000B4EE001AB3EE070A00EE810A84ED070A76
:1011100010BD00002E06002036060020F00500203D
:1011200000060020F405002070B504460D461C485A
:10113000046000201B49087010F04CF91949097827
:1011400008431849087010F0FBF91649097808435C
:10115000144908701DB1144800F0B0F91CE09FED6F
:10116000130A114880ED090A9FED110A80ED0A0A61
:101170009FED100A80ED0B0A9FED0F0A80ED0C0A1F
:1011800090ED0C0ADFED0D0A80EE801A80ED081A52
:101190009FED0B0A80ED060A0248007870BD000042
:1011A000EC050020FA05002068C50020CB27383B5D
:1011B00077A49EBBD0A4E03A24631E41C3F51C4132
:1011C0000000204270B506460C46154646F08000E9
:1011D00000F018F806E0552000F014F82070641CA8
:1011E000681EC5B2002DF6D170BD70B504460D461F
:1011F00044F0800000F006F8552000F003F8287055
:1012000070BD000001B582B04FF47A70012301AACD
:1012100002A900900348006805F060F99DF80400F9
:101220000EBD0000EC05002070B505460C462846B2
:10123000FFF7E8FF2046FFF7E5FF70BDD2ED020A99
:1012400092ED021AB6EE000A00EEC10AD2ED030AD0
:1012500092ED031A00EEC10AD0ED000A20EE200A3A
:10126000D2ED010A92ED021A60EE810A92ED001AA7
:10127000D2ED031A41EE610A90ED011A00EE810AE7
:10128000D2ED010A92ED031A60EE810A92ED001A86
:10129000D2ED021A41EE210A90ED021A00EE810A07
:1012A000F0EE000A20EE200A81ED000A92ED010A1C
:1012B000D2ED020A20EE200AD2ED000A92ED031AC6
:1012C00000EE810AD0ED000A60EE200A92ED011ACC
:1012D000D2ED011AB6EE000A01EE610AD2ED031A50
:1012E00092ED032AB0EE401A01EEC21AD0ED011AB7
:1012F000B0EE600A01EE210AD2ED020A92ED031A65
:1013000060EE810A92ED001AD2ED011A41EE610AF7
:1013100090ED021A00EE810AF0EE000A20EE200A9B
:1013200081ED010A92ED010AD2ED030A20EE200AB6
:10133000D2ED000A92ED021A00EEC10AD0ED000AC9
:1013400020EE200AD2ED020A92ED031A60EE810A25
:1013500092ED001AD2ED011A41EE210A90ED011A28
:1013600000EE810A92ED011AD2ED011AF6EE000AA2
:1013700041EE610A92ED021AD2ED021A41EE610AC3
:1013800090ED021A00EE810AF0EE000A20EE200A2B
:1013900081ED020A704700BFFEE7000010B5024869
:1013A00002F0E1FD10BD0000240D002010B5024840
:1013B00002F0D9FD10BD0000240D002010B5024838
:1013C00002F0D1FD10BD00004C0D002010B5024808
:1013D00002F0C9FD10BD00004C0D00200346042B97
:1013E00015D007DC7BB1012B0ED0022B0DD0032BC7
:1013F00012D10BE0202B0BD0212B0AD0222B09D0AD
:10140000232B09D107E008E007E006E005E004E04F
:1014100003E002E001E000E000BF00BF00207047F1
:101420000020704710B50022044905480CF0CBF8A5
:10143000044903480CF0B8F8002010BD381E002005
:101440005C1100203816002070B504460D46214678
:1014500007482A68FEF7FFFF054809F08BFF214681
:1014600004480CF0A1F803480CF06AF8002070BDA5
:1014700018BF00205C11002010B503460C46002167
:10148000084610BD2DE9F04104460D4600260A48E5
:10149000D0F8BC72D7F8140210B10120BDE8F08179
:1014A0002A46214604480CF08EF803480CF03EF919
:1014B00006463046F2E700005C11002070B52DEDC5
:1014C000048B88B0044600200690079001F006F9CE
:1014D000FE4880ED000A00BF01F000F9FB48D0EDA6
:1014E000000A30EE600AF2EE040AB4EEE00AF1EE11
:1014F00010FA14DD9FEDF60A84ED090A9FEDF50A56
:1015000084ED0A0A9FEDF40A84ED0B0A9FEDF30ABD
:1015100084ED0C0A9FEDF20A84ED060A57E29FED76
:10152000F10A01F097F89FEDF00A84ED0C0A9FEDA7
:10153000EE0A84ED090A9FEDEC0A84ED0A0A9FED9C
:10154000EA0A84ED0B0A002673E1FFF791FC922072
:10155000FFF758FE062206A91220FFF733FEFFF719
:101560007DFC9DF81900000200B29DF8181040EAB9
:10157000010500EE105AB8EEC00ADC48D0ED000AB2
:1015800020EE200A84ED000A9DF81B00000200B244
:101590009DF81A1040EA010500EE105AB8EEC00A94
:1015A000D248D0ED000A20EE200A84ED010A9DF811
:1015B0001D00000200B29DF81C1040EA010500EE7B
:1015C000105AB8EEC00AC948D0ED000A20EE200A31
:1015D00084ED020AD4ED000A60EEA00A94ED011A2F
:1015E000D4ED011A41EE210A94ED021AD4ED021A4B
:1015F00041EE210AB0EE600A0FF09EFAB0EE408A8A
:1016000094ED0C0A30EE080A84ED0C0AFFF744FC56
:10161000082206A90020FFF7D5FDFFF733FC9DF84F
:1016200018000F2850D19DF81B00000200B29DF851
:101630001A1040EA010500EE105AB8EEC00AAC4894
:10164000D0ED000A20EE200A84ED030A94ED090A89
:10165000D4ED030A30EE200A84ED090A9DF81D003E
:10166000000200B29DF81C1040EA010500EE105A7D
:10167000B8EEC00A9E48D0ED000A20EE200A84EDA4
:10168000040A94ED0A0AD4ED040A30EE200A84ED2F
:101690000A0A9DF81F00000200B29DF81E1040EAE1
:1016A000010500EE105AB8EEC00A9148D0ED000ACC
:1016B00020EE200A84ED050A94ED0B0AD4ED050A0C
:1016C00030EE200A84ED0B0A06BBF0EE488AB0EE3D
:1016D000489A002017E004F10C0101EB800191ED24
:1016E000000A03A901EB800181ED000A04F10C015D
:1016F00001EB800191ED000A694601EB800181ED6B
:10170000000A411CC8B20328E5DB49E0B4EEE88AD0
:10171000F1EE10FA01DDF0EE488AB4EEC98AF1EE7E
:1017200010FA01D2B0EE489A002037E004F10C0123
:1017300001EB800191ED000A03A901EB8001D1EDDD
:10174000000AB4EEE00AF1EE10FA0ADD04F10C0131
:1017500001EB800191ED000A03A901EB800181ED0D
:10176000000A04F10C0101EB800191ED000A6946C9
:1017700001EB8001D1ED000AB4EEE00AF1EE10FABF
:101780000AD204F10C0101EB800191ED000A6946D7
:1017900001EB800181ED000A411CC8B20328C5DBC2
:1017A00038EEC90A534880ED000A002012E003A970
:1017B00001EB800191ED000A694601EB8001D1ED5A
:1017C000000A30EE600A4C4901EB800181ED000A0D
:1017D000411CC8B20328EADB464890ED000AF6EE49
:1017E000000AB4EEE00AF1EE10FA1BDC424890ED7C
:1017F000000ADFED420AB4EEE00AF1EE10FA11DC65
:1018000090ED010ADFED3D0AB4EEE00AF1EE10FAC8
:1018100008DC90ED020ADFED390AB4EEE00AF1EEE1
:1018200010FA00DD0AE09FED360A00F013FF701C8D
:1018300086B2344800888642FFF687AE00BFD4EDFA
:101840000C0A3048008800EE100AB8EE400A80EE1C
:10185000801A84ED0C1A002015E004F1240101EB3C
:101860008001D1ED000A2749098800EE101AB8EE70
:10187000400A80EE801A04F1240101EB800181ED21
:10188000001A411CC8B20328E7DBFFF7F1FAA220D7
:10189000FFF7B8FC022206A92220FFF793FCFFF70E
:1018A000DDFA9DF81800C0009DF8191040EA611596
:1018B000B5F5806F02DBA5F5006005B200EE105AA9
:1018C000F8EEC00AB4EE001A1EE000002806002060
:1018D000CB27383B77A49EBBD0A4E03A24631E41BB
:1018E000000020420AD7A33B00000000F0050020C2
:1018F000F4050020FC0500205CC500209A99193EE3
:101900006F12033A2C060020B3EE070A00EE810A9C
:1019100084ED060A34480088401C00B23249088031
:10192000324890ED000AF6EE000AB4EEE00AF1EE5D
:1019300010FA3FF7D1AD94ED0C0ADFED2D0A30EE31
:10194000600AB0EEC00AF6EE000AB4EEE00AF1EE6C
:1019500010FAEEDC274890ED000A5FED180AB4EEAD
:10196000E00AF1EE10FAE4DC90ED010A5FED1D0AE9
:10197000B4EEE00AF1EE10FADBDC90ED020A5FED66
:10198000210AB4EEE00AF1EE10FAD2DC94ED090A75
:10199000B0EEC00ADFED180AB4EEE00AF1EE10FA7C
:1019A000C7DC94ED0A0AB0EEC00ADFED130AB4EE0C
:1019B000E00AF1EE10FABCDC94ED0B0AB0EEC00ABE
:1019C000DFED0D0AB4EEE00AF1EE10FAB1DC00BF73
:1019D00094ED0C0ADFED090A80EE801A84ED081AF6
:1019E00008B0BDEC048B70BD02060020FC05002091
:1019F000CDCC1C415CC500200AD7233CC3F51C415B
:101A000070B58AB006460C4615460495002006902F
:101A1000079008200890206802906068039001AB4E
:101A200002AA04A9304602F09EF80AB070BD00B5C3
:101A3000002011F047FC002011F040FD002011F0C3
:101A400021FD00BD08B500BF002440F2DC5012F0BB
:101A500095F82CE012F08CFE0090E11704EB9171E8
:101A60008910A4EB810101291BD109F0CBFE10489C
:101A700010490A680260496841604FF4A872014643
:101A80000D48FFF7BDFF09F0A7FE0C480C490A6896
:101A900002604968416040F2511201460648FFF772
:101AA000AFFF601C84B20121684612F095F8D1E7BF
:101AB0005B06002063050020240D00206306002043
:101AC0000AB9002010B504460D4890F828000228F5
:101AD00006D1D4ED240AB0EE600A00F061FC0DE0FE
:101AE000074890F84000022806D1D4ED240AB0EE51
:101AF000600A0EF00BFA01E011F0D3FB10BD0000FC
:101B00004CB4002010B5024802F092FD10BD000058
:101B10005410002010B5024802F08AFD10BD0000EC
:101B2000CC0D002010B5024802F082FD10BD00006F
:101B3000B410002010B5024802F07AFD10BD00007C
:101B4000F40F002010B5024802F072FD10BD000035
:101B50002C0E00200146087810381823B0FBF3F251
:101B60000848805CC865032A05D908686FF3090036
:101B7000001D886503E008686FF309008865886DBB
:101B8000704700001C580108014600208A6A8B69D2
:101B9000CBB932B1012A0DD0022A03D0032A10D1C9
:101BA0000EE000BFCB6A03F08073B3F1807F00D1F9
:101BB000012007E0CB6AB3F1C07F00D1012001E032
:101BC00000E000BF34E08B69B3F5005F1AD132B199
:101BD000012A07D0022A03D0032A11D10AE000BF4C
:101BE00001200EE0CB6A03F08073B3F1807F00D157
:101BF000012006E0CB6AB3F1C07F00D1012000E0F4
:101C000000BF15E032B1012A05D0022A04D0032A10
:101C10000CD103E000BF00BF012008E0CB6A03F055
:101C20008073B3F1807F00D1012000E000BF00BFCE
:101C30007047000010B590F83930012B05DD9D4B41
:101C40001C680C605B684B6010BD012A05D19A4B83
:101C50001C680C605B684B6029E112B190F826307B
:101C600043B9964B1C680C605B684B60012380F89D
:101C700026301CE1036800EE103AD0F81E3000EE6A
:101C8000903AF1EE600AB4EEE00AF1EE10FA06D8EE
:101C9000D0F81E3000EE103AB1EE400A13E00368AF
:101CA00000EE103AD0F81E3000EE903AB4EEE00AA2
:101CB000F1EE10FA04DBD0F81E3000EE103A02E02C
:101CC000036800EE103A10EE103A0360436800EE2D
:101CD000103AD0F8223000EE903AF1EE600AB4EEFD
:101CE000E00AF1EE10FA06D8D0F8223000EE103AF1
:101CF000B1EE400A13E0436800EE103AD0F822300B
:101D000000EE903AB4EEE00AF1EE10FA04DBD0F8FF
:101D1000223000EE103A02E0436800EE103A10EE76
:101D2000103A4360C36800EE103AD0F81A3000EE63
:101D3000903AB1EE601ADFED621ADFED620A41EE11
:101D4000210AB4EEE00AF1EE10FA0CD8D0F81A30FD
:101D500000EE103AF1EE400A9FED591A9FED590A34
:101D600000EE810A1FE0C36800EE103AD0F81A3086
:101D700000EE903ADFED521A9FED521A10EEA11AC2
:101D8000B4EEC10AF1EE10FA0ADBD0F81A3000EE18
:101D9000903A9FED4B1A9FED4B0A10EE810A02E03C
:101DA000C36800EE103A10EE103AC3604389002B6E
:101DB00001DC002305E04389052B01DB052300E05E
:101DC000438943810389002B01DC002307E0038959
:101DD000B3F5FA7F02DB4FF4FA7300E00389038165
:101DE000036800EE103AD0F81E3000EE903A80EE14
:101DF000201ADFED350A9FED340A01EE200ABCEE11
:101E0000C00A10EE103A0382436800EE903AD0F810
:101E1000223000EE103A80EE801ADFED2C0A9FEDA2
:101E20002B0A01EE200ABCEEC00A10EE103A4382E3
:101E3000C36800EE103ADFED220A80EE201AD0F8D7
:101E40001A3000EE103AC1EE000A9FED201A9FED05
:101E50001F0A00EE810ABCEEC00A10EE103A03839E
:101E6000038983824389C382038A1B0A5BB20B7096
:101E7000037C5BB24B70438A1B095BB28B70037CA3
:101E80001B01848A43EA14235BB2CB70037D5BB2EF
:101E90000B71C38A1B095BB24B71837D1B02048BE0
:101EA00043EA14235BB28B71037E5BB2CB7100BF3C
:101EB000CAE600004A050020420500203A0500203D
:101EC00000007A440000C8420000004700000045BE
:101ED00000211A30017310EE101A416010EE901AB2
:101EE000016011EE101A81601A38704730B584789D
:101EF000457844EA0522C4782401057944EA25148A
:101F000000EE104A4479057905F00F0544EA0524EE
:101F1000344D2C8084791D314C77C4798C77F8EE60
:101F2000400A9FED311A70EEC10ADFED2F1A80EEE4
:101F3000A11AD1F8054000EE904A61EE200A10EE99
:101F4000904ACC604A8100EE902AF8EE600A9FED3C
:101F5000271A70EEC10ADFED251A80EEA11ADFED17
:101F6000241ADFED230A41EE210A10EE904A4C615B
:101F700000EE902AF8EE600A9FED1C1A70EEC10A7E
:101F8000DFED1A1A80EEA11ADFED1A1ADFED190A39
:101F900041EE210A10EE904A8C612C46248800EE16
:101FA000904AF8EE600A9FED101A70EEC10ADFED5C
:101FB0000E1A80EEA11A51F8034C00EE904A61EE21
:101FC000200A9FED0D1A60EE810A10EE904A0C6116
:101FD00003781C110C770C7F1D3914B9002481F88B
:101FE000264030BD380500200000004500000047B5
:101FF00000003443DB0F494000007A440A4800796E
:10200000052807D10120084981F82B00074981F8EC
:10201000200007E00020044981F82B00012003493B
:1020200081F8200070470000A4BF00207EBF002080
:102030003B494988A1F58060002801DB014600E0AA
:10204000414232290FDD36484088A0F5806000EE1D
:10205000100AB8EEC00ADFED330A80EE201A3248CB
:1020600080ED001A04E09FED310A2F4880ED000A50
:102070002B490988A1F58060002801DB014600E0BA
:10208000414232290FDD26480088A0F5806000EE2D
:10209000100AB8EEC00ADFED230A80EE201A2248AB
:1020A00080ED011A04E09FED210A1F4880ED010A2E
:1020B0001F48407A012822D119498988A1F58060FA
:1020C000002801DB014600E04142322911DD1448BD
:1020D0008088A0F5806000EE100AB8EEC00AB1EE6C
:1020E000400ADFED100A80EE201A0F4880ED021A38
:1020F00014E09FED0E0A0C4880ED020A0EE00C4839
:102100008079032805D1B6EE000A074880ED020A5F
:1021100004E09FED060A044880ED020A70470000C3
:10212000EEB8002000002544C0C4002000000000DC
:10213000A4BF002070B504460D462078617840EABF
:102140000120C0F30A0028806078C010A17840EA1E
:102150004110C0F30A006880A0788011E17840EA5D
:102160008100217940EA8120C0F30A00A88020790B
:102170004010617940EAC110C0F30A00E88060793C
:10218000C0F301102881607981096981A079E17922
:1021900040EA012000B26882207A617A40EA012098
:1021A00000B2A882A07AE17A40EA012000B2E88277
:1021B000207B2876607B6876E0896883207C617C60
:1021C00040EA0120A881002605E005EB46001E211B
:1021D00009F042FC761C042EF7DB9FED030A03484E
:1021E00008F04AF970BD00000AD7A33C64B400208F
:1021F00020498988A1F58060002801DB014600E0C4
:102200004142322914DD1B488088A0F58060B4214A
:1022100048434FF4257190FBF1F000EE900AB8EEC0
:10222000E01A1548D0EDFD0A41EE400AC0EDFD0A66
:102230001049C988A1F58060002801DB014600E053
:102240004142322915DD0B48C088A0F5806000EBC3
:10225000800000014FF4257190FBF1F000EE900A30
:10226000B8EEE01A0448D0ED8E0A41EE000AC0ED47
:102270008E0A7047EEB8002018B9002008B5414812
:102280000068006800F0200060B100BF00200090EE
:102290003C480068006800903A4800684068009038
:1022A00000BF6EE03848006800F01000002868D0D9
:1022B00000BF00200090334800680068009031485B
:1022C00000684068009000BF00BF304800680068A8
:1022D00000F4002058BB2D480068006820F0010081
:1022E0002A4909680860294800684068C0F124004C
:1022F0002749088024202549096848602348006848
:10230000006840F400202149096808601F480068FF
:10231000006840F001001D49096808601C480088F9
:1023200012282ED11B491C48FFF704FF29E017484B
:102330000068006820F0010014490968086013482B
:1023400000684068C0F124001149088024200F492A
:10235000096848601148806A20F400200F498862AB
:102360000A480068006840F00100084909680860F0
:1023700007480088122804D1064907482430FFF78F
:10238000D9FE08BD640F0020004800405410002012
:1023900036050020EEB80020A6B8002000600240FC
:1023A00010B52DED028BB0EE408A00249748008ACC
:1023B00096490989884204D19448C189408981425B
:1023C00000D00124924890F8280002280BD08F48B2
:1023D00040898E49C88108460089088210F061FF53
:1023E000BDEC028B10BD89480089012864D0022809
:1023F00002D003287DD15BE084484089012838D091
:10240000022802D003284ED102E010F04AFF4DE02E
:102410008CB1012011F042F8002010F053FF05208C
:1024200011F030F8012011F049F8002011F04CF8BB
:10243000022011F02DF8764890F84801022803D0C8
:10244000B0EE480AFFF7D4FE70490988A1F5806014
:10245000002801DB014600E04142962904DD01200D
:102460006C4981F8A00103E000206A4981F8A001CD
:102470001CE08CB1012011F011F8022010F022FFB5
:10248000002011F01BF8012010F0FCFF002011F0DB
:102490001BF8012010F0FCFFB0EE480AFFF7A8FE81
:1024A000FFF7C6FD02E010F0FCFE00BF00BFA1E098
:1024B00001200FF00CFE9DE054484089012863D0B4
:1024C000022802D003287DD11BE08CB1012010F03E
:1024D000E5FF022010F0F6FE002010F0EFFF0120D3
:1024E00010F0D0FF002010F0EFFF022010F0D0FF1E
:1024F00000E07CE0B0EE480AFFF77AFEFFF798FDB7
:1025000073E08CB1012010F0C9FF032010F0DAFE57
:10251000002010F0D3FF012010F0B4FF002010F0D5
:10252000D3FF022010F0B4FFB0EE480AFFF760FEC0
:10253000FFF77EFD3848807903281FD13348C089D2
:10254000032807D03548B0F89600401C00B2334944
:10255000A1F896003149B1F9960000EBD07149100D
:10256000A0EB410101290ED12C4890ED020AFFEEAB
:10257000000A20EE200A80ED020A04E09FED280AFE
:10258000264880ED020A30E074B1012010F086FF89
:10259000012010F093FF012010F074FF002010F0D4
:1025A00093FF022010F074FF002010F08BFEB0EEBD
:1025B000480AFFF71DFE15490988A1F5806000282B
:1025C00003DB00E00EE0014600E04142962904DD15
:1025D0000120104981F8A00103E000200D4981F895
:1025E000A00102E010F05DFE00BF00BF02E010F0AD
:1025F00058FE00BF00BFFFF701FD044840890349B2
:10260000C88108460089088200BFE9E6EEB80020CC
:102610004CB4002000C30020A4BF0020C0C4002090
:102620000000000008B5084840680090074900987D
:102630000968884204D206480068401C04490860C2
:1026400002490098086008BD001000E0080500205D
:10265000040500200C494868F0EE400A00BF0A4912
:102660004968091A01EE101AF8EE411A074991ED6E
:10267000001AB8EE411A20EE811AF4EEC11AF1EEFA
:1026800010FAECD370470000001000E0F8040020BE
:1026900010B52DED028B82B004460E4840680190C3
:1026A00020680199081A00EE100AF8EE400A0A485C
:1026B00090ED000AB8EE400A80EE801AB0EE418A32
:1026C00001982060FFF7AEFFB0EE480A02B0BDEC03
:1026D000028B10BD001000E0F804002010B52DEDB5
:1026E000028B00F05DF81148D0E90221104612F08B
:1026F000CEFF00EE100A0D48D0ED000AF8EE608A19
:10270000DFED0B0A40EE208AD0E90421104612F0DA
:10271000BEFF00EE100ADFED070A40EE208AB0EEA1
:10272000688AB0EE480ABDEC028B10BD40B80020AC
:102730006F12833ABD3786351249096841F08071BE
:10274000104A11600021104A51601146096841F099
:10275000010111600D4941430D4A1160114609689C
:102760004FF47A72B1FBF2F10A4A11600849096824
:10277000064AB1FBF2F1084A11600021074A1160D4
:1027800070470000FCED00E0001000E040420F0048
:10279000F8040020FC0400200005002004050020AF
:1027A00038B52D4840680090FFF73CFF2B48006883
:1027B0004FF0FF31A0FB01300099591840F10000A3
:1027C000274AC2E90010274800232549026803C9A7
:1027D000FDF7CAFD244A03C2234806C82148006801
:1027E0000024A1FB003502FB005001FB04011C4842
:1027F000D0E90020D21A60EB01001C49C1E9002099
:10280000194800681A4908601A48002317490268E5
:1028100003C9FDF7A9FD164AC2E902011046D0E935
:10282000021314480068A1FB002503FB005001FBC4
:1028300004010E48D0E900309A1A60EB01000E49FD
:10284000C1E900200D480023026803C9FDF78CFD93
:10285000074AC2E9040138BD001000E00405002069
:1028600010050020F8040020180500202005002095
:1028700040B80020FC0400202805002000050020AE
:1028800070B506460D461446904886420CD128681D
:102890000D2809D18E492046FFF728FB9FED8D0AB0
:1028A0008D4807F0E9FD10E18C4886420ED128687A
:1028B0000B280BD186493C392046FFF717FB9FEDCB
:1028C000850A8548183007F0D7FDFEE07F4886422C
:1028D00028D140F207212868884223D160782178E6
:1028E00040EA012000B27E49A1F8A002E078A17878
:1028F00040EA012001B27A48A0F8A2126079217959
:1029000040EA012001B27648A0F8A412A07941B2B1
:10291000734880F8A6129FED730A6F48303007F0B5
:10292000ABFDD2E06948864227D12868B0F5027F26
:1029300023D16078217840EA012001B26848A0F8EC
:10294000A812E078A17840EA012001B26448A0F81A
:10295000AA126079217940EA012001B26048A0F80A
:10296000AC12A07941B25E4880F8AE129FED5D0ACC
:102970005948483007F080FDA7E05848864223D1E7
:1029800040F20621286888421ED16078217840EA0A
:10299000012000B25449A1F87001E078A17840EA22
:1029A000012001B25048A0F872116079217940EA03
:1029B000012001B24C48A0F874119FED4C0A464822
:1029C000603007F059FD80E04448864223D140F250
:1029D0000521286888421ED16078217840EA0120CC
:1029E00000B24349A1F8D801E078A17840EA01207B
:1029F00001B23F48A0F8DA116079217940EA01205C
:102A000001B23B48A0F8DC119FED380A324878301B
:102A100007F032FD59E03148864230D1286801285C
:102A20002DD12869072850D3207807284DD1607808
:102A300001284AD1A078012847D12E482168016099
:102A4000A1888180A179817180790006294949791D
:102A500040EA01402749097940EA01202549C9781F
:102A600008432449886024480068401C22490860C3
:102A70009FED220A1848A83007F0FEFC25E0174811
:102A800086420FD12868B0F5B07F0BD11C48216871
:102A90000160616841609FED1B0A0F48C03007F07C
:102AA000EBFC12E00D4886420FD140F2611128681C
:102AB00088420AD1144821680160616841609FED35
:102AC000110A0548D83007F0D7FC70BD4C0D002026
:102AD0005CB900200AD7233B94B40020240D0020C9
:102AE000D0BF00208FC2F53B00C300204260653B91
:102AF000C8C500209CC50020380600200AD7233D09
:102B0000520500205839B43B5A0500207047D2EDD9
:102B1000020A92ED021AB6EE000A00EEC10AD2EDE8
:102B2000030A92ED031A00EEC10AD0ED000A20EE6E
:102B3000200AD2ED010A92ED021A60EE810A92EDAE
:102B4000001AD2ED031A41EE210A90ED011A00EEAF
:102B5000810AD2ED010A92ED031A60EE810A92ED2C
:102B6000001AD2ED021A41EE610A90ED021A00EE4F
:102B7000810AF0EE000A20EE200A81ED000A92EDB3
:102B8000010AD2ED020A20EE200AD2ED000A92EDEF
:102B9000031A00EEC10AD0ED000A60EE200A92EDA1
:102BA000011AD2ED011AB6EE000A01EE610AD2ED69
:102BB000031A92ED032AB0EE401A01EEC21AD0EDCC
:102BC000011AB0EE600A01EE210AD2ED020A92ED7E
:102BD000031A60EE810A92ED001AD2ED011A41EE5D
:102BE000210A90ED021A00EE810AF0EE000A20EEB2
:102BF000200A81ED010A92ED010AD2ED030A20EECE
:102C0000200AD2ED000A92ED021A00EE810AD0ED00
:102C1000000A20EE200AD2ED020A92ED031A60EEBD
:102C2000810A92ED001AD2ED011A41EE610A90ED8F
:102C3000011A00EE810A92ED011AD2ED011AF6EEA8
:102C4000000A41EE610A92ED021AD2ED021A41EE3B
:102C5000610A90ED021A00EE810AF0EE000A20EE01
:102C6000200A81ED020A704772B600BFFEE710B578
:102C70002DED028B0446B0EE408A04F11800FFF7F8
:102C800007FD84ED070A94ED080AD4ED070A70EEFB
:102C9000200A94ED070A20EE081A81EE200AD4EDEE
:102CA000030A94ED081A60EE810A94ED081AD4ED37
:102CB000071A31EE211AC0EE811A30EE210A84ED96
:102CC000030A208E02280EDD94ED031AF0EE410A6D
:102CD00094ED071AB0EE410A04F1340008F090F8C0
:102CE00084ED090A0BE094ED030AD4ED040A30EEFA
:102CF000600AD4ED070A80EE201A84ED091AB4F8B0
:102D0000600002280EDD94ED091AF0EE410A94ED00
:102D1000071AB0EE410A04F1640008F071F884ED7E
:102D20000A0A0BE094ED090AD4ED0B0A30EE600AB2
:102D3000D4ED070A80EE201A84ED0A1A94ED000AF9
:102D4000D4ED030A20EE200AD4ED010A94ED091A0D
:102D500000EE810AD4ED020A94ED0A1A00EE810A0F
:102D600084ED240A94ED240AD4ED250AF1EE600ADC
:102D7000B4EEE00AF1EE10FA00D800E000BF94EDE6
:102D8000030A84ED040A94ED090A84ED0B0A94ED1C
:102D9000240ABDEC028B10BD2DE9F0412DED028B14
:102DA00004460D46B0EE408AF0EE608A16461F4695
:102DB00084ED258A6DB164B195ED000A84ED000AB9
:102DC00095ED010A84ED010A95ED020A84ED020AEF
:102DD0000FE09FED170A84ED000A9FED150A84EDC0
:102DE000010A9FED130A84ED020A9FED110A84ED9A
:102DF000250AC4ED088A2686A4F86070022E04DD38
:102E0000314604F1340008F0E1F8022F04DD3946C0
:102E100004F1640008F0DAF804F11800FFF738FC58
:102E20009FED030A84ED240ABDEC028BBDE8F0811E
:102E30000000000000B587B020220121DFED2D4AFF
:102E40009FED2C4ADFED2C3A9FED2B3ADFED292A3E
:102E50009FED282AF0EE041A9FED261ADFED270ACF
:102E60009FED270A274808F065FC20220121DFEDAD
:102E7000214A9FED204ADFED203A9FED1F3ADFED1A
:102E80001D2A9FED1C2AF0EE041A9FED1A1ADFEDA1
:102E90001B0A9FED1B0A1B48B83008F04BFC1A496F
:102EA000D1E900208968CDE904200691164A0C3248
:102EB000D2E900109268CDE90202019101231A467D
:102EC000DFED120A04A99FED120A1248FFF764FF12
:102ED00001231A46DFED0D0A01A99FED0D0A0D48E9
:102EE0009830FFF759FF9FED0C0A064880EDC50AA0
:102EF00007B000BD0000000000007A4400C0DA45C1
:102F000000007A46D0BF00200C5C0108CDCC4C3DBF
:102F10000000804640C10020713DBE4110B52DED3E
:102F2000028BB0EE408A1748D0EDB20AB0EE600ACC
:102F3000F0EE480A08F08AFAF0EE408AB0EE480A4D
:102F40001148FFF794FE38EE800A0E4880EDBC0A67
:102F5000D0EDBA0AB0EE600AF1EE480AB83008F0D7
:102F600075FAF0EE408AB1EE480A07489830FFF74C
:102F70007EFE38EE800A034880EDBD0ABDEC028B70
:102F800010BD0000D0BF002040C1002000B50120CE
:102F900010F084FA012010F075FA022010F078FA8F
:102FA000022010F08FF9002010F08EFA00BD000012
:102FB00030B5034613B94FF6FF7030BD09E013F882
:102FC000014B82EA0400C0B2054D35F8100080EADA
:102FD0002222081EA1F10101F1D11046EDE7000007
:102FE0003C58010870B50A480468001D0568001DBA
:102FF0000668344454B108220649204605F0B4FE60
:10300000042204491031284605F0AEFE70BD0000D0
:10301000107AFF1F4E00002010B51F4808F060FB1B
:103020001D48B83808F05CFB1C48D0ED240AB0EE0F
:10303000600A983009F05EF9184890ED240A80ED96
:103040008E0A9FED170A80ED8F0A9FED150A80ED1D
:103050008C0A9FED130A80ED8D0A00F54E7008F082
:103060003FFB104808F03CFB0C48D0ED930AB0EE53
:10307000600A00F5157009F03DF99FED090A07484F
:1030800080EDFC0A90ED930A80EDFD0A9FED040AA5
:1030900080EDFE0A10BD000090BA002018B9002093
:1030A0000000000098BB00202DED0C8B82B000BF0B
:1030B0002C48FDF7FBFE2B4890ED000AF0EE408A0D
:1030C00090ED010AB0EE409A90ED020AB0EE408A0F
:1030D00088EE880A10EE104A204612F0ADFA41EC54
:1030E0001D0BB0EE4D0AF0EE6D0A0DF0BDF9B0EE1D
:1030F00040CAF0EE60CA51EC1C0B11F093FD41EC9C
:103100001B0B11F09BFD09EE900A89EE080A10EEE8
:10311000104A204612F090FA41EC1C0BB0EE4C0A1B
:10312000F0EE6C0A0DF0A0F9B0EE40BAF0EE60BA25
:1031300051EC1B0B11F082FD0AEE100AF0EE4A0A68
:10314000B0EE690A05F0A6FB642010F017FD08E058
:1031500011F00EFB019005F00BFC012101A810F00D
:103160003BFDF5E768C5002010B5B3EE0E1AF2EE90
:10317000040A9FED080A0848FEF7AAFEB3EE0E1AED
:10318000F2EE040A9FED030A03483C38FEF7A0FE66
:1031900010BD0000DC0F49405CB900200EB50022D4
:1031A0000121DFED424A9FED424ADFED413A9FEDBA
:1031B000403ADFED3F2A9FED3E2ADFED3E1A9FEDBC
:1031C0003C1ADFED3B0A9FED3C0A3C4808F0B2FA9E
:1031D00001221146DFED364A9FED394ADFED343AE0
:1031E0009FED333ADFED322A9FED312ADFED351ABC
:1031F0009FED2F1ADFED340A9FED2F0A2F48B838C4
:1032000008F098FADFED310A9FED310A2B48E038DB
:1032100009F086F840220121DFED244A9FED244A7F
:10322000DFED233A9FED223ADFED212A9FED202AA0
:10323000DFED281A9FED1E1ADFED1D0A9FED1E0A15
:10324000254808F077FA05220121DFED194A9FEDA4
:103250001C4ADFED173A9FED163ADFED152A9FED78
:10326000142ADFED1E1A9FED121ADFED1D0A9FEDE5
:10327000120A1948B83808F05DFADFED140A9FED1C
:10328000150A0E48DC3009F04BF8164A07CA8DE8DB
:10329000070001231A46DFED140A6946B7EE000A5B
:1032A0000D48CC30FFF778FD0EBD00000AD7A33CD7
:1032B000000000000000484400409C4590BA0020F7
:1032C000FAEDEB3A0000484200007A450AD7A33BEA
:1032D00000007A440000FA4450BC00200000C842BC
:1032E0000000C844D05B0108CDCC4C3D01490860CA
:1032F00070470000B805002010B50EF013FF074816
:10330000D0EDFD0AB0EE600A00F09AFB0348D0ED64
:103310008E0AB0EE600A00F005FA10BD18B9002060
:1033200010B52248C078B8B12148D0ED930A1F48A3
:10333000D0F8090000EE100A30EEC00AB0EEC00A64
:10334000DFED1C0AB4EEE00AF1EE10FA04DC1A48D4
:1033500090F84801022802D0FFF7CEFF24E013487E
:103360008078112812D1154890F82B0001280AD135
:103370000E48D0F805000E49C1F838020B48D0F8C5
:103380000900C1F8F403FFF7B7FF0DE007488078A4
:10339000222807D1094890F82B00012802D100F01B
:1033A00077F801E0FFF7A8FF10BD00005EBF002026
:1033B00018B9002000008C424CB40020A4BF0020AB
:1033C00000B51A48D0F8390000EE900A9FED181A9F
:1033D00070EEC10AB0EE600A0EF008FF134880EDEF
:1033E000200AD0ED200A9FED131A70EE810AB0EE8C
:1033F000600A0EF0FBFE0D4880ED210A90ED200AD8
:10340000B0EEC00AD0ED210AF0EEE00AB4EEE00A18
:10341000F1EE10FA04D20020044981F8890003E09B
:103420000120024981F8890000BD000018B9002080
:10343000805018410000344310B510F075F99FED2D
:10344000100A01220F49A1F1080007F037F89FED9B
:103450000C0A01220C49A1F1080007F02FF8002402
:103460000BE00A4A02EB4411103A02EBC4009FED54
:10347000040A002207F0E8F8641C022CF1DB10BDFE
:103480006666663F78C40020A8C7002080C200207E
:1034900010B52DED108B9648D0F805009549C1F870
:1034A00038020EF03FFE9348D0ED230AB0EE600ADA
:1034B00010F010F8DFED900A20EE200A10EE104A0E
:1034C000204612F0B9F841EC1A0B8A4890ED240A14
:1034D000DFED8A0A20EE200A10EE101A084612F0DC
:1034E000ABF841EC1F0BB0EE4F0AF0EE6F0A0DF097
:1034F0004FFAB0EE40EAF0EE60EA9FED810B53EC3C
:10350000102B51EC1E0B11F06DFE41EC1C0B794899
:1035100090ED240ADFED790A20EE200A10EE101A51
:10352000084612F089F841EC1F0BB0EE4F0AF0EE9E
:103530006F0A0DF09DFAB0EE40EAF0EE60EA9FED02
:10354000720B53EC102B51EC1E0B11F04BFE41ECA7
:103550001D0B53EC1C2B11F0A3FB41EC1B0B53EC8C
:103560001A2B11F09DFB41EC190B11F067FB61491F
:10357000C1F830025E48D0F8150000EE100ADFED09
:10358000640A60EE200A5A48D0F80D0000EE100AD6
:103590009FED601A41EE000A0846C0ED8D0A90EDDD
:1035A0008E1AF0EE410A90ED241AB0EE410A00F5B1
:1035B000BC7007F04BFF4E48D0F80D0000EE900AAB
:1035C0004C4890ED231AB0EE410AC03007F03EFFA0
:1035D000484890ED6B0AD0ED3D0A30EE200AD0ED60
:1035E0008C0A30EE200AD0ED8D0A30EE200A80EDF4
:1035F0008F0A3F48D0F809003E49C1F8F4033C481F
:10360000D0F8110000EE100AB1EE081AC0EE010A5F
:10361000BFEE000AF4EEC00AF1EE10FA02D8BFEED7
:10362000000A1DE03248D0F8110000EE100AB1EE99
:10363000081AC0EE010AB7EE000AF4EEC00AF1EE75
:1036400010FA02DBB7EE000A0AE02948D0F81100B0
:1036500000EE100AB1EE081AC0EE010AB0EE600AE0
:10366000B0EE408A2248D0F8190000EE100ADFEDD3
:103670002A0A20EE200A1E48D0F8110000EE900A17
:103680009FED261A01EE200ADFED250A00EE880ADA
:10369000184880EDFC0A1648D0F8090000EE900AA0
:1036A000144890ED931AB0EE410A00F54E7007F001
:1036B000CDFE0F48D0F8110000EE900A0D4890EDB5
:1036C000921AB0EE410A00F5207007F0BFFE0948DB
:1036D00090EDFC0AD0EDDB0A30EE200AD0EDAD0A09
:1036E00030EE200A80EDFE0ABDEC108B10BD00000C
:1036F0005EBF002018B900209AE1764335FA8E3C6F
:1037000000000040064B9A40000000C059D982409A
:103710009651603E73C6E23EE23645401445813F15
:103720000147D64310B52DED0C8BB0EE408AB0EEBC
:10373000480A634808F046FC6148983890ED291A19
:10374000F0EE410A90ED241AB0EE410A00F5BC708B
:1037500007F07CFE5A48983890ED2A1AF0EE410A9C
:1037600090ED231AB0EE410AC03007F06FFE5448C6
:10377000983890ED240ADFED530A20EE200A10EE6F
:10378000101A084611F058FF41EC1D0BB0EE4D0A1F
:10379000F0EE6D0A0DF0FCF8B0EE40CAF0EE60CA33
:1037A0009FED490B53EC102B51EC1C0B11F01AFD43
:1037B00041EC1A0B4248983890ED240ADFED410A9B
:1037C00020EE200A10EE101A084611F035FF41ECE9
:1037D0001D0BB0EE4D0AF0EE6D0A0DF049F9B0EE9A
:1037E00040CAF0EE60CA9FED3A0B53EC102B51EC3F
:1037F0001C0B11F0F7FC41EC1B0B53EC1A2B11F0D6
:103800004FFA41EC190B11F019FA2D499839C1F80A
:1038100030020846D0ED2A0AB1EE081A80EE810A7D
:10382000FFEE000AB4EEE00AF1EE10FA02D8BFEEA5
:10383000000A19E02248983890ED2A0AB1EE081AD9
:10384000C0EE010AB7EE000AF4EEC00AF1EE10FA7B
:1038500002DBB7EE000A07E019489838D0ED2A0AD3
:10386000B1EE081A80EE810AF0EE408A14489838CA
:1038700090ED2B0ADFED180A20EE200AD0ED2A0A7F
:103880009FED161A01EE200ADFED150A00EEA80AD8
:1038900080ED8D0A90ED8D0AD0ED8C0A30EE200A75
:1038A000D0ED6B0A30EE200AD0ED3D0A30EE200A52
:1038B00080ED8F0A90ED8F0ABDEC0C8B10BD0000DF
:1038C000B0B9002035FA8E3C00000040064B9A400B
:1038D000000000C059D982409651603E73C6E23E56
:1038E0009AE1764370B504460D4694F8880028B3F3
:1038F00094F88800012804D1A879E871022084F89E
:10390000880094ED930AD4ED200A30EE200A84ED6D
:10391000FD0A94ED200AB0EEC00AF6EE000AB4EEFD
:10392000E00AF1EE10FA06D2002084F88800E87967
:103930000FF0C8FC70BD00200FF0C4FC00BFF9E719
:1039400008B500BFB7EE000A384880ED270A3848AE
:10395000002101604160374801604160FFF76AFA69
:10396000FFF702FCFFF71AFC3348FFF7BFFC09F032
:10397000CFF806F0F1FA07F019FA4FF47A7010F068
:10398000FDF8002451E010F0F3FE0090FFF754FD25
:103990002948FEF77DFE284880ED010AFFF710FD5B
:1039A00026492548FFF79EFF24480079062816D2AD
:1039B000DFE800F00306090C0F12FFF72DFB11E002
:1039C000FFF79AFC0EE0FFF7ABFC0BE0FFF7A8FC5B
:1039D00008E0FFF7A5FC05E0FFF7A2FC02E0FFF717
:1039E0001BFB00BF00BF1548407910B1012806D16C
:1039F00002E008F0CDF905E008F074F902E008F003
:103A0000C7F900BF00BF06F0FFFC204604EBD071F1
:103A10004910A4EB410119B908F0E8F80DF076FF60
:103A2000641C0121684610F0D7F8ACE718BD0020EF
:103A3000730600206B06002018B90020A4BF0020E8
:103A400010B52DED028BB0EE408AB0EE480A364834
:103A500008F0B8FA3548D0ED990AB1EE081A80EEB0
:103A6000810AFFEE000AB4EEE00AF1EE10FA02D885
:103A7000BFEE000A17E02D48D0ED990AB1EE081A02
:103A800080EE810AF7EE000AB4EEE00AF1EE10FAD9
:103A900002DBB7EE000A06E02448D0ED990AB1EE49
:103AA000081A80EE810AF0EE408A204890ED9A0ACA
:103AB000DFED1F0A20EE200AD0ED990A9FED1D1AB6
:103AC00001EE200ADFED1C0A00EEA80A80EDFC0AD8
:103AD00090ED981AF0EE410A90ED931AB0EE410A7B
:103AE00000F54E7007F0B2FC104890ED991AF0EE18
:103AF000410A90ED921AB0EE410A00F5207007F0ED
:103B0000A5FC0A4890EDFC0AD0EDDB0A30EE200A55
:103B1000D0EDAD0A30EE200A80EDFE0A90EDFE0AEF
:103B2000BDEC028B10BD00006CBB002018B900205A
:103B3000E23645401445813F0147D64310B5024661
:103B400092F82030012B01D0022B06D11068406979
:103B5000084314686061002010BD506A40F4802062
:103B600050620120F8E7F0B504460D461E4694F871
:103B7000207020688368A86800B900E000BF012FAA
:103B800001D0022F7DD103F0806030B903F00060D6
:103B900018B903F0805000287ED0C3F301610120E2
:103BA00088403060A86860B9B5F800C0E86840EAAD
:103BB0004C5C206800F5C07000EB0110C0F800C03C
:103BC0000FE0D5E901C040EACC00D5F80CC040EACE
:103BD0000C00D4F800C00CF5C07C0CEB011CCCF838
:103BE0000000D5F810C0206800F5C07000EB01108F
:103BF000C0F804C0287D01280ED1206800F5C070EF
:103C000000EB0110406840F4807C206800F5C07033
:103C100000EB0110C0F804C0D079000692F806C08D
:103C200040EA0C4092F805C040EA0C2092F804C02B
:103C300040EA0C00D4F800C00CF5C07C0CEB011C71
:103C4000CCF80C00D078000692F802C040EA0C4094
:103C500092F801C040EA0C2092F800C040EA0C0043
:103C6000D4F800C00CF5C07C0CEB011CCCF80800AB
:103C7000206800F5C07000EB0110006840F0010CF6
:103C800001E00FE008E0206800F5C07000EB0110D3
:103C9000C0F800C00020F0BD606A40F4001060620F
:103CA0000120F8E7606A40F4802060620120F2E7BA
:103CB000F0B504460A4694F82050012D01D0022D9B
:103CC0007ED1424901F50071086840F001000860AA
:103CD000086820F47C5008600868566A40EA0620AC
:103CE0000860107D00F01F06012000FA06F3C86985
:103CF0009843C861A1F50071D069C8B9D1F80C0228
:103D00009843C1F80C02908880B2968940EA064632
:103D100001F51070576940F83760108880B2168935
:103D200040EA064601F51070576900EBC70046608F
:103D3000D069012819D1D1F80C021843C1F80C023E
:103D4000908880B2168840EA064601F510705769DF
:103D500040F83760908980B2168940EA064601F53E
:103D60001070576900EBC7004660906928B9D1F818
:103D700004029843C1F8040204E0D1F80402184395
:103D8000C1F80402106928B9D1F814029843C1F8A7
:103D9000140204E0D1F814021843C1F81402106AA6
:103DA000012804D1D1F81C021843C1F81C02D1F833
:103DB000000220F00100C1F800020020F0BDFFE782
:103DC000606A40F4802060620120F7E700640040F0
:103DD000704770B5044694F82050012D01D0022D93
:103DE0007DD151B92068C06800F0030080B9606AD5
:103DF00040F400106062012070BD2068006900F08E
:103E0000030028B9606A40F4001060620120F3E703
:103E1000206800F5D87000EB0110006800F0040085
:103E20009060906840B9206800F5D87000EB0110F0
:103E30000068400D106007E0206800F5D87000EBC6
:103E400001100068C0085060206800F5D87000EBD1
:103E50000110006800F00200D060206800F5D87002
:103E600000EB0110406800F00F00082802D3082082
:103E7000106108E0206800F5D87000EB0110406880
:103E800000F00F001061206800F5D87000EB011001
:103E9000406800F47F40000A9061206800F5D87007
:103EA00000EB01104068000C5061206800F5D870EC
:103EB00000EB011080681870206800F5D87000EBE6
:103EC0000110806800F47F40000A5870206800F5F7
:103ED000D87000EB0110806800F47F0000E03CE047
:103EE000000C9870206800F5D87000EB0110806815
:103EF000000ED870206800F5D87000EB0110C06883
:103F00001871206800F5D87000EB0110C06800F44B
:103F10007F40000A5871206800F5D87000EB01104E
:103F2000C06800F47F00000C9871206800F5D8701C
:103F300000EB0110C068000ED87131B92068C0686C
:103F400040F020002668F06005E02068006940F03D
:103F500020002668306100204EE7606A40F480202F
:103F60006062012048E72DE9F05F044600252068E3
:103F700046692068D0F80490206887682068D0F8E7
:103F80000CA02068D0F810B02068D0F8188006F097
:103F90000100002855D007F00100C0B101202168C0
:103FA000886007F0020018B1204600F0D0FA0EE059
:103FB00007F0040010B145F4006508E007F00800C0
:103FC00010B145F4805502E0204600F0BFFA07F436
:103FD0008070C8B14FF480702168886007F4007069
:103FE00018B1204600F0B5FA0EE007F4806010B179
:103FF00045F4005508E007F4006010B145F4804531
:1040000002E0204600F0A4FA07F48030C8B14FF473
:1040100080302168886007F4003018B1204600F035
:104020009AFA0EE007F4802010B145F4004508E04C
:1040300007F4002010B145F4803502E0204600F07E
:1040400089FA06F0080038B10AF0100020B145F4F2
:10405000007510202168C86006F0040040B10AF025
:10406000080028B108202168C860204600F01CFA2A
:1040700006F0020038B12068C06800F0030010B1FB
:10408000204600F012FA06F0400038B10BF01000A4
:1040900020B145F4806510202168086106F02000F9
:1040A00040B10BF0080028B10820216808612046C3
:1040B00000F00BFA06F0100038B12068006900F03B
:1040C000030010B1204600F001FA06F4003040B1C0
:1040D00009F0100028B1102021684860204600F047
:1040E00005FA06F4803040B109F0080028B1082034
:1040F00021684860204600F02FFA06F4004088B39B
:1041000009F0040078B306F4807020B108F00100D3
:1041100008B145F0010506F4007020B108F0020076
:1041200008B145F0020506F4806020B108F00400F3
:1041300008B145F0040506F40060A0B108F0700075
:1041400088B108F07000402817D006DC10280BD08A
:1041500020280CD0302819D10CE0502810D060282D
:1041600014D110E01DE019E045F008050FE045F01E
:1041700010050CE045F0200509E045F0400506E09B
:1041800045F0800503E045F4807500E000BF00BF06
:104190002068806920F0700021688861042021680F
:1041A00048602DB1606A284360622046FFF710FE28
:1041B000BDE8F09F70B504460CB9012070BD94F8BD
:1041C000200010B9204600F0AFF82068006840F0E9
:1041D00001002168086000F0D5FC05460DE000F004
:1041E000D1FC401B0A2808D9606A40F400306062A4
:1041F000052084F820000120E0E72068406800F0F6
:1042000001000028EBD02068006820F0020021683F
:10421000086000F0B7FC05460DE000F0B3FC401B61
:104220000A2808D9606A40F400306062052084F8EA
:1042300020000120C2E72068406800F0020000284A
:10424000EBD1207E012806D12068006840F0800074
:104250002168086005E02068006820F0800021687F
:104260000860607E012806D12068006840F04000A8
:104270002168086005E02068006820F0400021689F
:104280000860A07E012806D12068006840F0200068
:104290002168086005E02068006820F0200021689F
:1042A0000860E07E012806D12068006820F0100038
:1042B0002168086005E02068006840F0100021686F
:1042C0000860207F012806D12068006840F00800BF
:1042D0002168086005E02068006820F00800216877
:1042E0000860607F012806D12068006840F0040063
:1042F0002168086005E02068006820F0040021685B
:104300000860D4E902010843216908436169084350
:104310006168491E08432168C8610020606201206D
:1043200084F82000002049E710B586B00446142127
:1043300001A8FCF731F956492068884249D155480F
:104340000068401C534908600846006801280FD1E6
:1043500000BF002000905048006840F000704E49B7
:1043600008600846006800F00070009000BF00BFC1
:1043700000BF0020009048481038006840F0080056
:104380004549103908600846006800F008000090B0
:1043900000BF00BF03200190022002900020039084
:1043A000032004900920059001A93C4800F0EAFA96
:1043B00000220521142000F0ADFC142000F096FC32
:1043C00000220521152000F0A5FC152000F08EFC30
:1043D0005CE033492068884258D100BF002000903B
:1043E0002D48006840F080602B490860084600684E
:1043F00000F08060009000BF00BF26480068401CAD
:10440000244908600846006801280FD100BF002039
:1044100000902148006840F000701F49086008467D
:10442000006800F00070009000BF00BF00BF0020D7
:10443000009019481038006840F002001649103901
:1044400008600846006800F00200009000BF00BF4E
:10445000602001900220029000200390032004902D
:104460000920059001A90F4800F08CFA00220521CF
:10447000402000F04FFC402000F038FC00220521D5
:10448000412000F047FC412000F030FC06B010BD98
:10449000006400401400002040380240000C02403C
:1044A0000068004000040240704710B58AB004461E
:1044B00001AB03AA00212046FFF78BFC01AA03A948
:1044C0002046FEF7DDF90AB010BD704710B58AB07E
:1044D000044601AB03AA01212046FFF77AFC01AA9A
:1044E00003A92046FEF7CCF90AB010BD704770B59D
:1044F000044694F82000012822D1022084F82000EC
:104500002068006820F001002168086000F03AFB94
:1045100005460DE000F036FB401B0A2808D9606A0A
:1045200040F400306062052084F82000012070BD56
:104530002068406800F001000028EBD16062F6E7D7
:10454000606A40F4002060620120F0E77047704725
:104550007047704770477047704770B50446A56D47
:1045600000F010FB064694F83500022808D08020A1
:10457000606500BF002084F8340000BF012070BDDA
:104580002068006820F016002168086020684069F3
:1045900020F0800021684861206C08B9A06C28B127
:1045A0002068006820F00800216808602068006822
:1045B00020F001002168086010E000F0E3FA801BA1
:1045C00005280BD920206065032084F8350000BF42
:1045D000002084F8340000BF0320D0E72068006882
:1045E00000F001000028E8D194F85C103F208840DA
:1045F000A860012084F8350000BF002084F8340052
:1046000000BF00BFBBE7014691F83500022803D088
:104610008020486501207047052081F83500086832
:10462000006820F001000A6810600020F3E7000035
:10463000F8B50446002000908C4800684FF41651ED
:10464000B0FBF1F7A56D2E6894F85C100820884047
:10465000304098B12068006800F0040070B1206814
:10466000006820F004002168086094F85C100820BD
:104670008840A860606D40F00100606594F85C10AF
:1046800001208840304068B12068406900F0800017
:1046900040B194F85C1001208840A860606D40F043
:1046A0000200606594F85C1004208840304068B1D6
:1046B0002068006800F0020040B194F85C1004200B
:1046C0008840A860606D40F00400606594F85C105C
:1046D00010208840304078B32068006800F008005F
:1046E00050B394F85C1010208840A86020680068DF
:1046F00000F4802080B12068006800F4002028B910
:10470000206CC8B12046216C884715E0A06C98B198
:104710002046A16C88470FE02068006800F4807094
:1047200028B92068006820F0080021680860206C23
:1047300010B12046216C884794F85C1020208840F6
:104740003040002865D02068006800F01000002884
:104750005FD094F85C1020208840A86094F8350061
:10476000052828D12068006820F01600216808601C
:104770002068406920F0800021684861206C08B9F9
:10478000A06C28B12068006820F00800216808604B
:1047900094F85C103F208840A860012084F8350020
:1047A00000BF002084F8340000BF206D10B1204607
:1047B000216D8847F8BD2068006800F4802080B132
:1047C0002068006800F4002028B9606C10B1204611
:1047D000616C88471DE0E06BD8B12046E16B8847EB
:1047E00017E02068006800F4807068B920680068ED
:1047F00020F0100021680860012084F8350000BF17
:10480000002084F8340000BFE06B10B12046E16B5B
:104810008847606D38B3606D00F00100F0B105208D
:1048200084F835002068006820F0010021680860E5
:1048300000BF0098401C0090B84200D905E02068F5
:10484000006800F001000028F3D100BF012084F8C7
:10485000350000BF002084F8340000BFE06C10B1C8
:104860002046E16C884700BFA4E7000088000020D4
:104870002DE9F0410446002500F084F9074614B9FB
:104880000120BDE8F081606A00B100BF022084F819
:10489000350000BF002084F8340000BF20680068A5
:1048A00020F00100216808600AE000F06BF9C01BED
:1048B000052805D920206065032084F83500E0E74D
:1048C0002068006800F001000028EED1206805682B
:1048D00021480540D4E901010843E1680843216902
:1048E000084361690843A1690843E1690843216AF3
:1048F00008430543606A042803D1D4E90B01084347
:104900000543206805602068456925F00705606A51
:104910000543606A04280DD1A06A0543E06A48B1E6
:104920002046FDF731F928B140206065012084F868
:104930003500A6E7206845612046FDF70BF90646DD
:1049400094F85C103F208840B06000206065012032
:1049500084F83500002094E73F8010F070B50446DD
:1049600000F010F906462546681C10B1044800788E
:10497000054400BF00F006F9801BA842FAD370BDC1
:1049800084000020F8B502460B46002500240020D4
:104990000021D6E0012606FA01F51E6806EA0504A4
:1049A000AC4274D11E7906F00306012E04D01E79A4
:1049B00006F00306022E13D190684F000326BE4076
:1049C000B0434F00DE68BE4030439060506801261F
:1049D0008E40B0431E79C6F300168E4030435060BF
:1049E0001E7906F00306032E09D0D0684F00032677
:1049F000BE40B0434F009E68BE403043D0601E7939
:104A000006F00306022E13D1CF0802F1200656F855
:104A100027004E07F70E0F26BE40B0434F07FF0E8C
:104A20001E69BE403043CF0802F1200646F8270039
:104A300010684F000326BE40B0431E7906F00306FF
:104A40004F00BE40304310605E6806F44036002ED2
:104A500076D000BF002600963C4E366846F480466D
:104A60003A4F3E603E46366806F48046009600BFE8
:104A700000BF374E8F0856F827008E07370F0F26D6
:104A8000BE40B043334EB24202D1002624E057E08C
:104A9000314EB24201D101261EE0304EB24201D168
:104AA000022619E02E4EB24201D1032614E02D4E0B
:104AB000B24201D104260FE02B4EB24201D10526AD
:104AC0000AE02A4EB24201D1062605E0284EB24243
:104AD00001D1072600E008268F073F0FBE40304374
:104AE0001B4E8F0846F82700224E3068A0435E68B0
:104AF00006F4801606B120431E4E3060361D306825
:104B0000A0435E6806F4001606B12043194E361D18
:104B10003060184E361F3068A0435E6806F40036D9
:104B200006B12043134E361F3060361F3068A04355
:104B30005E6806F4803606B120430E4E083E3060B3
:104B4000491C1029FFF426AFF8BD0000443802408C
:104B50000838014000000240000402400008024002
:104B6000000C0240001002400014024000180240F5
:104B7000001C0240083C01400AB1816101E00B04C5
:104B80008361704701480068704700007C00002086
:104B900003480068034909780844014908607047E0
:104BA0007C0000208400002010B50D48006840F40F
:104BB00000700B4908600846006840F48060086097
:104BC0000846006840F480700860032000F0E0F8B8
:104BD0000F2000F007F800F05FF8002010BD000083
:104BE000003C02402DE9F04188B004460027B84659
:104BF00000BF002001902448006840F001002249D5
:104C000008600846006800F00100019000BF00BF86
:104C100002A903A801F064F8069F1FB901F088F803
:104C2000054602E001F084F845001848B5FBF0F0B5
:104C3000A0F101084FF080401549086040F2E731CB
:104C40001348C160C0F80480002101618160816166
:104C500001F0C4FD064696B90D4801F02FFE064648
:104C60006EB91C2000F042F8102C07D20022214619
:104C70001C2000F04FF80748046000E00126304691
:104C800008B0BDE8F08100004038024040420F000B
:104C9000141100208000002008B500BF0020009003
:104CA0001148006840F480400F49086008460068D9
:104CB00000F48040009000BF00BF00BF00200090C3
:104CC000081F006840F08050091F0860084600680F
:104CD00000F08050009000BF00BF00220F21901E06
:104CE00000F018F808BD00004438024001460846AC
:104CF00000280DDB00BF00BF00F01F0301229A4017
:104D000043099B0003F1E023C3F8002100BF00BF6B
:104D100000BF70472DE9F05F80460D46164600271C
:104D20000BF062FA074639462A46334601F007007F
:104D3000C0F1070ABAF1040F02D94FF0040A01E0EA
:104D4000C0F1070AD14600F1040ABAF1070F02D2F6
:104D50004FF0000A01E0A0F1030AD4464FF0010A27
:104D60000AFA09FAAAF1010A0AEA020A0AFA0CFA8C
:104D70004FF0010B0BFA0CFBABF1010B0BEA030B31
:104D80004AEA0B04214640460BF036FABDE8F09F94
:104D900000BF00F00702064B19684FF6FF031940E9
:104DA000044B0B4343EA0221014B196000BF7047DB
:104DB0000CED00E00000FA05704702461068416201
:104DC00000207047F0B5034615461868446A21B9BB
:104DD00044EA05401E68B06219E01868806A04EB76
:104DE0001044002208E0186800F5827050F8220094
:104DF00004EB1044501CC2B2481E9042F3D844EA5F
:104E00000547186800F582704E1E40F82670002095
:104E1000F0BD10B50446D4F8E00409F002F910BD65
:104E200070B504460D4605EBC50304F1140101EB12
:104E30008301CA682946D4F8E00408F0E5FF70BD94
:104E400070B504460D4605EBC50304F5157101EB7D
:104E50008301CA682946D4F8E00409F05DF870BD02
:104E600010B50446D4F8E00409F0DEF810BD2DE9D1
:104E7000F04104460D4605F08000802808D105F079
:104E80000F0000EBC00104F1140000EB810607E005
:104E900005F00F0000EBC00104F5157000EB810672
:104EA000314620680AF016FB07463846BDE8F08117
:104EB00070B504460E4606F0800080280AD106F040
:104EC0000F0000EBC00104F1140000EB810501208C
:104ED000687009E006F00F0000EBC00104F51570E2
:104EE00000EB81050020687006F00F00287000BFFD
:104EF00094F89404012801D1022070BD012084F8A7
:104F0000940400BF2946206809F072FE00BF00200B
:104F100084F8940400BF00BFEFE770B504460E4666
:104F200006F00F002179884201D9012070BD06F0FA
:104F3000800080280AD106F00F0000EBC00104F1C8
:104F4000140000EB81050120687009E006F00F00F5
:104F500000EBC00104F5157000EB810500206870BE
:104F60000020A87006F00F00287000BF94F8940489
:104F7000012801D10220D9E7012084F8940400BF60
:104F8000294620680AF032F800BF002084F8940413
:104F900000BF00BFCAE7024601F00F0000EBC003EC
:104FA00002F5157000EB8300406970472DE9F0476A
:104FB00005460E4690461F464FF0000906F0800059
:104FC00080280AD106F00F0000EBC00105F11400A3
:104FD00000EB81040120607009E006F00F0000EB97
:104FE000C00105F5157000EB81040020607006F02B
:104FF0000F002070C8F30A00A0602771607808B124
:1050000020786083022F01D10020607100BF95F8E5
:105010009404012802D10220BDE8F087012085F820
:10502000940400BF2146286809F0EEFC00BF002070
:1050300085F8940400BF4846EEE72DE9F0410546A7
:105040000E461746984606F00F0000EBC00105F526
:10505000157000EB8104E760C4F8108000206061E7
:10506000607006F00F002070A879012800D1E76178
:10507000AA79214628680AF04DF80020BDE8F081A1
:1050800070B504460D4605F00F002179884201D91C
:10509000012070BD05F0800080280AD105F00F00C6
:1050A00000EBC00104F1140000EB810601207070D8
:1050B00007E005EBC50104F5157000EB8106002043
:1050C00070700120B07005F00F00307000BF94F8D0
:1050D0009404012801D10220DBE7012084F8940424
:1050E00000BF3146206809F0C8FF05F00F0028B95D
:1050F000A17904F29C42206809F040FF00BF002023
:1051000084F8940400BF00BFC3E72DE9F0410546D1
:105110000E461746984606F00F0000EBC00105F159
:10512000140000EB8104E760C4F810800020606187
:105130000120607006F00F002070A879012800D1CE
:10514000E761AA792146286809F0E4FF0020BDE85C
:10515000F0812DE9FE4F0446D4F800B05E46206889
:105160000AF09AFA002874D120680AF0D4FA08B933
:10517000BDE8FE8F40F608008059C0F30D20C4F84A
:10518000D40420680AF0C7FA00F00200022805D112
:105190002068406900F002002168486120680AF038
:1051A000BAFA00F01000102845D12068806920F07C
:1051B000100021688861DBF8209009F00F0000EBF7
:1051C000C00104F5157000EB810AC9F343400228C1
:1051D0001AD147F6F07009EA000030B3C9F30A1299
:1051E0005846DAF80C100AF09BFAC9F30A11DAF8FB
:1051F0000C000844CAF80C00C9F30A11DAF81400CC
:105200000844CAF8140010E0C9F3434006280CD142
:10521000082204F29C4158460AF082FAC9F30A11A6
:10522000DAF814000844CAF814002068806940F0D5
:1052300010002168886120680AF06DFA00F40020EF
:10524000B0F5002F7BD1002520680AF034FA0290D7
:1052500072E0E1E2029800F00100002868D0E9B2B3
:1052600020680AF04BFA804608F0010048B101219D
:1052700006F5306000EB451081602946204605F0B8
:105280007BFF08F00800082809D1082106F53060E6
:1052900000EB451081602946204605F03BFF08F0F1
:1052A0001000102805D1102106F5306000EB4510E4
:1052B000816008F00200022824D1DBF8140000F01D
:1052C0008000802807D140F60400805940F48061B6
:1052D00040F60400815105EBC50104F5157000EBA3
:1052E000810A9AF80300012806D100208AF80300F9
:1052F000E9B2204600F09BFA022106F5306000EB8F
:105300004510816008F02000202805D1202106F5F5
:10531000306000EB4510816008F40050B0F5005F8C
:1053200006D14FF4005106F5306000EB4510816066
:105330006D1C029840080290029800288AD12068CB
:105340000AF0E9F900F48020B0F5802F7DD12068C3
:105350000AF0A7F9029000259AE0029800F00100F7
:10536000002873D0E9B220680AF0AFF9804608F04F
:105370000100F0B305F00F0101208840019040F6D4
:1053800034008159019821EA000040F63401885127
:10539000012106F5106000EB45108160A07901281D
:1053A00024D105EBC50104F1140000EB810005EBED
:1053B000C502C16804F1140000EB8200806801445A
:1053C00005EBC50204F1140000EB8200C1606DB969
:1053D00005EBC50104F1140000EB8100006928B958
:1053E00004F29C420121206809F0C8FDE9B2204680
:1053F00000E001E0FFF714FD08F00800082805D1DF
:10540000082106F5106000EB4510816008F01000DF
:10541000102805D1102106F5106000EB45108160C1
:1054200008F04000402805D1402106F5106000EB4F
:105430004510816008F0020002281DD12946584617
:105440000AF0EDF805EBC50101E025E01CE004F1F0
:10545000140000EB810A9AF80300012806D100200D
:105460008AF80300E9B2204600F0D8F9022106F5D7
:10547000106000EB4510816008F08000802803D1A7
:105480002946204605F01AFF6D1C0298400802903C
:10549000029800287FF461AF20680AF03CF900F020
:1054A0000040B0F1004F1CD140F60400805920F0BC
:1054B000010140F60400815194F8CC04012807D181
:1054C000002084F8CC0400212046FFF775FC02E0A0
:1054D000204600F0D1FA2068406900F000402168C1
:1054E000486120680AF017F900F40060B0F5006F19
:1054F0000ED140F60800805900F0010010B120469E
:1055000000F012FB2068406900F4006021684861E7
:1055100020680AF000F900F48050B0F5805F7ED179
:1055200040F60400805920F0010140F6040081514A
:10553000102120680AF073F8002732E04FF67F311F
:1055400006F5106000EB4710816006F5106000EB77
:105550004710006820F4001106F5106000EB4710BA
:1055600001604FF67F3106F5306000EB4710816037
:1055700006F5306000EB4710006820F4001106F5D6
:10558000306000EB4710016006F5306000EB47101B
:10559000006840F0006106F5306000EB47100160E4
:1055A0007F1C2079B842C9D840F61C00805940F0D1
:1055B000011140F61C008151E07B70B1D6F88408DF
:1055C00040F00B01C6F8841840F64400805940F0C2
:1055D0000B0140F6440081510FE040F61400805961
:1055E00042F22B01084340F614018851081F8059EC
:1055F00040F00B014FF401608151D6F8000820F40F
:10560000FE60C6F80008A17904F29C42206809F007
:10561000B5FC2068406900F48050216800E000E09B
:10562000486120680AF077F800F40050B0F5005F98
:1056300017D1206809F050FA20680AF01AF8E071D2
:1056400000F070FB0090E279206800990AF0EAF817
:10565000204600F0F9F92068406900F40050216804
:10566000486120680AF057F800F00800082808D1BF
:10567000204600F008FA2068406900F00800216820
:10568000486120680AF047F800F08000802818D1AF
:10569000DBF8180020F08000CBF8180001250DE0A1
:1056A00005EBC50104F5157000EB8100C0780128F9
:1056B00003D1E9B22046FFF7DAFB6D1C2079A8423E
:1056C000EED820680AF027F800F48010B0F5801FAB
:1056D0002DD1012522E006F5106000EB4510D0F831
:1056E000009005EBC50104F1140000EB8100007986
:1056F000012812D109F00040B0F1004F0DD1012175
:1057000005EBC50204F1140000EB8200C170E8B2A1
:1057100040F080012046FFF7AAFB6D1C2079A842CB
:10572000D9D82068406900F4801021684861206859
:1057300009F0F1FF00F40010B0F5001F44D101257D
:1057400038E006F5306000EB4510D0F8009005EB2E
:10575000C50104F5157000EB81000079012828D1FE
:1057600009F00040B0F1004F23D194F8D40400F0C8
:105770000100C9F3004188421BD1012105EBC5029C
:1057800004F5157000EB8200C170DBF8180040F0E2
:105790008000CBF81800DBF8140000F0800040B95E
:1057A00040F60400805940F4007140F60400815135
:1057B00003E06D1C2079A842C3D800BF206840696F
:1057C00000F4001021684861206809F0A4FF00F08F
:1057D0008040B0F1804F08D12046FFF71AFB2068C7
:1057E000406900F0804021684861206809F093FF1B
:1057F00000F0040004280FD12068D0F8049009F0CC
:105800000400042802D12046FFF72AFB20684068E4
:1058100040EA09002168486000BFA9E470B5044669
:105820000D462946D4F8E00408F06AFC70BD70B556
:1058300004460D462946D4F8E00408F085FC70BD06
:10584000F8B504460CB90120F8BD266894F8950413
:1058500028B9002084F89404204600F0A1F8032021
:1058600084F89504B6F1A04F01D10021A171206800
:1058700009F07CFB207C8DF8000094E80F0009F013
:105880003FF920B1022084F895040120DCE70021D3
:10589000206809F075FF20B1022084F895040120EA
:1058A000D2E7002531E0012105EBC50204F1140027
:1058B00000EB8200417005EBC50104F1140000F813
:1058C000215005EBC50100EB81004583002105EB6C
:1058D000C50204F1140000EB8200017105EBC50262
:1058E00004F1140000EB8200816005EBC50204F1B5
:1058F000140000EB8200C16005EBC50204F1140046
:1059000000EB82000161681CC5B22079A842CADCA4
:1059100000252AE0002105EBC50204F5157000EB17
:105920008200417005EBC50104F5157000F82150A7
:10593000002105EBC50200EB8200017105EBC502F9
:1059400004F5157000EB8200816005EBC50204F5DB
:10595000157000EB8200C16005EBC50204F51570FF
:1059600000EB82000161681CC5B22079A842D1DC3D
:10597000207C8DF8000094E80F0009F003FA20B1B4
:10598000022084F8950401205EE700206074012065
:1059900084F89504206809F0E3F9002054E700003A
:1059A00010B586B00446142101A8FAF7F5FD206869
:1059B000B0F1A04F42D100BF002000902048006805
:1059C00040F001001E4908600846006800F0010030
:1059D000009000BF00BF4FF4C05001900220029021
:1059E00000200390032004900A20059001A9154887
:1059F000FEF7C8FF00BF1248001D006840F080009D
:105A00000F49091D086000BF002000900C481430A9
:105A1000006840F480400A49143108600846006874
:105A200000F48040009000BF00BF00BF00220521AD
:105A30004320FFF76FF94320FFF758F906B010BD78
:105A4000303802400000024070B504460125E0797C
:105A500008B9002506E0E079022801D1012501E01E
:105A6000FDF702F92946D4F8E00408F017FCD4F851
:105A7000E00408F0BDFB70BD10B50446D4F8E004A6
:105A800008F0EDFB10BD10B50446D4F8E00408F0B2
:105A9000F1FB10BD70B504460D4600BF94F89404A8
:105AA000012801D1022070BD012084F8940400BFB8
:105AB00065742946206809F097FE00BF002084F82D
:105AC000940400BF00BFEEE710B5044604F29C4109
:105AD000D4F8E00408F0F9FB10BD70B50446256861
:105AE00000BF94F89404012801D1022070BD012068
:105AF00084F8940400BFE86800F0400030B1607B97
:105B0000012803D1A86B40F48030A863206809F015
:105B100057FD206809F012F900BF002084F89404B2
:105B200000BF00BFE2E7000010B50446D4F8E0046F
:105B300008F028FC2068D0F8000E40F00100216831
:105B4000C1F8000EE07A28B10348006840F0060072
:105B50000149086010BD000010ED00E070B504467A
:105B60000D460CB9012070BD5848006800F00700D0
:105B7000A84209D255490D700846006800F0070098
:105B8000A84201D00120EEE7207800F002000228B0
:105B90001DD1207800F00400042805D14C4800688D
:105BA00040F4E0504A490860207800F008000828D6
:105BB00005D14748006840F46040454908604448C2
:105BC000006820F0F000A16808434149086020788F
:105BD00000F00100A8B36068012807D13C480838EC
:105BE0000068C0F34040B8B90120BCE760680228F3
:105BF00002D06068032807D1354808380068C0F330
:105C0000406048B90120AEE7314808380068C0F369
:105C1000400008B90120A6E72D48006820F00300E5
:105C2000616808432A490860FEF7ACFF064609E0B0
:105C3000FEF7A8FF801B41F28831884202D9032079
:105C400091E707E02248006800F00C006168B0EBC3
:105C5000810FEDD11D48006800F00700A84209D966
:105C60001A490D700846006800F00700A84201D0EC
:105C7000012078E7207800F00400042807D11448B8
:105C8000006820F4E050E16808431149086020787A
:105C900000F00800082808D10D48006820F4604092
:105CA000216940EAC1000A49086000F061F808492A
:105CB0000968C1F30311074A515CC84006490860EE
:105CC00006480068FEF78EFF00204CE7003C0240CB
:105CD0000838024024580108880000208000002075
:105CE0000F2202600D4A126802F0030242600B4A62
:105CF000126802F0F0028260084A126802F4E05270
:105D0000C260064A126802F46042D2080261044A84
:105D1000126802F007020A6070470000083802406B
:105D2000003C0240014800687047000088000020E5
:105D300000B5FFF7F7FF04490968C1F38221034A60
:105D4000515CC84000BD00000838024034580108CA
:105D500000B5FFF7E7FF04490968C1F34231034A80
:105D6000515CC84000BD00000838024034580108AA
:105D70002DE9F047002400250026A14625480068AB
:105D800000F00C0020B1042805D008283AD105E025
:105D9000DFF8849039E0DFF8849036E01D48001F7A
:105DA000006800F03F041B48001F006800F48000FA
:105DB00078B11A481749091F0968C1F38811A0FB77
:105DC00001700146224600233846FAF7CDFA05460F
:105DD0000EE011480F49091F0968C1F38811A0FBA3
:105DE00001700146224600233846FAF7BDFA0546FF
:105DF0000848001F0068C0F30140401C4600B5FB86
:105E0000F6F902E0DFF8109000BF00BF4846BDE899
:105E1000F0870000083802400024F400001BB7009F
:105E2000F8B504460CB90120F8BD207800F0010057
:105E3000002874D0F948006800F00C0004280DD048
:105E4000F648006800F00C00082813D1F348001F42
:105E5000006800F48000B0F5800F0BD1EF480838DF
:105E60000068C0F34040002859D06068002856D12F
:105E70000120D9E700BF6068B0F5803F08D1E7484E
:105E80000838006840F48030E449083908601EE0B2
:105E90006068B0F5A02F0DD1E0480838006840F4E4
:105EA0008020DE49083908600846006840F48030E8
:105EB00008600CE0D9480838006820F48030D749E1
:105EC000083908600846006820F48020086000BF98
:105ED000606890B1FEF756FE054606E0FEF752FEFA
:105EE000401B642801D903209EE7CC48083800688D
:105EF000C0F340400028F1D011E0FEF743FE054614
:105F000006E0FEF73FFE401B642801D903208BE723
:105F1000C24808380068C0F340400028F1D120781A
:105F200000F0020002285FD1BC48006800F00C00BD
:105F300058B1BA48006800F00C0008281CD1B748D6
:105F4000001F006800F48000B0B9B4480838006849
:105F5000C0F3400020B1E068012801D0012063E7D0
:105F6000AE480838006820F0F800216940EAC10016
:105F7000AA490839086037E0E06800B30120A84961
:105F80000860FEF7FFFD054606E0FEF7FBFD401B3F
:105F9000022801D9032047E7A04808380068C0F369
:105FA00040000028F1D09D480838006820F0F80033
:105FB000216940EAC10099490839086014E00020CD
:105FC00097490860FEF7DEFD054606E0FEF7DAFDBC
:105FD000401B022801D9032026E7904808380068B2
:105FE000C0F340000028F1D1207800F00800082814
:105FF0002CD16069A8B101208A490860FEF7C2FD72
:10600000054606E0FEF7BEFD401B022801D903202D
:106010000AE782486C300068C0F340000028F1D0E5
:1060200014E000207F490860FEF7ACFD054606E05D
:10603000FEF7A8FD401B022801D90320F4E67748AB
:106040006C300068C0F340000028F1D1207800F0E7
:106050000400042870D1002770483830006800F030
:10606000805090B900BF002000906C483830006824
:1060700040F080506949383108600846006800F0F7
:106080008050009000BF00BF01276748006800F4FF
:106090008070B0B96448006840F48070624908605C
:1060A000FEF770FD054606E0FEF76CFD401B02287A
:1060B00001D90320B8E65C48006800F4807000282D
:1060C000F2D000BFA068012808D1544868300068A9
:1060D00040F001005149683108601DE0A0680528C2
:1060E0000DD14E486830006840F004004B496831DB
:1060F00008600846006840F0010008600CE047486E
:106100006830006820F001004449683108600846A2
:10611000006820F00400086000BFA068A8B1FEF786
:1061200031FD054609E0FEF72DFD401B41F28831A7
:10613000884202D9032077E626E0384868300068B4
:10614000C0F340000028EED013E0FEF71BFD05462B
:1061500008E0FEF717FD401B41F28831884201D963
:10616000032061E62D4868300068C0F34000002835
:10617000EFD1012F07D129483830006820F0805036
:1061800026493831086000BFA069002845D023485F
:10619000006800F00C0008285DD0A069022845D1F5
:1061A00000201F490866FEF7EDFC054606E0FEF7F5
:1061B000E9FC401B022801D9032035E617480838BE
:1061C0000068C0F340600028F1D1D4E9070108431A
:1061D000616A40EA81110122A06AC2EB500041EAE3
:1061E00000412C20005D41EA00600C49091F086055
:1061F00001200B490866FEF7C5FC054606E0FEF7E0
:10620000C1FC401B022801D903200DE603480838D1
:106210000068C0F340600028F1D049E0083802402F
:1062200000004742800E4742007000400020214994
:106230000866FEF7A7FC054606E0FEF7A3FC401B38
:10624000022801D90320EFE51B480068C0F3406035
:106250000028F2D12CE0A069012800D1E4E516481D
:10626000001D0668A069012820D006F48001E069BD
:1062700081421BD106F03F01206A814216D147F6C8
:10628000C0703040616AB0EB811F0FD106F440311D
:106290000122A06AC2EB5000B1EB004F06D106F01C
:1062A00070612C20005DB1EB006F01D00120BBE5D7
:1062B0000020B9E5000047420038024010B504460E
:1062C0000CB9012010BD606A38B96068B0F5827FF2
:1062D00000D105E00021E16102E00021216161615E
:1062E0000021A16294F8510028B9002084F85000E0
:1062F000204600F047F8022084F85100206800682A
:1063000020F0400021680860A08800F48270218994
:1063100001F404410843A18901F400610843217C90
:1063200001F002010843217D01F001010843218BA6
:1063300001F400710843217F01F038010843202156
:10634000095D01F080010843218D01F400510843EB
:10635000216808600421A06901EA104094F8241023
:1063600001F010010843216848602068C06920F4EA
:1063700000602168C86100206065012084F8510038
:1063800000209FE710B586B00446142101A8FAF753
:1063900003F94B49206888427ED100BF002000905D
:1063A0004848006840F48050464908600846006844
:1063B00000F48050009000BF00BF00BF002000909C
:1063C00040481438006840F002003E491439086023
:1063D0000846006800F00200009000BF00BF00BF48
:1063E000002000900846006840F001000860084660
:1063F000006800F00100009000BF00BF182001906D
:1064000002200290012003900320049005200590B3
:1064100001A92D48FEF7B6FA8020019002200290D3
:1064200001200390032004900520059001A927482E
:10643000FEF7A8FA2648274908604FF0C060486078
:10644000002124488160C1604FF480610161002116
:1064500041618161C1614FF44031016200214162BB
:10646000FEF706FA08B1FCF7FFFB00BF1948E0642D
:10647000846300BF16484830174908604FF0C06079
:1064800048604021144881600021C1604FF4806160
:1064900001610021416100E010E08161C1614FF4C0
:1064A0004031016200214162FEF7E2F908B1FCF7D8
:1064B000DBFB00BF0848A064846300BF06B010BDCA
:1064C0000030014044380240000402400000024015
:1064D00010640240CC0D00202C0E00202DE9FE4F50
:1064E00004460F4690461D460C9E01200190FEF783
:1064F00049FB814694F851B060680290AA46BBF10E
:10650000010F0BD00298B0F5827F04D1A06810B9BA
:10651000BBF1040F02D00220BDE8FE8F1FB1B8F11D
:10652000000F00D00DB90120F6E700BF94F850002D
:10653000012801D10220EFE7012084F8500000BFBC
:1065400094F85100042802D0052084F8510000205E
:106550006065C4F83880E587A5872763E586A5864A
:10656000206460642068006800F04000402805D086
:106570002068006840F0400021680860E068B0F5DD
:10658000006F52D1606810B1BAF1010F09D1206BD0
:1065900000882168C860206B801C2063E08E401E4C
:1065A000E0863BE02068806800F00200022810D1FD
:1065B000E08E70B1019801280BD1206B0088216812
:1065C000C860206B801C2063E08E401EE0860020A7
:1065D00001902068806800F0010068B1E08F58B138
:1065E0002068C068A16B0880A06B801CA063E08F4E
:1065F000401EE08701200190FEF7C4FAA0EB0900DD
:10660000B0420BD3701C48B1012084F8510000BF88
:10661000002084F8500000BF03207DE7E08E0028B2
:10662000C0D1E08F0028BDD152E0606810B1BAF14E
:10663000010F09D1206B007821680873206B401C82
:106640002063E08E401EE0863CE02068806800F019
:106650000200022810D1E08E70B1019801280BD100
:10666000206B007821680873206B401C2063E08E4B
:10667000401EE086002001902068806800F0010044
:1066800068B1E08F58B12068C068A16B0870A06B3A
:10669000401CA063E08F401EE08701200190FEF7C0
:1066A00071FAA0EB0900B04201D3701C00B94EB9D9
:1066B000012084F8510000BF002084F8500000BF82
:1066C000032029E7E08E0028BFD1E08F0028BCD14D
:1066D0004A463146204605F0CFF940B1202060659A
:1066E00000BF002084F8500000BF012014E7A0681C
:1066F00050B900BF002000902068C068009020685A
:106700008068009000BF00BF012084F8510000BFE6
:10671000002084F8500000BF606D08B10120FBE646
:106720000020F9E67047704730B502460B4600BFBF
:1067300092F83C00012801D1022030BD012082F8EE
:106740003C0000BF022082F83D00106844681068D9
:10675000816824F070041868044310684460184D80
:106760001068A8421BD01068B0F1804F17D0154DAB
:106770001068A84213D0144D1068A8420FD0134DD2
:106780001068A8420BD0124D1068A84207D0114DD6
:106790001068A84203D0104D1068A84205D121F01E
:1067A00080015868014310688160012082F83D0033
:1067B00000BF002082F83C0000BF00BFBDE7000022
:1067C000000001400004004000080040000C0040B0
:1067D00000040140004001400018004010B504468C
:1067E0000CB9012010BD94F83D0028B9002084F8B0
:1067F0003C00204600F026F8022084F83D00211DD0
:10680000206805F0B9FD012084F8460000BF84F837
:106810003E0001213F2001554020015541200155F6
:1068200000BF00BF012084F84200432001554420EE
:1068300001554520015500BF012084F83D0000208E
:10684000D0E7000038B504461949206888420FD1C6
:1068500000BF002000901748006840F00400154970
:1068600008600846006800F00400009000BF1DE0CA
:1068700011492068884219D100BF002000900D48BE
:10688000001D006840F400300A49091D08600846F0
:10689000006800F40030009000BF00BF0022052116
:1068A0001920FEF737FA1920FEF720FA38BD00004C
:1068B000000800404038024000440140014691F881
:1068C0003D00012801D001207047022081F83D00E1
:1068D0000868C06840F001000B68D8601A4B08686F
:1068E00098421BD00868B0F1804F17D0174B08684A
:1068F000984213D0164B086898420FD0154B086881
:1069000098420BD0144B0868984207D0134B086884
:10691000984203D0124B086898420CD108688068EE
:1069200000F00702062A0CD00868006840F0010059
:106930000B68186005E00868006840F001000B680B
:1069400018600020C0E70000000001400004004083
:1069500000080040000C00400004014000400140DD
:10696000001800402DE9F04104460D46002700BF05
:1069700094F83C00012802D10220BDE8F0810120FA
:1069800084F83C0000BF022084F83D00206886683F
:1069900026F0770626F47F4620688660286850280F
:1069A00033D00CDC202850D004DC00284BD0102839
:1069B00051D149E0302849D040284CD139E06028F5
:1069C0002DD0702807D0B0F5805F03D0B0F5005F00
:1069D00041D10DE041E0D5E902136A68206805F075
:1069E0004CFD2068866846F077062068866034E0B3
:1069F000D5E902136A68206805F03FFD20688068C9
:106A000040F480402168886027E0EA68696820686F
:106A100005F041FE5021206805F03AFD1DE0EA68CE
:106A20006968206805F04AFE6021206805F030FDA5
:106A300013E0EA686968206805F02DFE40212068AF
:106A400005F026FD09E000BF00BF00BF29682068EF
:106A500005F01EFD01E0012700BF00BF012084F802
:106A60003D0000BF002084F83C0000BF384684E7AA
:106A7000704770B504462068C5682068066906F04E
:106A80000200022819D105F00200022815D1401F8A
:106A900021680861012020772068806900F00300E8
:106AA00018B12046FFF7E4FF05E0204600F0F2F8B9
:106AB000204600F0A6F90020207706F00400042804
:106AC00019D105F00400042815D1C04321680861DC
:106AD000022020772068806900F4407018B12046B9
:106AE000FFF7C6FF05E0204600F0D4F8204600F08E
:106AF00088F90020207706F00800082819D105F051
:106B00000800082815D1C0432168086104202077B7
:106B10002068C06900F0030018B12046FFF7A8FF05
:106B200005E0204600F0B6F8204600F06AF90020A3
:106B3000207706F01000102819D105F01000102859
:106B400015D1C04321680861082020772068C069FA
:106B500000F4407018B12046FFF78AFF05E0204698
:106B600000F098F8204600F04CF90020207706F05D
:106B7000010048B105F0010030B16FF0010021685B
:106B80000861204600F018FA06F08000802809D13C
:106B900005F08000802805D1C043216808612046A7
:106BA000FFF7C0FD06F04000402809D105F0400085
:106BB000402805D1C04321680861204600F005FA4D
:106BC00006F02000202809D105F02000202805D15A
:106BD000C043216808612046FFF7A5FD70BD000095
:106BE00010B586B00446142101A8F9F7D5FC244954
:106BF000206888421FD100BF002000902148006813
:106C000040F008001F4908600846006800F00800CE
:106C1000009000BF00BF4FF480400190022002901E
:106C200000200390032004900220059001A916483B
:106C3000FDF7A8FE21E01549206888421DD100BF5C
:106C4000002000900F48006840F020000D490860C7
:106C50000846006800F02000009000BF00BF402000
:106C60000190022002900120039002200490032052
:106C7000059001A90648FDF785FE06B010BD00008D
:106C80000008004030380240000C0240004401403F
:106C90000014024070472DE9F04104460D461646A7
:106CA000002700BF94F83C00012802D10220BDE873
:106CB000F081012084F83C0000BF36B1042E1BD0C7
:106CC000082E31D00C2E5ED145E02946206805F013
:106CD000E9FB2068806940F008002168886120682D
:106CE000806920F004002168886120688069296932
:106CF00008432168886148E02946206805F00AFCBD
:106D00002068806940F4006021688861206880699B
:106D100020F480602168886120688069296940EAE0
:106D200001202168886130E02946206805F030FCA8
:106D30002068C06940F008002168C8612068C06907
:106D400020F004002168C8612068C06929690843EF
:106D50002168C86119E02946206805F055FC2068C3
:106D6000C06940F400602168C8612068C06920F4EF
:106D700080602168C8612068C069296940EA0120F3
:106D80002168C86101E0012700BF00BF00BF0020EB
:106D900084F83C0000BF384689E710B504460CB9BA
:106DA000012010BD94F83D0028B9002084F83C0073
:106DB000204600F025F8022084F83D00211D2068BF
:106DC00005F0DAFA012084F8460000BF84F83E009E
:106DD00001213F200155402001554120015500BFB0
:106DE00000BF012084F84200432001554420015592
:106DF0004520015500BF012084F83D000020D0E768
:106E00007047704770B504460D4615B994F83E00BA
:106E10000BE0042D02D13F20005D06E0082D02D1D9
:106E20004020005D01E04120005D012801D00120EB
:106E300070BD1DB9022084F83E000EE0042D03D180
:106E400002213F20015508E0082D03D102214020F6
:106E5000015502E002214120015501222946206806
:106E600005F0FAFA23492068884203D022492068B5
:106E7000884201D1012000E0002028B12068406C48
:106E800040F40040216848641A49206888421BD0B9
:106E90002068B0F1804F17D018492068884213D07D
:106EA0001749206888420FD01649206888420BD0C5
:106EB00011492068884207D013492068884203D0CE
:106EC0001249206888420CD12068806800F00706CB
:106ED000062E0CD02068006840F001002168086090
:106EE00005E02068006840F001002168086000208B
:106EF0009EE7000000000140000401400004004043
:106F000000080040000C0040004001400018004014
:106F100030B504460D4600222946206805F09CFA4B
:106F200023492068884203D022492068884201D141
:106F3000012000E0002090B100BF2068006A41F20B
:106F40001111084050B92068006A8910084028B91A
:106F50002068406C20F400402168486400BF00BFF6
:106F60002068006A41F21111084050B92068006A97
:106F70008910084028B92068006820F001002168C5
:106F8000086000BF1DB9012084F83E000EE0042D0A
:106F900003D101213F20015508E0082D03D1012133
:106FA0004020015502E0012141200155002030BD63
:106FB000000001400004014010B504462068B0F113
:106FC000804F01D1FDF7E4FD10BD70477047704759
:106FD0002DE9F84F0446206805682068C6682068D7
:106FE00047694FF00009CA4605F00F09B9F1000FD3
:106FF0000AD105F0200038B106F0200020B120466B
:1070000005F065FEBDE8F88FB9F1000F7CD007F000
:10701000010018B906F49070002875D005F0010041
:1070200030B106F4807018B1606C40F0010060640B
:1070300005F0040030B107F0010018B1606C40F0B9
:107040000200606405F0020030B107F0010018B1E1
:10705000606C40F00400606405F0080048B106F080
:10706000200010B907F0010018B1606C40F0080072
:107070006064606C002846D005F0200028B106F05E
:10708000200010B1204605F022FE20684069C0F3C0
:10709000801A606C00F0080010B9BAF1000F2DD012
:1070A000204605F0CEFD2068406900F040004028F1
:1070B00020D100BF00BF2168143151E8001F21F02A
:1070C00040002168143141E80002002AF3D100BFDA
:1070D000E06B50B17F48E16B0865E06BFDF793FA18
:1070E00088B1E06B016D88470DE02046FFF76FFF28
:1070F00009E009E02046FFF76AFF04E02046FFF7B9
:1071000066FF002060647DE7206B012878D105F0E0
:107110001000002874D006F010000028FAD000BF3C
:10712000002000902068006800902068406800906F
:1071300000BF00BF2068406900F04000402870D1C7
:10714000E06B006840681FFA80F8B8F1000F58D073
:10715000A08D404555DDA4F82E80E06BC069B0F5E8
:10716000807F43D000BF00BF21680C3151E8001F71
:1071700021F4807021680C3141E80002002AF3D12B
:1071800000BF00BF00BF2168143151E8001F21F08B
:1071900001002168143141E80002002AF3D100BF48
:1071A00000BF00BF2168143151E8001F21F04000EA
:1071B0002168143141E80002002AF3D100BF2020E9
:1071C00084F842000020206300BF00BF21680C311A
:1071D00051E8001F21F0100021680C3141E8000245
:1071E000002AF3D100BFE06BFDF7B7F9022060631E
:1071F000A08DE28D801A81B22046FFF7E7FE0EE0F7
:1072000052E0A08D40450AD1E06BC069B0F5807FA7
:1072100005D102206063A18D2046FFF7D7FEF1E67D
:10722000FFE7A08DE18D401A1FFA80F8E08DD0B302
:10723000B8F1000F37D000BF00BF21680C3151E812
:10724000001F21F4907021680C3141E80002002AEF
:10725000F3D100BF00BF00BF2168143151E8001F07
:1072600021F001002168143141E80002002AF3D125
:1072700000BF202084F842000020206300BF00BF30
:1072800021680C3151E8001F21F0100021680C31F9
:1072900041E80002002AF3D100BF022060634146AA
:1072A0002046FFF793FEADE605F0800030B106F012
:1072B000800018B1204605F09FFEA3E605F04000CF
:1072C00030B106F0400018B1204605F0F0FC99E618
:1072D00000BF97E631CC000810B504460CB9012078
:1072E00010BDA06900B100E000BF94F8410028B9CA
:1072F000002084F84000204600F02AF8242084F87A
:1073000041002068C06820F400502168C860204611
:1073100005F05CFD2068006920F490402168086158
:107320002068406920F02A00216848612068C06810
:1073300040F400502168C86000206064202084F878
:10734000410084F842000020606300BFC8E70000ED
:1073500010B586B00446142101A8F9F71DF9A0491B
:107360002068884279D100BF002000909D480068C5
:1073700040F010009B4908600846006800F01000CB
:10738000009000BF00BF00BF002000909548143857
:10739000006840F00200934914390860084600680C
:1073A00000F00200009000BF00BF00BF002000906E
:1073B0000846006840F0010008600846006800F0D8
:1073C0000100009000BF00BF8020019002200290C9
:1073D00000200390032004900720059001A9824813
:1073E000FDF7D0FA4FF400700190022002900020C7
:1073F0000390032004900720059001A97B48FDF726
:10740000C1FA7B487B4908604FF00060486000216A
:1074100078488160C1604FF4806101610021416161
:1074200081614FF48071C1614FF4403101620021EC
:107430004162FDF71DFA08B1FBF716FC00BF6D486D
:10744000E063846300BF002205212520FDF762FC74
:107450002520FDF74BFCC0E0FFE767492068884224
:107460005CD100BF002000905E48001F006840F41F
:1074700080205C49091F08600846006800F48020ED
:10748000009000BF00BF00BF002000905548143896
:10749000006840F004005349143908600846006849
:1074A00000F00400009000BF00BF4FF44060019066
:1074B00002200290002003900320049007200590F2
:1074C00001A94E48FDF75EFA4D484E4908604FF05D
:1074D0000060486000214B488160C1604FF48061CA
:1074E00001610021416181614FF48071C1614902F4
:1074F000016200214162FDF7BBF908B1FBF7B4FB63
:1075000000BF4048E063846300BF002205212720BC
:10751000FDF700FC2720FDF7E9FB5EE03A49206813
:1075200088425AD100BF002000902E48006840F0E9
:1075300020002C4908600846006800F020000090F8
:1075400000BF00BF00BF002000902648143800682C
:1075500040F040002349143908600846006800F0F4
:107560004000009000BF00BF4FF484400190022013
:10757000029000200390032004900820059001A9A8
:107580002248FDF7FFF91A4818382149086080059C
:10759000486000211E488160C1604FF48061016134
:1075A0000021416181614FF48071C1614FF440312C
:1075B000016200214162FDF75BF908B1FBF754FB62
:1075C00000BF1348E063846300BF00220521472009
:1075D000FDF7A0FB4720FDF789FB06B010BD0000BA
:1075E0000010014044380240000402400000024004
:1075F00040640240F40F00200048004000080240B0
:10760000286002405410002000140140001802407D
:10761000B41000207047704770B5044600202074F5
:10762000A37B484D2D8803FB05F26168D4F8F40074
:10763000F8F756FFA27B434B1B8802FB03F16068FF
:10764000F8F7AAFFA27B3F4B1B885A43A37B02FBA0
:1076500003F1D4F81801F8F79FFF227B394B1B8800
:107660005A43A37B02FB03F1D4F80C01F8F794FF13
:10767000002031E0D4F8F41001EB800191ED000A14
:10768000B5EEC00AF1EE10FA24D0D4F8F41001EBF4
:10769000800191ED000A227CD4F8F41001EB820104
:1076A00081ED000A227C616A8854A16901EB8001A6
:1076B00091ED000A6169095C227B237C12FB0311B6
:1076C000491ED4F80C2102EB810181ED000A217CD6
:1076D000491C2174411CC8B2A17B8142CADC002034
:1076E00011E0626A125CE16901EB820191ED000A2E
:1076F000227C00FB0202D4F8181101EB820181ED1B
:10770000000A411CC8B2217C8142EADC207CA4F83A
:107710007800217B7A200153207BA4F88000217C13
:1077200082200153207CA4F89000217C92200153F8
:10773000207BA4F89800217C9A200153207CA4F897
:10774000480070BDA401002000BFFEE710B504464C
:1077500054F8EC0F90ED000A834880ED000A206891
:1077600090ED010A814880ED000A206890ED020A40
:107770007F4880ED000A54F8EC0990ED030A7D483B
:1077800080ED000A7848D0ED000A60EEA00A774844
:1077900090ED001AD0ED001A41EE210A744890EDE8
:1077A000001AD0ED001A41EE210A724890ED001A3D
:1077B000D0ED001A41EE210AB0EE600A0AF094FC06
:1077C0006D4880ED000A002012E0D4F8EC1001EBC7
:1077D000800191ED000A6849D1ED000A20EE200AEF
:1077E000D4F8EC1001EB800181ED000A411CC8B215
:1077F0000428EADB614890ED6F0A5C48D0ED000A8E
:1078000020EE200AF0EE000A80EE201AF834A0687C
:1078100080ED041A594890ED6F0A5548D0ED000AE2
:1078200020EE200AF0EE000A80EE201AA06880ED1B
:10783000051A524890ED6F0A4B48D0ED000AF1EE60
:10784000600A20EE200AF0EE000A80EE201AA068FE
:1078500080ED0A1A494890ED6F0A4648D0ED000ABB
:1078600020EE200AF0EE000A80EE201AA06880EDDB
:107870000B1A424890ED6F0A3E48D0ED000AF1EE37
:10788000600A20EE200AF0EE000A80EE201AA068BE
:1078900080ED101A394890ED6F0A3348D0ED000A98
:1078A000F1EE600A20EE200AF0EE000A80EE201AC7
:1078B000A06880ED111A314890ED6F0A2C48D0ED88
:1078C000000A20EE200AF0EE000A80EE201AA068DE
:1078D00080ED161A294890ED6F0A2448D0ED000A71
:1078E000F1EE600A20EE200AF0EE000A80EE201A87
:1078F000A06880ED171A206890ED1C0A1F48D0ED93
:10790000740A80EE201A206880ED1C1A206890ED21
:10791000230A1A48D0ED740A80EE201A206880ED00
:10792000231A54F8F80990ED1C0ADFED150AB4EE9D
:10793000E00AF1EE10FA05DD9FED110AD4F8F80027
:1079400080ED1C0AD4F8F80090ED230ADFED0C0A54
:10795000B4EEE00AF1EE10FA05DD9FED090AD4F865
:10796000F80080ED230A10BD9C040020A004002034
:10797000A4040020A8040020AC040020C0B500200E
:1079800000401C4600B52DED080B2DED108B81B08D
:10799000B0EE40FAF0EE60FAB0EE61BAF0EE62BA24
:1079A000B0EE43CA012077490870084680ED6CFAB2
:1079B000C0ED6DFA9DED130A80ED6E0A9FED720A1F
:1079C00080ED730A002081F8380100216D4AC2F869
:1079D0004011C2F84411C2F84811C2F84C11B7EE78
:1079E000000AB4EEC0BAF1EE10FA03DDB7EE000AF9
:1079F000B0EE40BA634880ED74BA9DED150A80ED93
:107A0000640A032300220621001D01F0CDF95F4B1B
:107A100001221146A3F10800F8F7DBFEDFED5CCA96
:107A2000B0EE000ACCEE800ACDED000A9DED000A12
:107A3000F8F726FEB0EE408AB0EE000ACCEE800ADF
:107A4000CDED000A9DED000AF9F786F9F0EE408AC7
:107A5000B0EE000ACBEE800ACDED000A9DED000AE3
:107A6000F8F70EFEB0EE409AB0EE000ACBEE800AB8
:107A7000CDED000A9DED000AF9F76EF9F0EE409A9F
:107A8000B0EE000ACCEE000ACDED000A9DED000A32
:107A9000F8F7F6FDB0EE40AAB0EE000ACCEE000A10
:107AA000CDED000A9DED000AF9F756F9F0EE40AA77
:107AB00028EE090A20EE0A0A68EEA90AB0EE40DABA
:107AC00000EEAADA28EE090A20EE2A0A68EEA90AD0
:107AD000F0EE40DA40EECADA28EE890A20EE2A0AF1
:107AE00068EE290AB0EE40EA00EE8AEA28EE890A3A
:107AF00020EE0A0A68EE290AF0EE40EA40EEEAEAD1
:107B0000244880ED00DAC0ED01DA80ED02EAC0ED34
:107B100003EA1C48D0F8EC0080ED00DA1948D0F8F0
:107B2000EC00C0ED01DA1748D0F8EC0080ED02EA75
:107B30001448D0F8EC00C0ED03EA17491148C0F82A
:107B4000D0101649C0F8D4101549C0F8D8101549FE
:107B5000C0F8DC10012180F82E1080F82F100146AB
:107B60009022D1F804011049F8F7BAFC0549902297
:107B7000D1F8FC000D49F8F7B3FC01B0BDEC108B57
:107B800008B000BDC0B5002077CC2B3288B70020EC
:107B90000000000030B80020B17B00084D770008DD
:107BA000E57B000819830008405B0108FC03002006
:107BB00010B5044654F8F81F90220748F8F790FCD7
:107BC00048220648616AF8F78BFC6169F83C482254
:107BD0000348F8F785FC10BDFC030020A0B7002087
:107BE000E8B7002010B5044654F8EC0F90ED000AF9
:107BF000F0EE000A20EE200A3F4880ED000A2068DF
:107C000090ED010AF0EE000A20EE200A3B4880EDDC
:107C1000000A206890ED020AF0EE000A20EE200A29
:107C2000374880ED000A206890ED030AF0EE000A64
:107C300020EE200A334880ED000A14F8DE2C324B87
:107C40001B885A4314F8E03C02FB03F1206AF8F762
:107C5000A3FC2B4890ED000AB1EE400A206A80EDAB
:107C6000000A284890ED000A206A80ED010A2248A7
:107C700090ED000AB1EE400A206A80ED020A1F482A
:107C800090ED000A206A80ED030A1C4890ED000A7E
:107C9000206A80ED060A184890ED000A206A80EDFF
:107CA000070A184890ED000A206A80ED080A144877
:107CB00090ED000A206A80ED090A0F4890ED000A55
:107CC000206A80ED0C0A0D4890ED000AB1EE400AE2
:107CD000206A80ED0D0A0A4890ED000AB1EE400AD4
:107CE000206A80ED0E0A074890ED000A206AEC3CFD
:107CF00080ED0F0A10BD0000B0040020B404002085
:107D0000B8040020BC040020A401002010B52DED13
:107D1000088BB0EE40AAF0EE60AAB0EE41BAF0EEE9
:107D2000618AB0EE429AF0EE629AB0EE438AFE4863
:107D300080ED6F8A90ED580A3AEE400A80ED5B0ABA
:107D400090ED590A3AEEC00A80ED5C0A90ED5A0AAD
:107D50003BEE400A80ED5D0A90ED5B0AF6EE000A0C
:107D600020EE200A20EE080AF04880ED000AEE48D6
:107D700090ED5C0AF6EE000A20EE200A20EE080ADA
:107D8000EB4880ED000AE84890ED5D0AF6EE000A47
:107D900020EE200A20EE080AE64880ED000AE249BB
:107DA0009022D1F80401E449F8F79AFBDF4890EDFE
:107DB000000AB1EE400ADC48D0F8040180ED010A67
:107DC000DB4890ED000AB1EE400AD748D0F8040134
:107DD00080ED020AD74890ED000AB1EE400AD24881
:107DE000D0F8040180ED030AD04890ED000ACE4897
:107DF000D0F8040180ED060ACE4890ED000ACA488A
:107E0000D0F8040180ED080AC94890ED000AB1EEEF
:107E1000400AC548D0F8040180ED090AC44890ED35
:107E2000000AC148D0F8040180ED0C0AC14890ED69
:107E3000000AB1EE400ABC48D0F8040180ED0D0AFA
:107E4000BA4890ED000AB848D0F8040180ED0F0A56
:107E5000B84890ED000AB448D0F8040180ED120A49
:107E6000B34890ED000AB048D0F8040180ED130A41
:107E7000AE4890ED000AB1EE400AAB48D0F80401DC
:107E800080ED140AA848D0F84811D0F84C0100231E
:107E900059405840014306D1A348C0ED5E8A80EDA9
:107EA0005F9AC0ED609AA04890ED5E0AD0ED640A3A
:107EB00060EE200A90ED6F0A90ED641A30EE011A20
:107EC00080EE810AD0ED6F0A90ED641A70EE810A9F
:107ED00090ED6F1A21EE281AC1EE201A30EE210A19
:107EE00080ED5E0A90ED5F0AD0ED640A20EE200A74
:107EF000D0ED6F0A90ED641A30EE811AC0EE010ADF
:107F000090ED6F0A90ED641A30EE010A90ED6F1A51
:107F100021EE091AC1EE001A30EEA10A80ED5F0AC7
:107F200090ED600AD0ED640A20EE200AD0ED6F0AD1
:107F300090ED641A30EE811AC0EE010A90ED6F0ADE
:107F400090ED641A30EE010A90ED6F1A21EE291AB5
:107F5000C1EE001A30EEA10A80ED600AD0ED5E0A93
:107F600060EEA00A90ED5F1AD0ED5F1A41EE210A93
:107F700090ED601AD0ED601A41EE210AB0EE600A71
:107F80000AF0B2F86D4880ED000A002011E06C495B
:107F900001EB800191ED000A6849D1ED000A20EE65
:107FA000200A6149896801EB800181ED000A411CCA
:107FB000C8B20328EBDB5C48D0ED5B0A60EEA00A98
:107FC00090ED5C1AD0ED5C1A41EE210A90ED5D1A3D
:107FD000D0ED5D1A41EE210AB0EE600A0AF084F895
:107FE000F7EE000A80EE801A4F4880ED651A53487C
:107FF00090ED000AF7EE000A80EE801A4A4880ED04
:10800000661A90ED650ADFED4F0AB4EEE00AF1EE74
:1080100010FA16D290ED660ADFED4B0AB4EEE00AD4
:10802000F1EE10FA0DDD90ED660ADFED480AB4EED0
:10803000E00AF1EE10FA04D201203B4981F839013F
:1080400003E00020384981F83901374890ED6C0A87
:10805000D0ED6F0A20EE200AD0F8180180ED000A5A
:10806000314890ED6C0AD0ED6F0A20EE200AD0F86E
:10807000180180ED070A2C4890ED6C0AD0ED6F0ACC
:1080800020EE200AD0F8180180ED0E0A264890ED67
:108090006C0AD0ED6F0A20EE200AD0F8180180EDAE
:1080A000150A214890ED6D0AD0ED6F0A20EE200AE6
:1080B000D0F8180180ED1C0A1B4890ED6D0AD0ED38
:1080C0006F0A20EE200AD0F8180180ED230A164826
:1080D00090ED6E0AD0F81C0180ED000A124890ED78
:1080E0006E0AD0F81C0180ED040A0F4890ED6E0A6C
:1080F000D0F81C0180ED080A0B48001D01F0D4FAED
:108100000948406890ED000A074880ED540A40682D
:1081100090ED010A044880ED550A406890ED020A8E
:10812000014880ED560A13E0C0B500208C04002001
:108130009004002094040020405B01089804002073
:1081400038B700209A99993ECDCC1441CDCC24412A
:10815000406890ED030A6A4880ED570A406890ED48
:10816000040A674880ED580A406890ED050A6448A3
:1081700080ED590A9FED630A80ED5A0A90ED541A7A
:1081800021EE011AD0ED551A90ED552A01EE821A12
:10819000F7EE001AB0EE002A52EE011AF0EE610A74
:1081A00090ED541AD0ED571A21EE211AD0ED551A40
:1081B00090ED562A01EE821AF0EE001A21EE211AF5
:1081C000B0EE410A08F0BCFADFED4F0A20EE200ABB
:1081D0004B4880ED6A0A90ED541A21EE011AD0ED59
:1081E000571A90ED572A01EE821AF7EE001AB0EEF8
:1081F000002A52EE011AF0EE610A90ED541AD0ED09
:10820000551A21EE211AD0ED561A90ED572A01EE9B
:10821000821AF0EE001A21EE211AB0EE410A08F09F
:108220008FFADFED390A20EE200A354880ED690A21
:10823000D0ED550A90ED571A60EE810A90ED541A70
:10824000D0ED561A41EE610AB8EE001A60EE810ACE
:10825000B0EE600A08F070F8DFED2B0A20EE200A7D
:10826000274880ED680A90ED6A0AD0ED760A30EE74
:10827000600ADFED260AB4EEE00AF1EE10FA07DD3F
:10828000B0F8D401401E00B21D49A1F8D40114E099
:108290001B4890ED6A0AD0ED760A30EE600ADFEDF9
:1082A0001C0AB4EEE00AF1EE10FA06D2B0F8D401DE
:1082B000401C00B21249A1F8D401114890ED6A0A9D
:1082C000B0F9D40100EE900AF8EEE00A9FED111A21
:1082D00001EE200A0A4880ED6B0A90ED6A0A80EDF3
:1082E000760AD0F84821D0F84C01521C40F1000029
:1082F0000349C1F84821C1F84C01BDEC088B10BD01
:10830000C0B5002000000000E12E654200003443AB
:10831000000034C30000B44370B52DED028B044659
:1083200004F1800104F17800F8F7C4FC84F8C80077
:10833000B4F87800A4F8A8005A20015BAA200153E1
:1083400004F1A80204F1580104F17800F8F7C0FB29
:1083500084F8C800B4F8A800A4F8B0008220015B3B
:10836000B220015304F1B00204F1800104F1A8002D
:10837000F8F7AEFB84F8C800B4F89000A4F8A000A9
:108380009220015BA220015304F1A00204F19001AC
:1083900004F1B000F8F7C0F984F8C80004F1B001A6
:1083A00004F1A000F8F71AFAAC342077206C90EDB5
:1083B000000AFE4880ED000A206C90ED010AFC489E
:1083C00080ED000A206C90ED020AFA4880ED000A68
:1083D000206C90ED030AF84880ED000A34F8340C64
:1083E000A081AC3C0121BA200153F14890ED000A74
:1083F000F148D0ED000A20EE200AEC48D0ED000A4A
:10840000EC4890ED001A00EEC10AF0EE000A20EEF2
:10841000200AD4F82C0180ED000AE44890ED000A0F
:10842000E348D0ED000A20EE200AE248D0ED000A31
:10843000E14890ED001A00EE810AF0EE000A20EE0D
:10844000200AD4F82C0180ED010AD84890ED000AEA
:1084500020EE000AD648D0ED000A90ED001A00EE9A
:10846000C10AD448D0ED000A90ED001A00EEC10A0E
:10847000D148D0ED000A90ED001A00EE810AD4F840
:108480002C0180ED020A002512E0D4F82C0100EB4B
:10849000850090ED000AB0EEC00AB0EE408A07F009
:1084A000BFFEC64800EB850080ED000A681CC5B21F
:1084B000032DEADBB4F84800A4F8C0000121C22073
:1084C000015304F1C00204F1B80104F14800F8F7C7
:1084D00093FB84F8C800B4F8C000A4F8A8000121F8
:1084E000AA20015304F1A80204F1C00104F1B00074
:1084F000F8F7EEFAB8342074012020802189B83CC6
:10850000BA20015304F1B80104F1C000F8F7D2FB1E
:1085100084F8C800A94A3C3204F1A80104F1B8006B
:10852000F8F7D6FA84F8C800A54890ED720AD0EDA5
:10853000730AB6EE001A60EE810AB4EEE00AF1EEBC
:1085400010FA03D201209E4981F838019C4890ED31
:10855000720AD0ED730AB4EEE00AF1EE10FA46DDCD
:1085600090F83801002842D0954890F8390168B158
:108570009348D0F84011D0F84401491C40F1000064
:108580008F4AC2F84011C2F8440105E000208C4A2D
:10859000C2F84001C2F844018948D0F84031D0F80F
:1085A00044210020D3F13201904106D200208449B9
:1085B00081F8380184F82C004AE0237B814D2D8816
:1085C00003FB05F2D4E93A01F7F78AFF237B7D4DDF
:1085D0002D886B43257B03FB05F2D4E93E01F7F7B9
:1085E0007FFF012084F82C00BDEC028B70BD744825
:1085F00090ED720AD0ED730A9FED731A60EE810A56
:10860000B4EEE00AF1EE10FA14DD90F8380188B10A
:108610006B4890ED730AD0ED720A30EE600AD0ED2F
:10862000730A9FED6A1A60EE810A80EE201A80EDCF
:10863000671A04E0B7EE000A614880ED670A00217E
:108640005F4AC2F84011C2F84411002084F82C009F
:10865000B4F85800A4F8A8008220015BAA200153B6
:1086600004F1A80204F1800104F15800F8F730FA8F
:1086700084F8C80004F1980204F1B00104F1A800E4
:10868000F8F726FA84F8C800002012E0D4F81C118C
:1086900001EB800191ED000A4949D1ED670A20EE16
:1086A000200AD4F81C1101EB800181ED000A411C65
:1086B000C8B2B4F898109A22125B51438142E5DCAB
:1086C000042025E000211FE0021F3C4B03EB820247
:1086D000D2ED000A9FED3E1A80EE810A00EB4003C6
:1086E0000B44D4F81C2102EB8302D2ED000A20EEE9
:1086F000200A00EB40030B44D4F81C2102EB830258
:1087000082ED000A4A1CD1B20329DDDB411CC8B24C
:108710000628D7DBB4F89800A4F8B8000121BA20E5
:10872000015304F1B80204F1C00104F19800F8F714
:10873000CFF984F8C800224890F83801A0B304208B
:1087400058E0BC21095901EB800191ED000A1C4958
:10875000D1ED6F0A9FED1F1A60EE810AB4EEE00AB8
:10876000F1EE10FA0BDD91ED6F0ADFED1A0A20EE43
:10877000200ABC21095901EB800181ED000ABC21CE
:10878000095901EB800191ED000A0D49D1ED6F0A05
:108790009FED111A60EE810AB4EEE00AF1EE10FAD4
:1087A00026D291ED6F0A19E026E00000C0040020F7
:1087B000C4040020C8040020CC04002044B70020DA
:1087C000C0B50020A4010020CDCCCC3D6666663F3C
:1087D000DA0FC93F0AD7233C0AD723BC5FED020A50
:1087E00020EE200ABC21095901EB800181ED000A2D
:1087F000411CC8B20628A4DB9FED080ABC20005922
:1088000080ED030A04F1300204F1B80104F13800EC
:10881000F7F782FF84F8C80000BFE5E6000000001B
:1088200010B51848D0ED070AB0EE600A1648D0ED32
:10883000000A164802F00AFE1448D0ED0D0AB0EE08
:10884000600A09F0D7FB002801DC002013E00F4884
:10885000D0ED0D0AB0EE600A09F0CCFB4FF6FF71C7
:10886000884201DB084606E00848D0ED0D0AB0EE6C
:10887000600A09F0BFFB84B222460021044803F0DD
:10888000EDFE10BD68C500207C05002060BE002004
:10889000D40E002010B52DED028BB0EE408AF0EE24
:1088A000608AB7EE000A274880ED010AB7EE000A99
:1088B00080ED020AB7EE000A80ED030A9FED220A5E
:1088C00080ED040A9FED200A80ED050A9FED1E0A47
:1088D00080ED060A01201B490870B0EE683AF0EE00
:1088E000482A9FED192AF7EE001A9FED181ADFEDBE
:1088F000180AB2EE040AFFF745F800221146DFED30
:10890000124A9FED114ADFED103A9FED0F3ADFED6D
:108910000E2AB3EE042ADFED0F1A9FED0B1ADFEDDE
:108920000E0A9FED0E0A0E4802F004FF00210D48CA
:10893000FEF768FA9FED0C0A0C4880ED100ABDECBA
:10894000028B10BD40BE0020000000008096184B36
:108950006F12833A00007A44000096430000FA4404
:1089600060BE0020D40E002096430B3CC0BD00200A
:1089700010B586B08A4A07CA03AB07C38948F9F71E
:1089800087FE894880ED000A884890ED000A8648F5
:10899000D0ED000A30EE200A844880ED000A00BFC6
:1089A0008348F8F783FA9FED830A834801F064FD5A
:1089B0007F4890ED000A814880ED070A7C4890EDE1
:1089C000010A7E4880ED080A794890ED020A7B484A
:1089D00080ED090A764890ED030A784880ED040A94
:1089E000734890ED040A754880ED050A704890EDD3
:1089F000050A724880ED060A90ED091AF0EE410A68
:108A000090ED071AB0EE410A07F09AFEB1EE400A67
:108A1000DFED6B0A20EE200ADFED6A0A80EE201AF5
:108A2000664880ED1A1A90ED091AF0EE410A90EDB1
:108A3000081AB0EE410A07F083FEDFED610A20EE6E
:108A4000200ADFED600A80EE201A5C4880ED1B1AD8
:108A500090ED093AF0EE432A90ED083AB0EE432A41
:108A600090ED073AF0EE431A90ED063AB0EE431A55
:108A700090ED053AF0EE430A90ED043AB0EE430A69
:108A8000494890ED003AFFF741F94C494E48D0E98A
:108A90001534026DC06D81E81C00C8600A4644317F
:108AA0004A48F8F7CBFB454A02F150014848F8F72D
:108AB000C5FB424A02F15C014648F8F7BFFB3F4A5A
:108AC000694603A8FAF723F8002039E03B491C3136
:108AD00001EB800191ED000A694601EB8001D1EDC7
:108AE000000A30EE600A3049D1ED000A20EE200A7B
:108AF0003249D1ED100A2C4991ED001A30EE811A5D
:108B0000C0EE010A2D49283101EB800191ED000AE8
:108B10002A4991ED101A20EE010A91ED101A22490E
:108B2000D1ED001A31EE211AC0EE011A30EEA10A81
:108B30002249283101EB800181ED000A411CC8B2B5
:108B40000328C3DB1D4A02F13401A1F10C00F8F740
:108B500075FB214890ED6A0A184880ED1E0A1E48F0
:108B600090ED690A154880ED1D0A1B4890ED680AD2
:108B7000124880ED1C0A184890ED6B0A0F4880EDF2
:108B80001F0A00BF1548007800F0010008B9FFF780
:108B900047FE12480068401C1049086006B010BD2E
:108BA000005C01086C0500207005002074050020A1
:108BB00068C50020A69BC43A4CB40020C0BD00206C
:108BC00000003443DB0F4940C0B60020DC5B0108E5
:108BD000E85B0108F45B0108C0B5002080050020B7
:108BE00010B508215F48FEF70DF940F2932003F01D
:108BF00063F8A7200AF0C2FF002003F05DF80A2006
:108C00000AF0BCFF40F24B2003F056F8A7200AF010
:108C1000B5FF002003F050F80A200AF0AFFF4FF430
:108C2000B97003F049F840F24D100AF0A7FF002098
:108C300003F042F80F200AF0A1FF40F29F1003F06A
:108C40003BF840F24D100AF099FF002003F034F891
:108C500014200AF093FF40F22A2003F02DF8A720F9
:108C60000AF08CFF002003F027F80A200AF086FFA4
:108C70004FF4F77003F020F8A7200AF07FFF0020E0
:108C800003F01AF80A200AF079FF4FF4937003F00A
:108C900013F840F24D100AF071FF002003F00CF8B9
:108CA0000F200AF06BFF4FF4A57003F005F840F2B7
:108CB0004D100AF063FF002002F0FEFF14200AF0BE
:108CC0005DFF4FF4F77002F0F7FFA7200AF056FFA0
:108CD000002002F0F1FF0A200AF050FF4FF4DC7090
:108CE00002F0EAFFA7200AF049FF002002F0E4FFAB
:108CF0000A200AF043FF40F2151002F0DDFF40F2B7
:108D00004D100AF03BFF002002F0D6FF0F200AF0C2
:108D100035FF4FF4A57002F0CFFF40F24D100AF07E
:108D20002DFF002002F0C8FF14200AF027FF4FF4A7
:108D3000DC7002F0C1FF40F29B200AF01FFF002010
:108D400002F0BAFF64200AF019FF08210548FEF777
:108D5000DFF84FF4805001F0EBF84FF4006001F0C1
:108D6000F1F810BD8C0E002030B50B46002100BF7D
:108D700016E00A24B4EB107F05D9302404EB1074FC
:108D800003F8114005E0412404EB10740A3C03F899
:108D90001140000100254C00641C1D554C1CE1B223
:108DA0009142E6DB30BD00000FB583B00420FE49E0
:108DB00008800820FD490880DDE903100873039945
:108DC00005984873039906988873002103980174E5
:108DD000069802900AF00AF80399486106980290F2
:108DE0000398406901900299F7F7B4FBEE480088B8
:108DF00006994843029009F0F9FF03998861EA480F
:108E0000008806994843029003988069019002996E
:108E1000F7F7C2FBE448008806994843029009F03E
:108E2000E5FF0399C861E04800880699484302902D
:108E30000398C06901900299F7F7AEFBDA48008801
:108E400004994843029009F0D1FF03990862D6487B
:108E500000880499484302900398006A019002999F
:108E6000F7F79AFB0698029009F0C0FF0399486251
:108E7000069802900398406A01900299F7F76AFBFE
:108E8000C948008804994843029009F0AFFF03994C
:108E90000860C54800880499484302900398006818
:108EA00001900299F7F778FBBF480088069948437C
:108EB000029009F09BFF03994860BB48008806991F
:108EC000484302900398406801900299F7F764FBC9
:108ED000B548008805994843029009F087FF039937
:108EE0008860B148008805994843029003988068DB
:108EF00001900299F7F750FBAB480088049948436A
:108F0000029009F073FF0399C1F8E800A6480088B1
:108F10000499484302900398D0F8E8000190029920
:108F2000F7F73AFB0398D0F8E80002900398007B2B
:108F3000019001220146DDE902303030F7F749FCAB
:108F40009948008804994843029009F04FFF03991B
:108F5000C1F8EC00944800880499484302900398B3
:108F6000D0F8EC0001900299F7F716FB0398D0F8BF
:108F7000EC0002900398007B019001220146DDE99C
:108F800002303830F7F725FC059818B3864800887A
:108F900005994843029009F029FF0399C1F8F000B0
:108FA000814800880599484302900398D0F8F00062
:108FB00001900299F7F7F0FA0398D0F8F0000290C8
:108FC0000398407B019001220146DDE902304030E8
:108FD000F7F7FFFB7448008806994843029009F0B0
:108FE00005FF0399C1F8F4006F48008806994843CB
:108FF00002900398D0F8F40001900299F7F7CCFAA8
:109000000398D0F8F40002900398807B019001222D
:109010000146DDE902304830F7F7DBFB62480088A3
:10902000049948434843029009F0E0FE0399C1F8CF
:10903000F8005D480088049948434843029003982B
:10904000D0F8F80001900299F7F7A6FA0398D0F843
:10905000F80002900398007B01900398007B009039
:109060000146DDE902305030019AF7F7B2FB4E4875
:109070000088049948434843029009F0B7FE0399D9
:10908000C1F8FC00484800880499484348430290CE
:109090000398D0F8FC0001900299F7F77DFA039845
:1090A000D0F8FC0002900398007B01900398007BAD
:1090B00000900146DDE902305830019AF7F789FB4C
:1090C00039480088049948434843029009F08EFECD
:1090D0000399C1F800013448008804994843484383
:1090E000029009F083FE0399C1F804012E4800881C
:1090F00004994843484302900398D0F80001019036
:109100000299F7F749FA28480088049948434843E8
:1091100002900398D0F8040101900299F7F73CFA05
:109120000398D0F8000102900398007B0190039807
:10913000007B00900146DDE902306030019AF7F7CC
:1091400048FB0398D0F8040102900398007B01903B
:109150000398007B00900146DDE902306830019AF7
:10916000F7F737FB059878B30F4800880499484310
:1091700005994843029009F039FE0399C1F80801A6
:109180000948008804994843059948430290039888
:10919000D0F8080101900299F7F7FEF90398D0F88A
:1091A00008010290039803E0A4010020A60100201A
:1091B000407B01900398007B00900146DDE902307E
:1091C0007030019AF7F705FBB948008806994843C3
:1091D00004994843029009F009FE0399C1F80C0173
:1091E000B34800880499484306994843029009F01F
:1091F000FDFD0399C1F81001AD4800880699484368
:109200000499484302900398D0F80C010190029908
:10921000F7F7C2F9A64800880499484306994843DD
:1092200002900398D0F8100101900299F7F7B4F971
:109230000398D0F80C0102900398007B01900398EA
:10924000807B00900146DDE902307830019AF7F723
:10925000C0FA0398D0F8100102900398807B019027
:109260000398007B00900146DDE902308030019ACE
:10927000F7F7AFFA8E4800880499484348430290B4
:1092800009F0B4FD0399C1F81401894800880499D4
:109290004843484302900398D0F814010190029982
:1092A000F7F77AF90398D0F8140102900398007B3D
:1092B00001900398007B00900146DDE90230883080
:1092C000019AF7F786FA7A48008806994843484396
:1092D000029009F08BFD0399C1F8180174480088C9
:1092E00006994843484302900398D0F8180101902A
:1092F0000299F7F751F90398D0F8180102900398F2
:10930000807B01900398807B00900146DDE902306C
:109310009030019AF7F75DFA654800880499484350
:1093200006994843029009F061FD0399C1F81C01B8
:109330005F4800880499484306994843029003987F
:10934000D0F81C0101900299F7F726F90398D0F89C
:109350001C0102900398807B01900398007B009091
:109360000146DDE902309830019AF7F732FA0398A6
:10937000007B4F49098848430399097B4843029081
:1093800009F034FD0399C1F820010398007B484996
:10939000098848430399097B4843029009F026FD58
:1093A0000399C1F824010398007B41490988484387
:1093B0000399097B4843029009F018FD0399C1F80D
:1093C00028010398007B3A4909884843029009F034
:1093D0000DFD0399C1F82C010398007B34490988DD
:1093E0004843029009F002FD0399C1F83001039847
:1093F000D0F8200102900398007B01900398007B35
:1094000000900146DDE90230A030019AF7F7E1F95A
:109410000398D0F8240102900398007B01900398F0
:10942000007B00900146DDE90230A830019AF7F791
:10943000D0F90398D0F8280102900398007B01909E
:109440000398007B00900146DDE90230B030019ABC
:10945000F7F7BFF90398D0F82C0102900398007B2E
:10946000019001220146DDE90230B830F7F7B1F989
:109470000398D0F8300102900398007B01900122FC
:109480000146DDE90230C030F7F7A3F90021039867
:1094900080F82810039880F82910039880F82A1083
:1094A000039880F82B10039880F82C1007B000BDAB
:1094B000A401002070B50446E07B18B12046FEF7F9
:1094C000ABF811E0A37B0E4D2D8803FB05F261681C
:1094D000D4F8F400F7F704F8A27B094B1B8802FBD1
:1094E00003F16068F7F758F8637B054D2D8803FB9F
:1094F00005F2A168D4F8F000F6F7F2FF70BD0000A5
:10950000A401002010B5044694F82C0068BBB4F800
:109510009800A4F8A8007A20015BAA200153B4F8AF
:10952000A800A4F8B0005A20015BB220015304F156
:10953000A80204F1780104F19800F7F7C9FA84F859
:10954000C80004F1B00204F1580104F1A800F7F7D3
:10955000BFFA84F8C80004F1500204F1B00104F12C
:109560005800F7F749FB84F8C80010BD10B5044651
:1095700094F8290068BB04F1680104F16000F7F772
:1095800099FB84F8C80004F1580204F1500104F179
:109590006000F7F79DFA84F8C800B4F85800A4F802
:1095A000A8006A20015BAA20015304F1A80204F17B
:1095B000680104F15800F7F78BFA84F8C80004F149
:1095C000580204F1880104F1A800F7F7A5F884F81F
:1095D000C80010BD10B5044694F82A00002861D1D7
:1095E00004F1800104F17800F7F764FB84F8C80007
:1095F000B4F87800A4F8A8005A20015BAA2001530F
:1096000004F1A80204F1580104F17800F7F760FAB8
:1096100084F8C800B4F8A800A4F8B0008220015B68
:10962000B220015304F1B00204F1800104F1A8005A
:10963000F7F74EFA84F8C800B4F89000A4F8A00038
:109640009220015BA220015304F1A00204F19001D9
:1096500004F1B000F7F760F884F8C80004F1B00135
:1096600004F1A000F7F7BAF884F8C800B4F858007D
:10967000A4F8A8008220015BAA20015304F1A802EB
:1096800004F1800104F15800F7F722FA84F8C800C9
:1096900004F1980204F1B00104F1A800F7F718FAF8
:1096A00084F8C80010BD000070B504462046FFF7DE
:1096B00001FFD4F8CC0018B12046D4F8CC1088476C
:1096C000204600F085F8D4F8D00018B12046D4F830
:1096D000D01088472046FFF749FFD4F8D40018B1CE
:1096E0002046D4F8D4108847207C08B9E07BB8B96C
:1096F0002046FFF76FFFD4F8D80018B12046D4F801
:10970000D8108847204600F0A1F8D4F8DC0018B142
:109710002046D4F8DC1088472046FFF7F3FE13E01C
:10972000237B2A4D2D8803FB05F2D4E93A01F6F795
:10973000D7FE237B254D2D886B43257B03FB05F24C
:10974000D4E93E01F6F7CCFED4F8E00018B120468B
:10975000D4F8E0108847002022E0227B00FB0202C0
:10976000D4F8F81001EB820191ED000A216A01EBB7
:109770008001D1ED000AB4EEE00AF1EE10FA0DD24C
:10978000216A01EB800191ED000A227B00FB0202BD
:10979000D4F8F81001EB820181ED000A411CC8B237
:1097A000217B8142D9DC237B084D2D8803FB05F208
:1097B000D4F8E8102068F6F793FED4F8E40018B166
:1097C0002046D4F8E4108847206870BDA40100202A
:1097D00010B5044694F8280060BB607B00282ADDA1
:1097E000207BA4F8B8000121BA20015304F1B8028B
:1097F00004F1300104F16000F7F76AF984F8C80059
:10980000207BA4F8C0000121C220015304F1C00252
:1098100004F1400104F17000F7F75AF984F8C80028
:1098200004F1380204F1C00104F1B800F6F774FF46
:1098300084F8C80009E004F1380204F1300104F1B1
:109840006000F7F745F984F8C80010BD10B504466C
:1098500094F82B00E0BBB4F87800A4F8B80001211C
:10986000BA20015304F1B80204F1380104F1780080
:10987000F7F72EF984F8C800B4F84800A4F8C0003F
:109880000121C220015304F1C00204F1B80104F126
:109890004800F7F7B1F984F8C800B4F89800A4F8C4
:1098A000B8000121BA20015304F1B80204F1C0014B
:1098B00004F19800F7F70CF984F8C80004F13002BD
:1098C00004F1B80104F13800F6F726FF84F8C80067
:1098D00010BD00002DE9F0472DED048B8146FD48B9
:1098E00090F8280002280BD0FA4890F8400002288F
:1098F00006D0002009F0A0FDBDEC048BBDE8F08788
:10990000F44890F8280002282DD1F3480089032854
:1099100005D0002008F0DBFB02F0D0FA4BE0EE4867
:109920004089022806D1002009F0C8FD022009F074
:1099300083FD40E0E8484089032806D1002009F073
:10994000BDFD032009F078FD35E0E348408901289A
:1099500005D109F0B3FD032009F06EFD2BE00020D6
:1099600009F06AFD27E0DB4890F84000022822D188
:10997000DA48007A012807D0002008F0A8FB06F09A
:109980001FFA02F09BFA16E0D44890F82000012854
:1099900002D102F093FA0EE0D048807F012805D171
:1099A000032009F049FD06F0CBF804E0022009F09D
:1099B00043FD06F0C5F8CA48078C408CC849098C9D
:1099C0004840C749098C0840C54988840846408CEE
:1099D000098C4840C249498C0840C149C88408469E
:1099E00047849FEDC08ADFEDBF8A9FEDBE9A0126B6
:1099F0004BE107EA0608B8F5807F3BD01ADCB8F1E6
:109A0000100F30D00CDCB8F1010F57D0B8F1020FB5
:109A10004FD0B8F1040F47D0B8F1080F53D13EE052
:109A2000B8F1200F23D0B8F1400F21D0B8F1800F4A
:109A300049D11EE0B8F5805F20D009DCB8F5007F81
:109A400019D0B8F5806F17D0B8F5006F3BD114E08E
:109A5000B8F5005F13D0B8F5804F03D0B8F5004FCC
:109A600031D131E030E0012009F02EFD2CE02BE077
:109A70002AE029E028E027E026E025E024E09848D5
:109A8000807803280AD19648407A022806D103201C
:109A900009F018FCB6EE000AB0EE409A14E09FED13
:109AA000920AF0EE408A0FE09FED900AF0EE408AB5
:109AB0000AE09FED8E0AB0EE408A05E09FED8A0A2B
:109AC000B0EE408A00E000BF00BF8548808C00EA0D
:109AD0000608B8F5807F46D01ADCB8F1100F30D0F8
:109AE0000CDCB8F1010F6FD0B8F1020F6AD0B8F1F9
:109AF000040F66D0B8F1080F67D161E0B8F1200F0C
:109B000020D0B8F1400F1ED0B8F1800F5DD122E017
:109B1000B8F5805F4BD009DCB8F5007F2BD0B8F5E5
:109B2000806F32D0B8F5006F4FD138E0B8F5005FE4
:109B300045D0B8F5804F03D0B8F5004F45D145E08A
:109B400044E043E042E066488078032802D10220E6
:109B500009F09EFC3AE062488078032802D1012097
:109B600009F096FC32E0012009F08CFC00206049ED
:109B700081F820002AE05F4890EDC50ADFED5E0A1B
:109B800030EE200A80EDC50A20E05A4890EDC50A63
:109B9000DFED590A30EE600A80EDC50A16E00420B8
:109BA00009F070FC0320524981F820000EE00320E8
:109BB00009F068FC02204E4981F8200006E005E02B
:109BC00004E003E002E0FFE700E000BF00BF44481C
:109BD000C08C00EA0608B8F5807F3BD01ADCB8F1EB
:109BE000100F30D00CDCB8F1010F47D0B8F1020FE4
:109BF00043D0B8F1040F3FD0B8F1080F3FD13AE09D
:109C0000B8F1200F23D0B8F1400F21D0B8F1800F68
:109C100035D11EE0B8F5805F20D009DCB8F5007FB3
:109C200019D0B8F5806F17D0B8F5006F27D114E0C0
:109C3000B8F5005F13D0B8F5804F03D0B8F5004FEA
:109C40001DD11DE01CE0002009F03EFC18E017E0EB
:109C500016E015E014E013E012E011E010E02048F7
:109C60008078032806D1022009F02CFB9FED1D0A05
:109C7000B0EE409A04E003E002E001E000E000BF43
:109C800000BF4FF6FF7000EA4606002E3FF7B1AE68
:109C90001348B0F9120000EE900AF8EEE00AB0EEB8
:109CA000600A164802F08EF90D48B0F9140000EE73
:109CB000900AF8EEE00AB0EE600A1048283002F090
:109CC00081F90E483C3890ED120ADFED0D0A20EEC6
:109CD000200A17E04CB40020EEB8002058B800204D
:109CE000A4BF002000000000CDCCCC3ECDCCCCBE2B
:109CF0007EBF0020D0BF0020CDCCCC3DFCC40020D6
:109D00000AD7233CDFED640A20EE200ADFED630A68
:109D100080EE201A624890EDFD0A30EE410A80ED97
:109D2000FD0A604890ED1C0A5FED0B0A20EE200A48
:109D3000DFED590A20EE200A9FED581AC0EE010A05
:109D4000574890ED8E0A30EE800A80ED8E0A90ED35
:109D50008E0A5548B0F9160000EE900AF8EEE00AB7
:109D60009FED521A00EE810A4D4880ED8E0A4E4852
:109D7000407A01280ED14A4890ED990AF7EE000A80
:109D800020EE200ADFED4A0A80EE201A454880EDD9
:109D9000021A0CE0434890ED240AF0EE400AB0EEBF
:109DA000490A2C3009F0B2FB3E4880ED020A3D48DA
:109DB00090ED240AF0EE400AB0EE480A0C3009F0AB
:109DC000A5FB384880ED000A90ED240AF0EE400A29
:109DD000B0EE680A1C3009F099FB324880ED010AA8
:109DE0003148047E807E604000EA04012E480177FD
:109DF000807E60402C49897E01402B4841778476E3
:109E000024B101202B4981F8A00103E00020294959
:109E100081F8A0012448007F18B10120224981F86F
:109E20002A002148457EC07E684000EA05011E48A0
:109E30008177C07E68401C49C97E01401A48C177BD
:109E4000C576807F98B10120174981F82B0008461C
:109E5000007903281DD008460079042819D0012074
:109E6000154981F82000022009F00CFB11E00E4892
:109E7000C07F70B100200C4981F82B0008460079A2
:109E8000022806D1012009F0FDFA00200A4981F8D4
:109E9000200000BF30E50000000034430000C8434C
:109EA00018B90020C0C40020A4BF00206F12833A5C
:109EB00000007A4300C300207EBF002010B5B1EE41
:109EC000041ADFED160A9FED160A164809F010FB7A
:109ED000B1EE041ADFED110A9FED110A114810309E
:109EE00009F006FBB1EE041ADFED0C0A9FED0C0A37
:109EF0000C48203009F0FCFADFED0B0A9FED0B0A4D
:109F00000848303002F00CFADFED070A9FED070A2F
:109F10000448583002F004FA10BD00009A99193F25
:109F2000CDCCCC3DCCC400200AD7A33B0050434746
:109F300010B50446002221460148FAF71DFE10BD67
:109F4000001C024010B50446012221460148FAF7E0
:109F500013FE10BD001C024010B59FED260A2648D6
:109F600080ED000AB3EE0E0A80ED010ABFEE000A92
:109F700080ED020A00220121DFED204A9FED1F4AF9
:109F8000DFED1E3A9FED1D3ADFED1C2A9FED1B2AE7
:109F9000F3EE091A9FED191ADFED180A9FED180A62
:109FA000683001F0C7FB25220121DFED144A9FED47
:109FB000134ADFED143A9FED143ADFED102A9FEDBE
:109FC0000F2ADFED121A9FED0D1AF0EE080AB2EE1D
:109FD000020A0F4801F0AEFB00200749087308820F
:109FE000C8819FED060A084680ED800A08F078F8DF
:109FF00010BD000000002A43C8C50020000000007A
:10A0000000C028450000C842000048428FC2753C8D
:10A01000E8C6002070B5454C208A38B1208A401E21
:10A020002082012009F05CF8002070BD3F48143800
:10A0300090ED200AB0EEC00AF1EE0C0AB4EEE00A90
:10A04000F1EE10FA0CD890ED7E0AB0EEC00AF1EEF7
:10A05000040AB4EEE00AF1EE10FA01D8012000E0A3
:10A060000020054625B1012009F03AF80020DCE780
:10A07000608A401C60822D48143890ED800AB0EE52
:10A08000C00ADFED2B0AB4EEE00AF1EE10FA0ADAAC
:10A0900090ED7F0AB0EEC00ADFED250AB4EEE00ACB
:10A0A000F1EE10FA02DBA08A401CA082608A6428CC
:10A0B00001D20020B9E71D491439087B08F007F9DF
:10A0C0001A481438D0ED7D0A94ED0C1A70EEC10ACE
:10A0D00020EE200A84ED110AA08A64214843618A97
:10A0E000C1EB0111B0EB810F01D3012000E0002092
:10A0F000064666B194ED110AF3EE0E0AB4EEE00ADC
:10A10000F1EE10FA03D8A07D401CA07501E00020FC
:10A11000A075A07D022804D3002008F0E1FF0220F2
:10A1200083E7002008F0DCFF00207EE7DCC500208C
:10A1300099994940F0B52DED028B81B006465C4CF3
:10A14000608810B16088401E608086B1608870B9F8
:10A150005748143890ED200AB0EEC00AF2EE000A1B
:10A16000B4EEE00AF1EE10FA01DD012000E000207B
:10A170000546684608F0F6FE50B925B90020207162
:10A18000012008F0BFFF002001B0BDEC028BF0BD44
:10A190004748143890ED7D0AD4ED080A30EE600A85
:10A1A00084ED0D0A94ED090ADDED000A30EEC00AD7
:10A1B00084ED0E0A94F8500070B1D4ED0D0A94EDC0
:10A1C000131A60EE810AB0EE600AD4ED0E0A70EE4A
:10A1D000C00AC4ED120A03E094ED0E0A84ED120ADF
:10A1E000002D54D032481438007B01284FD194ED13
:10A1F0000E0AFAEE000AB4EEE00AF1EE10FA46D8C2
:10A2000094F8500078B194ED120AB0EEC00AF2EE64
:10A21000000AB4EEE00AF1EE10FA01DB012000E0E2
:10A220000020074616E022491439087B08F04FF851
:10A23000D4ED0D0A20EE200AB0EE408AB9EE040AF1
:10A24000B4EEC08AF1EE10FA01DB012000E000203C
:10A25000074600BFD7B12079022802D22079401CDE
:10A260002071E068401C10B1E068401CE06020797B
:10A27000022801D2002087E794ED080A84ED0A0A3B
:10A2800094ED090A84ED0B0A04207DE700BF00204D
:10A2900020710748143890ED7D0A84ED080A9DED81
:10A2A000000A84ED090A284607F0A6FA6CE70000C8
:10A2B000DCC5002010B5244C00202070A4F114004F
:10A2C000007B60704FF49670608000202071607198
:10A2D0001E480068A060A4F1140090ED7D0A84ED92
:10A2E000080A1B48B0F8030000EE100AB8EE400A56
:10A2F00084ED090A94ED080A84ED0A0A94ED090A2E
:10A3000084ED0B0A9FED130A84ED0D0A9FED110AEF
:10A3100084ED0E0A9FED0F0A84ED0F0A9FED0D0AE2
:10A3200084ED100A9FED0B0A84ED120A3220208280
:10A330009FED080A84ED110A012008F0D1FE0120EA
:10A3400008F0E0FE10BD0000DCC500204C06002037
:10A35000440600200000000010B5064C9FED060AE0
:10A3600084ED130A002084F85000E060FFF7A2FF9C
:10A3700010BD0000DCC500200000000010B52DED70
:10A38000028B82B01F4C01A808F0ECFD20B9002020
:10A3900002B0BDEC028B10BD94ED0B8A94F8500016
:10A3A00078B11848143890ED7D0AD4ED0A0A70EEA1
:10A3B000600A94ED131AB0EE480A00EE810AB0EE7E
:10A3C000408A9DED010A30EE480A84ED120A94EDB0
:10A3D000120AB0EEC00AF2EE000AB4EEE00AF1EEA4
:10A3E00010FA06D86079032805D26079401C6071A4
:10A3F00001E0002060716079032801D30120C7E7E4
:10A400000020C5E7DCC5002010B51348447A134886
:10A410000078844205D011480470204607F024FEDD
:10A4200010BD0F48007B05280DD2DFE800F00E03B9
:10A4300006090D0008F07AFE0AE008F0E9FE07E0E0
:10A4400008F09EFE04E000BF00BF09F04BF900BF1A
:10A4500000BF00BFE4E70000A4BF002058060020B2
:10A46000C8C50020D0E90112914202D10021017437
:10A4700001E081684160704710B52DED028B044604
:10A48000B0EE408A04F10800F8F702F984ED030AFF
:10A4900094ED030AB4EEC80AF1EE10FA05DD608A05
:10A4A000401C60820120207404E02088401C208031
:10A4B00002202074BDEC028B10BD000070B52DEDA4
:10A4C000048B05460C461646B0EE408AB5F90000EE
:10A4D00000EE100AB8EEC00ADFED330A20EE200AC3
:10A4E000F0EE408A8EB3B5F9020000EE100AB8EE25
:10A4F000C00AF1EE080A20EE200ADFED2C0A80EEF9
:10A50000201AB0EE419AF0EE480AB0EE490A04F182
:10A51000180007F0CFFDDFED260AB0EE680A2046EE
:10A5200005F0DCFDDFED210A80EE201A84ED051A2E
:10A53000B5F9040000EE100AB8EEC00ADFED1D0AFE
:10A5400080EE201A84ED071A2AE0FFE7B5F9020031
:10A5500000EE100AB8EEC00AF1EE080A20EE200A5A
:10A56000B0EE409AF0EE480AB0EE490A04F1180045
:10A5700007F0A0FDDFED0E0AB0EE680A204605F0F8
:10A58000ADFD84ED050AB5F9040000EE100AB8EE41
:10A59000C00ADFED080A80EE201A84ED071A00BF1A
:10A5A000BDEC048B70BD0000FFFF333D0000104286
:10A5B0000000B44300007A4470B50B46BAEE021AAC
:10A5C000B4EEC10AF1EE10FA02D8BAEE021A0BE0AC
:10A5D000B2EE021AB4EEC10AF1EE10FA02DBB2EEEC
:10A5E000021A01E0B0EE401AF0EE410A9FED151A92
:10A5F00020EE811ABDEEC11A11EE104A21B2B3F558
:10A60000007F0CD1012A1BDB042A19DC551E6C00CB
:10A610000D0A6DB205554EB2651C465510E040F26C
:10A62000FF14A3420CD1052A0ADB082A08DC551FB7
:10A630006C000D0A6DB205554EB2651C465500BF43
:10A6400070BD000000007A4470B52DED048B054606
:10A650000C461646B0EE408AA6B9B5F9020000EEE7
:10A66000100AB8EEC00AF1EE080A20EE200AF0EE59
:10A67000408AF0EE480AB0EE680A04F1180007F0CC
:10A6800019FD92E0012E18D1B5F9020000EE100A72
:10A69000B8EEC00AF1EE080A20EE200AF3EE030A33
:10A6A00080EE201AF0EE418AF0EE480AB0EE680A19
:10A6B00004F1180007F0FEFC77E0032E35D1B5F960
:10A6C000000000EE100AB8EEC00ADFED390A20EEF5
:10A6D000200AF0EE408AB5F9020000EE100AB8EE4A
:10A6E000C00AF1EE080A20EE200AB0EE409AF0EE21
:10A6F000480AB0EE490A04F1180007F0DBFCDFED70
:10A700002D0AB0EE680A204605F0E8FC84ED050A43
:10A71000B5F9040000EE100AB8EEC00ADFED260A13
:10A7200080EE201A84ED071A3FE0022E3DD1B5F9E4
:10A73000000000EE100AB8EEC00ADFED1D0A20EEA0
:10A74000200AF0EE408AB5F9020000EE100AB8EED9
:10A75000C00AF1EE080A20EE200AF3EE030A80EEAA
:10A76000201AB0EE419AF0EE480AB0EE490A04F120
:10A77000180007F09FFCDFED0F0AB0EE680A2046D4
:10A7800005F0ACFCF3EE030A80EE201A84ED051A06
:10A79000B5F9040000EE100AB8EEC00ADFED060AB3
:10A7A00080EE201A84ED071A00BFBDEC048B70BD4B
:10A7B000FFFF333D0000B443CDCC4C44F0B504461C
:10A7C000012B1BD1DFED300AB4EEE00AF1EE10FAF6
:10A7D00002D8DFED2D0A0BE0DFED2C0AB4EEE00A23
:10A7E000F1EE10FA02DBDFED290A01E0F0EE400A9B
:10A7F000FDEEE00A10EE905A28B223E00BBBBBEE50
:10A80000021AB4EEC10AF1EE10FA02D8BBEE021A37
:10A810000BE0B3EE021AB4EEC10AF1EE10FA02DB5D
:10A82000B3EE021A01E0B0EE401AF0EE410A9FEDDD
:10A83000181A20EE811ABDEEC11A11EE105A28B274
:10A8400000E00020B1F5007F0CD1012A1BDB042AB7
:10A8500019DC561E7500060A76B2665547B26E1CA4
:10A86000A75510E040F2FF15A9420CD1052A0ADBDA
:10A87000082A08DC561F7500060A76B2665547B2EC
:10A880006E1CA75500BFF0BD00007AC600007A46D6
:10A89000CDCC4C4410B50F480F49086006204860E5
:10A8A00000210D488160C1604FF400310161090150
:10A8B000416100210176012141760021817601214B
:10A8C000C176002101774177F9F774FC08B1F8F7F8
:10A8D000CBF910BD00640040240D002010B50E48D7
:10A8E0000E4908600620486000210C488160C16064
:10A8F0004FF400310161090141610021017601211C
:10A90000417600218176C17601774177F9F752FCD3
:10A9100008B1F8F7A9F910BD006800404C0D0020FF
:10A9200008B500BF002000902248006840F4800075
:10A93000204908600846006800F48000009000BFCD
:10A9400000BF00BF002000900846006840F40010DF
:10A9500008600846006800F40010009000BF00BFC7
:10A96000002205210C20FAF7D5F90C20FAF7BEF9E0
:10A97000002205213820FAF7CDF93820FAF7B6F988
:10A98000002205213920FAF7C5F93920FAF7AEF986
:10A99000002205213A20FAF7BDF93A20FAF7A6F984
:10A9A000002205213B20FAF7B5F93B20FAF79EF982
:10A9B00008BD00003038024000B5A3B01C221E497B
:10A9C0001CA8F5F78DFD00211CA807F08DFC1B4984
:10A9D00008601C2218491C3115A8F5F781FD0021DB
:10A9E00015A807F081FC164908601C22124938316D
:10A9F0000EA8F5F775FD00210EA807F075FC1149AA
:10AA000008601C220C49543107A8F5F769FD0021A4
:10AA100007A807F069FC0C4908601C220649703140
:10AA20006846F5F75DFD0021684607F05DFC0749C3
:10AA3000086023B000BD000090570108000000200E
:10AA400004000020080000200C000020100000205E
:10AA500000B587B0142102A8F5F79EFD00BF0020C5
:10AA600001904D48006840F002004B4908600846DC
:10AA7000006800F00200019000BF00BF00BF00208E
:10AA800001900846006840F04000086008460068F1
:10AA900000F04000019000BF00BF00BF0020019007
:10AAA0000846006840F0010008600846006800F0B1
:10AAB0000100019000BF00BF00BF002001900846C8
:10AAC000006840F0080008600846006800F00800D0
:10AAD000019000BF00BF00BF002001900846006841
:10AAE00040F0040008600846006800F0040001908F
:10AAF00000BF00BF00BF002001900846006840F082
:10AB0000800008600846006800F08000019000BFE7
:10AB100000BF00BF002001900846006840F0200000
:10AB200008600846006800F02000019000BF00BFE8
:10AB300000224FF4E0511948FAF71EF801221021C3
:10AB40001748FAF719F8012211461648FAF714F8CF
:10AB50004FF4E05002900120039000200490012067
:10AB6000059002A90D48F9F70DFF10200290012071
:10AB7000039004900220059002A90948F9F702FF0A
:10AB800001200290039004900220059002A905483C
:10AB9000F9F7F8FE07B000BD30380240001C024053
:10ABA000000002400004024010B50F480F49086041
:10ABB0004FF48270486000210C488160C16002211E
:10ABC000016101214161490281611021C1610021BE
:10ABD0000162416281620A21C162FBF76FFB08B129
:10ABE000F8F742F810BD000000300140740D00205D
:10ABF00000B587B01C216846F5F7CEFC154816490C
:10AC00000860002048600021134881604FF6FF7102
:10AC1000C160002101618161FBF7E0FD08B1F8F737
:10AC200023F80D48FCF7B9F808B1F8F71DF86020D3
:10AC3000009000200190029004900022694606488E
:10AC4000FCF729F808B1F8F70FF80348FBF7C8FF3D
:10AC500007B000BD00440140D40E002000B58DB007
:10AC6000002009900A900B900C90079008901C21EE
:10AC70006846F5F791FC21482149086009204860A1
:10AC800000211F48816042F2CF01C16000210161B3
:10AC90008161FBF7A3FD08B1F7F7E6FF4FF48050A1
:10ACA000099009A91648FBF75DFE08B1F7F7DCFF2C
:10ACB0001348FCF772F808B1F7F7D6FF00200790A9
:10ACC000089007A90E48FBF72FFD08B1F7F7CCFF56
:10ACD0006020009041F267000190002002900490F3
:10ACE000082269460648FBF7D6FF08B1F7F7BCFF14
:10ACF0000348FBF775FF0DB000BD000000080040E1
:10AD00008C0E002010B50B480B4908604FF4E13061
:10AD10004860002108488160C16001610C214161E7
:10AD200000218161C161FCF7D7FA08B1F7F79CFFF8
:10AD300010BD0000001001401C0F002010B50A4893
:10AD40000A4908600A484860002108488160C160DB
:10AD500001610C21416100218161C161FCF7BCFAF4
:10AD600008B1F7F781FF10BD00480040640F0020D4
:10AD7000A086010010B50B480B4908604FF4612014
:10AD80004860002108488160C16001610C21416177
:10AD900000218161C161FCF79FFA08B1F7F764FFF8
:10ADA00010BD000000140140AC0F002010B50022BF
:10ADB0000D490E4802F0E5FF08B1F7F755FF0C49C1
:10ADC0000A4803F020FB08B1F7F74EFF094907488E
:10ADD00002F0DEFB08B1F7F747FF044803F016FC6A
:10ADE00008B1F7F741FF10BD180000205C110020EA
:10ADF000180100206800002000BFFEE700BFFEE74A
:10AE0000B0EE401A816891ED010A6E4981ED000AA9
:10AE100000211AE04A1C836803EB820292ED000ACB
:10AE2000684AD2ED001A30EE610A03EB810282ED2E
:10AE3000000A4A1CC36803EB820292ED000A03EB8E
:10AE4000810282ED000A4A1C91B20288521E8A4297
:10AE5000E0DC0188891E826802EB810191ED000A25
:10AE600030EE010A0188491E02EB810181ED000AE2
:10AE70000188491EC26802EB8101C1ED000A028807
:10AE80004168914202D24168491C41600021C16180
:10AE900001624162816202888388D21A91B237E0EE
:10AEA000826802EB8102D2ED001A826802EB810215
:10AEB00092ED002A90ED070A01EE820A80ED070A62
:10AEC000826802EB810292ED000AD0ED081A30EEA2
:10AED000210A80ED080A826802EB8102D2ED001A95
:10AEE000C26802EB810292ED002A90ED090A01EEA0
:10AEF000820A80ED090AC26802EB810292ED000A23
:10AF0000D0ED0A1A30EE210A80ED0A0A4A1C91B2ED
:10AF100002888A42C4DCD0ED091A018800EE101ABA
:10AF2000B8EE400A21EE800AD0ED081A90ED0A2A08
:10AF300001EEC20A90ED072A01EE901AF8EE611AAE
:10AF400062EE211A90ED082AD0ED082A42EE621A2C
:10AF500080EE212A80ED042A9FED1B0A80ED060A6F
:10AF600002888388D21A91B21BE0826802EB8102C8
:10AF7000D2ED001A90ED050A90ED042A02EE210AA6
:10AF8000C26802EB8102D2ED001A30EE610AB0EE27
:10AF9000C00AD0ED061A30EE210A80ED060A4A1CDE
:10AFA00091B202888A42E0DCD0ED061A018800EEF8
:10AFB000101AB8EE400A81EE802A80ED062A90ED44
:10AFC000040A7047F00400200000000070B5044639
:10AFD0000D46258000206060A80007F007FFA060F4
:10AFE000A80007F003FFE0609FED0A0A84ED040A61
:10AFF0009FED080A84ED050AA900A068F5F7CCFAD0
:10B00000A900E068F5F7C8FA0020E06120626062FC
:10B01000A06270BD0000000010B50248FAF799F870
:10B0200010BD00003826002040F6B83008F0A6FD1C
:10B03000FDF7D6FD67E03448FFF714FA32481830C0
:10B04000FFF710FA30483030FFF70CFA2E4848303E
:10B05000FFF708FA2C486030FFF704FA002408E0F4
:10B0600004EB44022849783101EBC200FFF7FAF9FA
:10B07000641C022CF4DB2448A830FFF7F3F92248C3
:10B08000C030FFF7EFF92048D830FFF7EBF9002484
:10B0900007E004EB44021D4901EBC200FFF7E2F9AF
:10B0A000641C022CF5DB00F04FFC18483030FFF731
:10B0B000D9F9154890F84801022811D014480078B1
:10B0C000012804D100F082F90020114908704FF4E2
:10B0D0000060FEF72DFF4FF48050FEF733FF0EE0C7
:10B0E0000B48007858B900F097F90120084908701A
:10B0F0000003FEF71DFF4FF40060FEF723FF4FF43F
:10B100007A7008F03BFD96E74CB4002054B500205F
:10B11000590600202DE9F04704460D4626683746BB
:10B12000D6F8408007F5306000EB4510D0F8089065
:10B13000104880450BD909F40040B0F5004F06D106
:10B140004FF4004107F5306000EB45108160204668
:10B15000FAF7BAFC0748804508D9A079012805D13B
:10B1600004F29C420121206803F008FF0020BDE8A2
:10B17000F08700000A30544F2DE9F04705460C4691
:10B18000D5F800904E46D9F840A006F5306000EBA7
:10B190004410D0F80880A879012855D108F008009B
:10B1A00008280FD1434882450BD908F40040B0F578
:10B1B000004F7BD14FF4004106F5306000EB4410A6
:10B1C000816073E008F02000202806D1202106F5D8
:10B1D000306000EB4410816068E008F0280000282F
:10B1E00064D1344882450CD908F40040B0F5004FD2
:10B1F00007D14FF4004106F5306000EB4410816048
:10B2000054E004EBC40105F5157000EB810706F569
:10B21000306000EB4410396A0069C0F31200081A6C
:10B22000786164B9386930B905F29C420121286817
:10B2300003F0A4FE03E07969F8680844F860E1B21D
:10B240002846F9F7FDFD31E01B4882451BD108F483
:10B250000040B0F5004F07D14FF4004106F53060D3
:10B2600000EB4410816021E008F02000202805D187
:10B27000202106F5306000EB44108160E1B22846E1
:10B28000F9F7DEFD12E06CB904EBC40105F51570A9
:10B2900000EB8100006928B905F29C420021286872
:10B2A00003F06CFEE1B22846F9F7CAFD0020BDE8C4
:10B2B000F08700000A30544F0A31544F2DE9F84FFF
:10B2C00007460E46D7F80090C84606EBC60107F1C0
:10B2D000140000EB8104D4E90410884202D9012053
:10B2E000BDE8F88FD4E90401451AA068A84200D24D
:10B2F000A568E81C4FEA900A17E0D4E90401451A52
:10B30000A068A84200D2A568E81C4FEA900AB87964
:10B31000ABB2F2B200904846E16804F0F7FAE06898
:10B320002844E06060692844606108F5106000EB23
:10B330004610806980B2504506D3D4E90410884293
:10B3400002D220690028D8D1D4E9040188420ED85D
:10B3500006F00F01012000FA01FB40F6340050F81E
:10B36000080020EA0B0040F6340141F808000020F4
:10B37000B6E7000010B504462078AA2811D16078FD
:10B3800055280ED11F21204604F01EFE48B1E07F53
:10B390000D2806D1202221460248F5F75CF800F07E
:10B3A00003F810BD5EBF002010B59FED050A0548EB
:10B3B000FFF762F800210448C0F84C1110BD0000EE
:10B3C0000AD7A33C84B500204CB4002010B5082156
:10B3D0001048FBF717FD4FF4F77000F06DFCA72045
:10B3E00008F0CCFB002000F067FC0A2008F0C6FB48
:10B3F0004FF4F77000F060FCA72008F0BFFB0020BE
:10B4000000F05AFC0A2008F0B9FB08210148FBF7BC
:10B410007FFD10BD8C0E002010B508210A48FBF7F7
:10B42000F1FC4FF4827000F047FC642008F0A6FBAA
:10B430004FF4DC7000F040FC642008F09FFB082112
:10B440000148FBF765FD10BD8C0E002010B52DEDF9
:10B45000088B0446B0EE408AF0EE608A94F89C00B7
:10B4600000F0800010B1204606F004FD04F19000C9
:10B47000F7F70EF984ED250A84ED048AC4ED008AFD
:10B4800094ED000AD4ED040A30EE600A84ED060A59
:10B49000D4F8B00018B12046D4F8B010884794ED25
:10B4A000120A10EE101A08460AF0C6F841EC190B01
:10B4B00094ED060A10EE101A08460AF0BDF841ECA9
:10B4C0001B0BB0EE4B0AF0EE6B0A05F0C5FAB0EEBE
:10B4D00040AAF0EE60AA53EC192B51EC1A0B09F0BC
:10B4E0007FFF7BD2D4F89800D8BB94ED010AD4ED4D
:10B4F000060A20EE200A84ED090A94ED020AD4ED32
:10B50000060A20EE200AD4ED250A20EE200A84ED5A
:10B510000C0AB4F86000022812DD94ED061AF0EE71
:10B52000410A94ED251AB0EE410A04F16400FFF7D8
:10B5300067FCD4ED030A20EE200A84ED0B0A64E0D8
:10B5400094ED060AD4ED070A30EE600AD4ED030A42
:10B5500020EE200AD4ED250A80EE201A84ED0B1A85
:10B5600053E0FFE7243414ED080A606FD0ED000AC1
:10B5700030EE200A54ED030A20EE200A84ED000A82
:10B5800014ED070A606FD0ED010A30EE200A54ED89
:10B59000030A20EE200AD4ED1C0A20EE200A84EDD6
:10B5A000030AA08F243C022819DD94ED061AF0EE60
:10B5B000410A94ED251AB0EE410A04F16400FFF748
:10B5C0001FFCD4ED030AD4F8980090ED021A70EE37
:10B5D000810A20EE200A84ED0B0A16E066E094ED65
:10B5E000030AD4F89800D0ED020A30EE200AD4ED18
:10B5F000060A94ED071A70EEC10A20EE200AD4ED77
:10B60000250A80EE201A84ED0B1AD4F8B40018B184
:10B610002046D4F8B410884794F89C0000F0040049
:10B6200010B1204606F097FC94F89C0000F0200032
:10B6300010B1204606F024FA94F89C0000F00200B5
:10B6400010B1204606F0F7FA94F89C0000F0400094
:10B6500010B1204606F0CEFA94F89C0000F00100EC
:10B6600010B1204606F04CFB94ED0A0AD4ED0C0A0A
:10B6700030EE200A84ED0A0A94ED090AD4ED0A0A94
:10B6800030EE200AD4ED0B0A30EE200A84ED0D0ACC
:10B6900094F89C0000F0100010B1204606F0AAFBC0
:10B6A000204606F0C8FB204606F036FC94ED040A5E
:10B6B00084ED050A94ED0D0A84ED0E0A94ED0B0A53
:10B6C00084ED0F0A94ED060A84ED070A94ED0C0A46
:10B6D00084ED080A94ED0D0ABDEC088B10BD000046
:10B6E00010B504469FED120A84ED0C0A84ED0A0A97
:10B6F00084ED060A84ED0B0A84ED040A84ED0D0A3C
:10B7000084ED090A9FED0A0A84ED0E0A84ED050A0C
:10B7100084ED080A84ED070A84ED0F0A9FED040A00
:10B7200084ED000A04F19000F6F7B2FF10BD0000AE
:10B730000000000070B52DED0A8B0446B0EE408A83
:10B74000F0EE608AB0EE419AF0EE619AB0EE42AA55
:10B75000F0EE62AAB0EE43BAF0EE63BAB0EE44CABD
:10B76000F0EE64CA0D46164684ED129AC4ED118AB5
:10B7700084ED108A9FED170A84ED000AC4ED019A4A
:10B7800084ED02AAC4ED03AA9FED120A84ED0C0A0F
:10B7900084ED14BAC4ED15BA84ED16CAC4ED17CA07
:10B7A000A4F86050294604F16400FFF70FFC04F18F
:10B7B0009000F6F76DFF04F89C6F00216160A160B6
:10B7C0009C3CA82001559FED030A84ED0D0ABDECB9
:10B7D0000A8B70BD00000000074890ED240ADFEDE1
:10B7E000070A20EE200ABDEEC00A10EE100A00B2D1
:10B7F000034908807047000018B900200000C842C3
:10B800000AB900203C4841783C48007861F30000C8
:10B810003A490870384801783848007861F34100A7
:10B8200036490870344881793448007861F38400DF
:10B8300032490870304801793048007861F3471088
:10B840002E4908702C48017A2C48407861F3C710C3
:10B850002A4948702A4890F848112848407861F3EE
:10B86000000026494870274890F820102348407867
:10B8700061F34400214948701F48417A1F484078CD
:10B8800061F346101D4948701F48B0F82F004880EA
:10B890001E4890ED000ADFED1E0A20EE200ABDEEE4
:10B8A000C00A10EE100A40B20871184890ED010A63
:10B8B000DFED170A20EE200ABDEEC00A10EE100AD6
:10B8C00040B24871114890ED020ADFED110A20EEF6
:10B8D000200ABDEEC00A10EE100A40B288710D4871
:10B8E00090EDC50AF2EE040A20EE200ABCEEC00A72
:10B8F00010EE100AC8717047A4BF00206305002035
:10B900004CB400207EBF002018B90020C0C4002025
:10B910000000C842D0BF0020002006E04FF4806243
:10B92000084901EB40010A80401C0428F6DB002195
:10B9300004480A3841828182C182017641760184BD
:10B9400070470000AEBF00200A48007800F00100F8
:10B9500008490978C1F3400108440649097800EB19
:10B96000910018B900200449087002E00120024942
:10B9700008707047520500206205002010B532485B
:10B9800090F82800022828D13048008830494881A2
:10B990002E4841882E4881812C48C1882C4801823C
:10B9A0002A4881882A48C1812848418A28484182FA
:10B9B0002648818A264881822448C18A2448C18237
:10B9C0002248017E224801762048417E2048417667
:10B9D0001E48418B1E48018435E01B4890F840000A
:10B9E00002282ED11B4800881949488119484188EE
:10B9F00017488181174881881548C1811548C18839
:10BA0000134801821348B0F80F10114841821148C1
:10BA1000B0F811100E4881820E48B0F813100C488F
:10BA2000C1820C48417D0A4801760A48817D084858
:10BA300041760848018B06480184064804F0E4FA80
:10BA400001E0FFF769FF10BD4CB40020EEB8002004
:10BA5000A4BF002058B800200288A2F580628A4264
:10BA600008DA0288A2F580624B429A4202DD4FF466
:10BA700080620280704700007CB504460E46154681
:10BA80003346012202212046009500F039F828B102
:10BA9000606D40F02000606503207CBD16480068A2
:10BAA0001821B0FBF1F01549B0FBF1F04FF47A71B9
:10BAB000484301906068B0F5827F0DD13346002283
:10BAC00080212046009500F01BF898B1606D40F091
:10BAD000200060650320E0E700BF019800B908E09E
:10BAE0000198401E019020688068C0F3C0100028B3
:10BAF000F3D100BF0020D0E78800002040420F00B3
:10BB00002DE9F84F04460D4690461E46DDF8289074
:10BB1000F9F738F8A0EB0900371AF9F733F882463D
:10BB20002C480068C0F3CB307843009046E0701C8E
:10BB3000002843D0F9F726F8A0EB0A00B84200D25B
:10BB4000A7BB2068406820F0E0002168486060687A
:10BB5000B0F5827F0DD1A068B0F5004F03D0A0688A
:10BB6000B0F5806F05D12068006820F040002168A2
:10BB70000860A06AB0F5005F0DD100BF20680068C2
:10BB800020F40050216808602068006840F40050EC
:10BB90002168086000BF012084F8510000BF002028
:10BBA00084F8500000BF0320BDE8F88FFFE700983D
:10BBB00008B9002702E00098401E009020688068C5
:10BBC0002840A84201D1012000E000204045AED12C
:10BBD0000020E9E78800002030B501460A461378C6
:10BBE000521C147843EA042030BD000010B504480C
:10BBF00000F008F826210248F5F744FC10BD0000CB
:10BC000038BF002010B50446552027490870AA20E7
:10BC100048702648D0F89000C1F802002348D0F8B8
:10BC20004C02C1F806002148D0F88C00C1F80A0087
:10BC30001E48D0F84802C1F80E001C48D0F8710028
:10BC4000C1F812001948D0F83500C1F8160018489C
:10BC5000D0F80100C1F81A001548407988771548D6
:10BC600090F82B00C877084690F8200010B9012002
:10BC700081F8200000200C4981F821000C48007850
:10BC8000C0F3400080F0010081F822000D2081F80F
:10BC9000250025210448F5F7C9F826220249204647
:10BCA000F4F7D9FB10BD00007EBF002018B90020BA
:10BCB00052050020A4BF00200146084AB2FBF1F261
:10BCC000501E00BF064A1268D062054AD06000BF0D
:10BCD0004208034B1B68DA6370470000802C800029
:10BCE0008C0E002010B507F0FFFA2348D0EDCA0AE9
:10BCF000B0EE600AF7F712F900F07EFF1F480079F6
:10BD0000032803D01D480079042814D11B4890F85B
:10BD10002A0038B101211A4800F0F8FD0020174927
:10BD200081F82A001648D0ED660AB0EE600A0120BC
:10BD300000F054FE1EE011480079022812D10020C4
:10BD40000E4981F82A000F480079012804D10E49D4
:10BD5000487900F0C7FE0DE09FED0C0A022000F0CC
:10BD60003DFE07E00020054981F82A000649487990
:10BD700000F0B8FE10BD0000D0BF0020A4BF00201E
:10BD800000C300205EBF002052050020000000001C
:10BD900010B52DED048B2B4890EDB20A10EE101A61
:10BDA000084609F049FC41EC190BB0EE490AF0EEE7
:10BDB000690A04F051FEB0EE408AF0EE608A9FED11
:10BDC000220B53EC102B51EC180B09F009FB1CD380
:10BDD0001C4890EDBA0A10EE101A084609F02CFC27
:10BDE00041EC190BB0EE490AF0EE690A04F034FE9A
:10BDF000B0EE408AF0EE608A9FED130B53EC102BEF
:10BE000051EC180B09F0ECFA04D29FED110AF7F788
:10BE100085F80FE00B48FFF763FC0A48B830FFF7DE
:10BE20005FFC9FED0B0A074880EDBC0A9FED080AF6
:10BE300080EDBD0A9FED060A022000F0CFFDBDECAB
:10BE4000048B10BDD0BF0020000000000070B74080
:10BE500000000000B0EE401AB5EEC01AF1EE10FA84
:10BE600002D89FED140A7047B0EE000AC1EE000A36
:10BE70009FED110A21EE002A00BFF0EE411A50EEAC
:10BE8000A01AB0EE000A60EE802A81EEA20A30EE1F
:10BE9000C00AF0EE400AF4EEC21AF1EE10FAECDC41
:10BEA000B1EE420AF4EEC01AF1EE10FAE5D3B0EEAC
:10BEB000600AD8E7000000006F12833A10B5012035
:10BEC00007F0BAFA10BD000010B500BF502080F393
:10BED0001188BFF34F8FBFF36F8F00BF08F04EFC88
:10BEE00018B14FF080500449086000BF002080F373
:10BEF000118800BF10BD000004ED00E000B593B054
:10BF0000302107A8F4F748FB142102A8F4F744FBFA
:10BF100000BF002001902448006840F08050224972
:10BF200008600846006800F08050019000BF00BF24
:10BF300000BF002001901D48006840F480401B496C
:10BF400008600846006800F48040019000BF00BF10
:10BF5000012007900004089002200D9041050E91E9
:10BF600006210F91A8211091022111910721129110
:10BF700007A8F9F755FF08B1F6F776FE0F200290F3
:10BF800002200390002004904FF4A05005904FF43D
:10BF900080500690052102A8F9F7E0FD08B1F6F7F8
:10BFA00063FE13B000BD0000403802400070004046
:10BFB0000348006840F470000149086070470000C1
:10BFC00088ED00E010B52DED108B0446B0EE408AF0
:10BFD00004F12000F6F75CFB84ED090A94ED090AF0
:10BFE000F6EE000AB4EEE00AF1EE10FA04DD9FED81
:10BFF000B70ABDEC108B10BD84ED008A94ED020AE7
:10C00000D4ED010A20EE200AD4ED010A20EE200A28
:10C01000AF4880ED000A94ED040AD4ED010A20EE49
:10C02000200AAC4880ED000A94ED030AD4ED000A22
:10C0300030EE600AD0ED000A30EE200AA64880ED0E
:10C04000000A006809F0F8FA41EC1F0BB0EE4F0A45
:10C05000F0EE6F0A04F000FDB0EE40EAF0EE60EAA8
:10C060009FED9E0B53EC102B51EC1E0B09F0BAF810
:10C0700041EC1C0B9648006809F0DEFA41EC1D0B00
:10C0800053EC1C2B08F00CFE41EC1A0B9048006896
:10C0900009F0D2FA41EC1B0B53EC1A2B09F0A2F871
:10C0A00041EC190B08F0CAFD08EE900AB0EE680AE0
:10C0B000FFF7D0FE8B4880ED000A874890ED000A1C
:10C0C00007F008FA8748D0ED000A814890ED001A81
:10C0D00070EEC10A20EE200AF0EE000A80EE201A6F
:10C0E0007C4890ED000A31EE000A7F4880ED000A9E
:10C0F0007948D0ED000A764890ED001A70EE810A7A
:10C10000B0EE600A07F0E6F9F0EE408A7248D0ED32
:10C11000000A6F4890ED001A70EEC10AB0EE600A96
:10C1200007F0D8F938EEC00A6A48D0ED000A6A482C
:10C1300090ED001A70EE810A20EE200AF0EE000A5F
:10C14000C0EE208AD0ED000A614890ED001A70EE32
:10C15000810AB0EE600A07F0BDF9B0EE409A5E4881
:10C16000D0ED000A5A4890ED001A70EEC10AB0EE08
:10C17000600A07F0AFF939EE400AB0EE001AC0EEDF
:10C18000010AB7EE000A30EE600A5748D0ED000A07
:10C1900040EE808A5548C0ED008A94ED020AB1EE67
:10C1A000400AD0ED000A20EE200A4948D0ED000AEE
:10C1B00080EE209A4D48D0ED000A454890ED001AD7
:10C1C00070EE810AB0EE600A07F084F9F0EE408A62
:10C1D0004648D0ED000A3E4890ED001A70EEC10AC4
:10C1E000B0EE600A07F076F938EEC00A29EE000AD0
:10C1F000F0EE000AC0EE208A3C4890ED000A07F0FD
:10C2000069F9D4ED020A60EE209A3848D0ED000AB0
:10C210002F4890ED001A70EE810AB0EE600A07F028
:10C2200059F9B0EE409A3148D0ED000A284890ED17
:10C23000001A70EEC10AB0EE600A07F04BF939EE51
:10C24000400AF0EE000A80EE201AB7EE000A30EE47
:10C25000410A49EEC08A2648C0ED008A90ED000AE6
:10C2600084ED050A94ED050AD4ED070A30EE200AA4
:10C27000D4ED090A60EE200AB0EE001A80EE810AC1
:10C28000D4ED040A30EE200A84ED040A94ED040A89
:10C29000D4ED060A30EE200AD4ED090A60EE200A39
:10C2A000B0EE001A80EE810AD4ED030A30EE200AC7
:10C2B00084ED030A94ED050A84ED070A94ED040A5F
:10C2C00084ED060A94ED030A93E6000000000000E6
:10C2D000D0040020D4040020D80400200000000076
:10C2E00000002040DC040020E0040020E4040020E2
:10C2F000E804002080ED030ADFED080AC0ED040A1F
:10C30000DFED060AC0ED050ADFED040AC0ED060AFE
:10C31000DFED020AC0ED070A7047000000000000D0
:10C3200080ED020AC0ED010A9FED0A1A80ED031AA2
:10C330009FED081A80ED041A9FED061A80ED051A8C
:10C340009FED041A80ED061A9FED021A80ED071A80
:10C35000704700000000000010B50248FAF789FBA2
:10C3600010BD0000D40E002010B50248FAF781FB82
:10C3700010BD00001411002010B502682B4B98422C
:10C380000ED0B0F1804F0BD0294B984208D0294BEA
:10C39000984205D0284B984202D0284B984203D1AE
:10C3A00022F070024B681A43204B984220D0B0F123
:10C3B000804F1DD01E4B98421AD01E4B984217D06A
:10C3C0001D4B984214D01D4B984211D01C4B9842E3
:10C3D0000ED01C4B98420BD01B4B984208D01B4BE5
:10C3E000984205D01A4B984202D01A4B984203D17A
:10C3F00022F44072CB681A4322F080034C6943EA6E
:10C4000004028B68C3620B688362084B984202D0B7
:10C410000A4B984201D10B690363036843F004039C
:10C42000036001234361026010BD00000000014071
:10C430000004004000080040000C004000040140DF
:10C440000040014000440140004801400018004005
:10C45000001C00400020004030B501F01F05012401
:10C4600004FA05F3046A9C430462046A01F01F05A0
:10C4700002FA05F52C43046230BD30B50C468168E4
:10C4800021F47F4142EA032525432943816030BDE1
:10C490000A46816821F0700142F007031943816068
:10C4A0007047000030B5026A056A25F00105056293
:10C4B0004368846924F0700424F003040D682C435D
:10C4C00022F002028D682A43104DA84200D103E0F9
:10C4D0000F4DA84206D100BF22F00802CD682A43C2
:10C4E00022F00402094DA84202D0094DA84207D10A
:10C4F00023F4807323F400734D692B438D692B4320
:10C50000436084614D684563026230BD00000140B4
:10C510000004014030B5026A056A25F01005056285
:10C520004368846924F4E04424F440740D6844EAC8
:10C53000052422F020028D6842EA0512124DA8421D
:10C5400000D103E0114DA84207D100BF22F08002C4
:10C55000CD6842EA051222F040020B4DA84202D0FB
:10C560000A4DA84209D123F4806323F400634D6986
:10C5700043EA85038D6943EA8503436084614D681E
:10C580008563026230BD00000000014000040140EC
:10C5900030B5026A056A25F4807505624368C4698E
:10C5A00024F0700424F003040D682C4322F400727C
:10C5B0008D6842EA0522124DA84200D103E0114DD8
:10C5C000A84207D100BF22F40062CD6842EA0522EA
:10C5D00022F480620A4DA84202D00A4DA84209D135
:10C5E00023F4805323F400534D6943EA05138D6906
:10C5F00043EA05134360C4614D68C563026230BD00
:10C60000000001400004014030B5036A056A25F4CA
:10C61000805505624468C26922F4E04222F4407207
:10C620000D6842EA052223F400538D6843EA05337E
:10C63000084DA84202D0084DA84204D124F48044F9
:10C640004D6944EA85144460C2614D680564036223
:10C6500030BD000000000140000401400368DB6AB7
:10C66000934202D20368DB6A9AB231B1042907D03F
:10C67000082908D00C290CD108E003685A6308E0A7
:10C6800003689A6305E00368DA6302E003681A64EA
:10C6900000BF00BF704730B50B461446026A056AFA
:10C6A00025F001050562816921F0F00141EA0411DC
:10C6B00022F00A021A438161026230BD30B50B4696
:10C6C0001446026A056A25F010050562816921F4A5
:10C6D000704141EA043122F0A00242EA0312816172
:10C6E000026230BD00B501200B4908700620487079
:10C6F000002088700320C870002008710320487152
:10C700000821054805F042F80349C88003480A6833
:10C7100002604968416000BD3C06002050060020D0
:10C7200070B504460D462078287060786870A0784F
:10C73000A8702079E17840EA0120A5F8030060792B
:10C74000A17940EA0120A5F805009FED050A0548FA
:10C75000FDF792FE04480068401C0349086070BD64
:10C76000CDCC4C3E24B500204C06002000B522481C
:10C770000068406940F040001F49096848611E4850
:10C780000068C06840F010001B490968C8601B4879
:10C790000068006820F0010018490968086000BFBF
:10C7A00016480068006800F001000028F8D114481D
:10C7B000124909688860134810490968C8600E303A
:10C7C0000E49096808610E200C49096848600B4849
:10C7D0000068006840F4802008490968086007483C
:10C7E0000068006840F00100044909680860FFF72C
:10C7F00079FF00F05BF800BD1C0F0020F40F002053
:10C8000004100140A8C5002038B500252248006862
:10C81000006800F01000102830D1204800681F4840
:10C8200040681F480068006800F4002048B91D4DAA
:10C830001B480068006840F4002019490968086036
:10C8400009E0184D0E3516480068006820F40020F5
:10C8500013490968086000240DE0285D012808D10B
:10C86000601C285C032804D128190F49FFF758FFE2
:10C8700003E0601CC4B2062CEFD300BF00BF002051
:10C880000090054800680068009003480068406810
:10C89000009000BF00BF38BD1C0F002000100140F9
:10C8A000F40F0020A8C500204406002000B5012098
:10C8B0000B49087006204870002088700120C8705D
:10C8C00010200871002048710821054804F05EFF1F
:10C8D0000349C88003480A6802604968416000BD96
:10C8E0003C0600205006002000B5012006F0D6FDD1
:10C8F000012006F0C7FD022006F0CAFD002006F068
:10C90000E1FC002006F0E0FD00BD000090F8B02141
:10C910008A421DDDD0ED660A00EE101AB8EE400A1C
:10C920009FED0E1A20EE010AB7EE001A40EE010A42
:10C93000C0ED660A90F8B121521A52B280F8B121C6
:10C9400090F9B121002A07DA002280F8B12103E032
:10C9500090ED630A80ED660A7047000000003442E3
:10C9600010B51C4890F8A001B0B91A4890F8B2016F
:10C9700040B2184981F8B101084690F8B20181F837
:10C98000B0019FED150A084680ED6F0A9FED120A6F
:10C99000022000F023F810BD0E4890F8B3010D49B5
:10C9A00091F8B21188420CDB0A4890F8B20140B20B
:10C9B000084981F8B101084690F8B20181F8B00148
:10C9C00005E0044890F8B101024981F8B00100BFC8
:10C9D000E1E7000000C300200000000010B52DEDCD
:10C9E000028B0446B0EE408AB4B9254890ED630A44
:10C9F00080ED660A80ED678AFEF772FE2048D0ED72
:10CA0000640AB0EE600AF0EE480AB830FEF71EFD88
:10CA10001B4880ED6B0A30E0012C1AD11848D0ED8C
:10CA2000630AB0EE600AF0EE480AFEF70FFD144804
:10CA300080ED670A90ED671AF0EE410A90ED641AF6
:10CA4000B0EE410AB830FEF701FD0D4880ED6B0AEB
:10CA500013E00B48FEF744FE0948B830FEF740FEED
:10CA6000074890ED630A80ED660A9FED060A80EDA7
:10CA7000670A9FED040A80ED6B0ABDEC028B10BDC6
:10CA800000C300200000000010B504462CB99FED43
:10CA9000070A0220FFF7A2FF07E00548D0ED660A6B
:10CAA000B0EE600A0120FFF799FF10BD0000000002
:10CAB00000C30020282804DD0021084A82F8B211B2
:10CAC0000AE00749097821B91421044A82F8B21111
:10CAD00002E0024981F8B2017047000000C3002063
:10CAE0006205002070B504462046FFF7E3FFFFF71C
:10CAF00037FF00F04FF805462846FFF7C5FF03480B
:10CB000090F8B201014981F8B30170BD00C3002063
:10CB100010B500220121DFED194A9FED184ADFED23
:10CB2000173A9FED163ADFED152A9FED142AF2EE23
:10CB3000041A9FED121ADFED110A9FED110A114838
:10CB4000FEF7F8FD25220121DFED0C4A9FED0B4A8F
:10CB5000DFED0D3A9FED0D3ADFED0D2A9FED072A2F
:10CB6000F1EE041A9FED051AF0EE080AB2EE020A81
:10CB70000448B830FEF7DEFD10BD000000000000E4
:10CB80000000484400C300200000C84200004842A2
:10CB9000CDCC4C3E10B5154890F8A00130B99FEDB2
:10CBA000140A124880ED6F0A002010BD1148F5F7F5
:10CBB0006FFD0E4880ED6E0A90ED6F0AD0ED6E0AA3
:10CBC00030EE200A80ED6F0A90ED6F0AD0ED6A0A10
:10CBD000B4EEE00AF1EE10FA06DB9FED050A80EDF7
:10CBE0006F0A0121FFF792FE0120DEE700C300205B
:10CBF00000000000B4C400200C4890F8B0010A28DE
:10CC000005DCB1EE040A094880ED690A04E0B3EEE0
:10CC1000040A064880ED690A044890ED690AF7EEB7
:10CC2000000A80EE801A80ED6A1A704700C3002067
:10CC300070B50446A56B0020E8852846FAF7C7F9C9
:10CC400070BD00BF00BF02680C3252E8002F22F412
:10CC5000907102680C3242E80013002BF3D100BF40
:10CC600000BF00BF0268143252E8002F22F0010119
:10CC70000268143242E80013002BF3D100BF016BAD
:10CC800001290ED100BF00BF02680C3252E8002F0C
:10CC900022F0100102680C3242E80013002BF3D19D
:10CCA00000BF202180F8421000210163704710B5B9
:10CCB00004462068C06820F040002168C860202039
:10CCC00084F841002046FAF7A6FC002010BDF8B514
:10CCD00004460025002694F84200222873D1A0685B
:10CCE000B0F5805F0BD1206948B9A66A206840681A
:10CCF000C0F308003080A06A801CA06214E0A56A1E
:10CD0000A068B0F5805F03D0A06828B9206918B981
:10CD100020684068287004E02068406800F07F00C8
:10CD20002870A06A401CA062E08D401E80B2E085A1
:10CD3000002846D12068C06820F020002168C86023
:10CD40002068C06820F480702168C860206840694D
:10CD500020F0010021684861202084F84200002072
:10CD60006063206B012826D10020206300BF00BF34
:10CD700021680C3151E8001F21F0100021680C31AE
:10CD800041E80002002AF3D100BF2068006800F0EB
:10CD9000100010280AD100BF002000902068006811
:10CDA000009020684068009000BF00BFA18D204621
:10CDB000FAF70CF902E02046FAF72CFC0020F8BD47
:10CDC00001E00020FBE70220F9E700002DE9F84F21
:10CDD00004462068006920F44050E1680843216857
:10CDE00008612169A068084361690843E169084353
:10CDF00000902068C06849F20C618843009908439C
:10CE00002168C8602068406920F44070A169084327
:10CE10002168486176492068884203D075492068B6
:10CE2000884203D1F8F794FF814602E0F8F780FFCB
:10CE30008146E069B0F5004F6CD102206168A0FB2B
:10CE4000015003461920A9FB007001462A463846C6
:10CE5000F3F78AFA6421B0FBF1F04FEA001A0220DE
:10CE60006168A0FB01510B461920A9FB00712A46FD
:10CE70003846F3F779FA834602206168A0FB015037
:10CE800003461920A9FB00712A463846F3F76CFACD
:10CE90006421B0FBF1F000EBC00101EB0010ABEB43
:10CEA0008000322101EBC0006421B0FBF1F000F002
:10CEB000F8000AEB400A02206168A0FB015003461B
:10CEC0001920A9FB007001462A463846F3F74CFAB0
:10CED000834602206168A0FB015003461920A9FB8C
:10CEE00000712A463846F3F73FFA6421B0FBF1F0AF
:10CEF00000EBC00101EB0010ABEB8000322101EB35
:10CF0000C0006421B0FBF1F000F00700504421683C
:10CF100088606AE004206168A0FB01500346192084
:10CF2000A9FB007001462A463846F3F71DFA8246EF
:10CF300004206168A0FB015003461920A9FB007082
:10CF400001462A463846F3F70FFA6421B0FBF1F0A8
:10CF500000EBC00101EB0010AAEB8000322101EBD5
:10CF600000106421B0FBF1F000F0F00A04206168C9
:10CF7000A0FB017003461920A9FB00513A46284640
:10CF8000F3F7F2F96421B0FBF1F00AEB001A042088
:10CF90006168A0FB01510B461920A9FB00712A46CC
:10CFA0003846F3F7E1F9834604206168A0FB01509D
:10CFB00003461920A9FB007001462A463846F3F7BC
:10CFC000D3F96421B0FBF1F000EBC00101EB0010DC
:10CFD000ABEB8000322101EB00106421B0FBF1F0DB
:10CFE00000F00F00504421688860BDE8F88F000011
:10CFF0000010014000140140014691F84100212831
:10D0000028D18868B0F5805F0BD1086948B90A6AF1
:10D010001088C0F308000B685860086A801C08621A
:10D0200005E00B6A581C086218780B685860C88CB9
:10D03000401E80B2C88458B90868C06820F08000DB
:10D040000B68D8600868C06840F040000B68D86082
:10D05000002070470220FCE710B5FFF7D5FB02481F
:10D06000F9F7B6FF10BD00001C0F002010B5F5F752
:10D0700005F90248F9F7ACFF10BD0000640F00206D
:10D0800010B502F0CFFE0248F9F7A2FF10BD000074
:10D09000AC0F00202DE9F04104460D46D4F8C872CB
:10D0A00004F53070D4F8D41250F8210010B90320E0
:10D0B000BDE8F08104F53070D4F8D41250F8216046
:10D0C00005F00F0000EB800104F1140050F821007E
:10D0D00028B305F00F0000EB800104F1140050F8B4
:10D0E000211005F00F0000EBC00207F1140000EB67
:10D0F00082008068B1FBF0F200FB121078B90021C9
:10D1000005F00F0000EB800204F1140040F822103B
:10D1100000231A462946204601F042F917E0002074
:10D12000C6F8140204F53170D4F8D41250F8210076
:10D13000006960B1D6F8080204F53171D4F8D42240
:10D1400051F822102A460B6906F504719847002011
:10D15000AEE770B504460E4604F53070D4F8D4122C
:10D1600050F82150D4F8D41250F8210008B9032007
:10D1700070BD3146204600F06AFFC5F80C02D5F8B4
:10D18000040204F53171D4F8D43251F82310CA687E
:10D1900005F5037190470020EAE7000070B50446EA
:10D1A0000D4630480178204600F01BFE00212D4836
:10D1B000007800F00F0000EB800204F1140000EB97
:10D1C0008200C17328480178204600F00AFE002141
:10D1D0002548007800F00F0000EB800204F5AA70EB
:10D1E00000EB8200C17321480178204600F0F9FD70
:10D1F00000211E48007800F00F0000EB800204F1CF
:10D20000140000EB8200C1731848007800F00F0092
:10D2100000EB800204F1140000EB8200816004F551
:10D220003070D4F8D41250F82100C8B104F531712F
:10D23000D4F8D42251F822104868804704F53071A0
:10D24000D4F8D42251F8220001F0D6FB002104F5D5
:10D250003070D4F8D42240F822100020C4F8BC0268
:10D26000002070BD93010020940100209501002052
:10D2700070B5044604F53070D4F8D41250F821503B
:10D280000DB9032070BD04F53170D4F8D41250F8F4
:10D29000210098B195F80002FF280FD095F80122DF
:10D2A00095F8000204F53171D4F8D46251F82610D3
:10D2B0008B6829469847FF2085F800020020E1E7A7
:10D2C00001460A2008800148704700000C01002038
:10D2D0002DE9F041044682210D4800F09EFC0546F0
:10D2E00001210B4800F099FC06468121084800F016
:10D2F00094FC07460DB11020A8710EB14020B080FB
:10D300000FB14020B880432020800148BDE8F08163
:10D31000500100202DE9F041044682210E4800F022
:10D320007CFC054601210C4800F077FC0646812173
:10D33000094800F072FC07460DB11020A87116B123
:10D340004FF40070B08017B14FF40070B8804320E4
:10D3500020800148BDE8F081500100202DE9F04116
:10D36000044682210D4800F058FC054601210B4877
:10D3700000F053FC06468121084800F04EFC0746A9
:10D380000DB11020A8710EB14020B0800FB1402027
:10D39000B880432020800148BDE8F0815001002082
:10D3A00070B504460E464FF4077001F027FB0546A2
:10D3B00045B9002104F53070D4F8D42240F8221089
:10D3C000022070BD4FF407712846F3F7E5F804F525
:10D3D0003070D4F8D41240F82150D4F8D41250F858
:10D3E0002100C4F8BC02207C98BB4FF400730222D9
:10D3F00050480178204600F0CBFE01214D480078CE
:10D4000000F00F0000EB800204F1140000EB82003A
:10D41000C1734B02022248480178204600F0B8FE52
:10D4200001214548007800F00F0000EB800204F570
:10D43000AA7000EB8200C17310214048007800F010
:10D440000F0000EB800204F1140000EB8200816009
:10D4500032E0FFE74023022236480178204600F000
:10D4600097FE01213348007800F00F0000EB8002A6
:10D4700004F1140000EB8200C173402302222E4805
:10D480000178204600F084FE01212B48007800F04E
:10D490000F0000EB800204F5AA7000EB8200C1735C
:10D4A00010212648007800F00F0000EB800204F104
:10D4B000140000EB82008160082303221F480178DA
:10D4C000204600F065FE01211C48007800F00F00A6
:10D4D00000EB800204F1140000EB8200C173002015
:10D4E000C5F8040204F53171D4F8D42251F82210A1
:10D4F000086880470020C5F81402C5F81802D5F85E
:10D50000040208B902205CE7207C48B94FF400739C
:10D51000094801782046D5F8042200F051FE07E0C2
:10D520004023054801782046D5F8042200F048FE43
:10D53000002046E79301002094010020950100207F
:10D5400070B5044604F53070D4F8D41250F8215068
:10D55000D4F8D41250F8210008B9032070BD207C03
:10D5600048B94FF40073094801782046D5F80422E1
:10D5700000F026FE07E04023044801782046D5F855
:10D58000042200F01DFE0020E8E7000094010020C6
:10D59000024609B90320704702F53170D2F8D4323F
:10D5A00040F823100020F6E710B5024602F530706F
:10D5B000D2F8D44250F824300BB9032010BDC3F880
:10D5C00004120020FAE730B503460C4603F530702C
:10D5D000D3F8D45250F8251009B9032030BDC1F852
:10D5E0000842C1F810220020F8E72DE9FC41054669
:10D5F0000C4605F53070D5F8D41250F821600020A3
:10D6000001900090804616B90320BDE8FC81207887
:10D6100000F0600000283DD020287CD1E08868B36D
:10D62000207800F08000B8B1E288607805F53171AB
:10D63000D5F8D4C251F82C108B6831469847E08851
:10D64000072801D9072000E0E08807463A4631461E
:10D65000284600F012F91CE0607886F80002E088A5
:10D66000402801D2E08800E0402086F8010296F8C8
:10D6700001223146284600F0DCF80AE0607805F522
:10D680003171D5F8D42251F8221000228B6821463E
:10D69000984747E0607830B1012832D00A2813D08B
:10D6A0000B282FD121E095F89C02032805D10222F6
:10D6B0006946284600F0E1F805E02146284600F0DA
:10D6C000ACF84FF0030824E095F89C02032805D13C
:10D6D000012201A9284600F0D0F805E0214628469D
:10D6E00000F09BF84FF0030813E095F89C02032824
:10D6F00005D02146284600F090F84FF0030808E0D6
:10D7000009E006E02146284600F087F84FF00308BC
:10D7100000BF00BF06E02146284600F07EF84FF02B
:10D72000030800BF00BF40466FE7000070B5054624
:10D7300005F53070D5F8D41250F8214001260CB907
:10D74000032070BDD4F81402C0B90120C4F814023B
:10D750000B48007800F00F0000EB800205F1140088
:10D76000D4F8101240F82210054801782846D4F861
:10D770001032D4F8082200F013FE00263046E0E70D
:10D780009301002070B504460D460026D4F8B80277
:10D79000294642682046904700B10326304670BDB6
:10D7A00070B504460D4694F89C02012804D0022866
:10D7B00003D003280CD101E000BF00BF6888012816
:10D7C00005D10020C4F8A402204600F068F804E067
:10D7D0002946204600F021F800BF00BF70BD024678
:10D7E0000020704702460020704770B506460C4680
:10D7F00015462B4622460021304600F0E1FC002071
:10D8000070BD70B506460C4615462B4622460021D3
:10D81000304600F0C5FD002070BD70B504460D46D1
:10D820008021204600F08CFD0021204600F088FD7C
:10D8300070BD70B504460E4615460320C4F8940228
:10D84000C4F854514FF4B27006514FF4AC70055106
:10D850002B4632460021204600F0B2FC002070BD6D
:10D8600010B504460520C4F8940200231A46194650
:10D87000204600F0A5FC002010BD70B504460E4601
:10D8800015460220C4F8940265616662A5612B46C4
:10D8900032460021204600F083FD002070BD10B507
:10D8A00004460420C4F8940200231A461946204670
:10D8B00000F076FD002010BD70B505460C462DB970
:10D8C0002246064906A000F012FA04E02246034967
:10D8D00003A000F00CFA014870BD000038140020CD
:10D8E00043444320436F6E6669670000024612207E
:10D8F00008800148704700003400002070B50546DC
:10D900000C462DB92246064906A000F0F0F904E0C5
:10D910002246034903A000F0EAF9014870BD000067
:10D920003814002043444320496E74657266616375
:10D93000650000000246042008800148704700008E
:10D940004800002070B505460C462246024903A057
:10D9500000F0CDF9004870BD3814002053544D69D3
:10D9600063726F656C656374726F6E6963730000D8
:10D9700070B505460C462DB92246064906A000F0B2
:10D98000B6F904E02246034903A000F0B0F90148CB
:10D9900070BD00003814002053544D3332205669B6
:10D9A000727475616C20436F6D506F72740000006B
:10D9B00070B505460C461A202080F5F713FB014888
:10D9C00070BD00004C00002070B504460D46E8888C
:10D9D000012804D029462046FFF71FFF1EE094F8D7
:10D9E0009C02012804D0022803D0032810D109E0AA
:10D9F00000BF0020A060012204F108012046FFF7CB
:10DA00003CFF0AE00122211D2046FFF736FF04E01B
:10DA100029462046FFF701FF00BF00BF70BDF8B5E3
:10DA200004460E4600200090002700257088001252
:10DA3000082875D2DFE800F0C7040C20C7C7A5B5D9
:10DA4000207CD4F8B4120A68694690470746C1E0C2
:10DA5000207C40B9D4F8B802816A684688470746F6
:10DA60000220787007E0D4F8B802C16A6846884797
:10DA7000074602207870ADE0B078062878D2DFE85B
:10DA800000F00316293C5063D4F8B402406838B162
:10DA9000207CD4F8B4124A6869469047074605E0EE
:10DAA00031462046FFF7B9FE681CC5B267E0D4F8DE
:10DAB000B402806838B1207CD4F8B4128A68694610
:10DAC0009047074605E031462046FFF7A6FE681C52
:10DAD000C5B254E0D4F8B402C06838B1207CD4F8A0
:10DAE000B412CA6869469047074605E031462046A9
:10DAF000FFF793FE681CC5B241E0D4F8B402006998
:10DB000038B1207CD4F8B4120A69694690470746B8
:10DB100005E031462046FFF780FE681CC5B22EE0C6
:10DB200051E0D4F8B402406938B1207CD4F8B41282
:10DB30004A6969469047074605E031462046FFF7A7
:10DB40006CFE681CC5B21AE0D4F8B402806940B11A
:10DB5000207CD4F8B4128A6969469047074606E0EB
:10DB600006E031462046FFF758FE681CC5B206E0C5
:10DB700031462046FFF751FE681CC5B200BF00BF0A
:10DB800028E0207C30B9D4F8B802416B6846884759
:10DB9000074605E031462046FFF73FFE681CC5B248
:10DBA00018E0207C40B9D4F8B802016B6846884779
:10DBB00007460720787005E031462046FFF72DFE26
:10DBC000681CC5B206E031462046FFF726FE681CF9
:10DBD000C5B200BF00BF05B1F8BDF088C0B1BDF847
:10DBE000000080B1F088BDF80010884202DDBDF869
:10DBF000000000E0F0880090BDF800203946204683
:10DC0000FFF73BFE07E031462046FFF706FE02E045
:10DC10002046FFF744FE00BFDEE72DE9F841054648
:10DC20000F462C462E464FF0000870883178884207
:10DC300018DD307800900FE06946204600F020F8AB
:10DC400004466078052807D1A04698F80200B8423B
:10DC500000D106E04FF000087088BDF8001088423F
:10DC6000EADC00BF4046BDE8F881014600200A46D4
:10DC700002E0431CD8B2521C1378002BF9D1704734
:10DC800010B5024610460B88047823440B800378B5
:10DC9000981810BD70B504460D4694F89C020128F2
:10DCA00004D0022803D003281AD101E000BF00BF2E
:10DCB000E888022804D029462046FFF7AEFD14E08C
:10DCC0000120E060D4F8A40218B1E06840F002003E
:10DCD000E060022204F10C012046FFF7CEFD04E0D3
:10DCE00029462046FFF799FD00BF00BF70BD2DE912
:10DCF000F04107460D46904600240FB9BDE8F0817B
:10DD00003E463046FFF7B1FF022101EB4000B0F57F
:10DD1000007F01D9080204E03046FFF7A6FF40006B
:10DD2000801CA8F8000098F800002855601CC4B2B8
:10DD300003202855601CC4B208E030782855761CB2
:10DD4000601CC4B200202855601CC4B23078002882
:10DD5000F3D100BFD2E70146002031B1012906D03E
:10DD6000022906D0032908D105E0002007E003209E
:10DD700005E0012003E0032001E0032000BF00BF15
:10DD800070472DE9F04104460D46164614B90320AC
:10DD9000BDE8F0810020C4F8B802C4F8C402C4F899
:10DDA000D0020DB1C4F8B452012084F89C02267050
:10DDB000204600F055F907463846E9E72DE9F041DD
:10DDC00004460D46002600272946D4F8C802F7F776
:10DDD000A4F806463046FFF7BEFF07463846BDE8C2
:10DDE000F0812DE9F04104460D4600260027294622
:10DDF000D4F8C802F7F75CF806463046FFF7ABFFE9
:10DE000007463846BDE8F0812DE9F04705460F4644
:10DE10009146002F5AD105F11404D5F89402022836
:10DE20004AD1A1896068884213D9A1896068401AE3
:10DE30006060A189206908442061284662682169E0
:10DE4000FFF7DFFC00231A461946284600F0B8F910
:10DE500032E0A0896168884217D1A1892068884290
:10DE600013D32068D5F8981288420ED200221146AA
:10DE70002846FFF7C6FC0020C5F8980200231A4682
:10DE80001946284600F09CF916E095F89C020328F4
:10DE90000BD1D5F8B802C06838B10020C5F8D4025B
:10DEA000D5F8B802C168284688478021284600F086
:10DEB00047FA2846FFF7D4FC95F8A00250B328464D
:10DEC00000F0C5FA002085F8A00223E047F08001A9
:10DED0002846FFF784FC0646FF2E1BD0D6B995F8DE
:10DEE0009C02032816D105F52E7050F826004069D3
:10DEF00080B1C5F8D46205F52E7050F82600394679
:10DF00004269284690478046B8F1000F02D040464B
:10DF1000BDE8F0870020FBE72DE9F04705460F46F6
:10DF200091464FF00008002F55D105F5AA76D5F897
:10DF30009402032873D1B1897068884214D9B189D9
:10DF40007068401A7060B189306908443061B389E3
:10DF50007068984201D9706800E0B089024628468E
:10DF60003169FFF742FC5AE095F8AA0200F01F0061
:10DF700020B1012804D0022812D109E0002411E0C8
:10DF800040F2AE20415D2846FFF72CFC044609E034
:10DF900040F2AE20415D2846FFF721FC044601E037
:10DFA000002400BF00BF94B995F89C0203280ED14D
:10DFB00005F52E7050F82400006940B1C5F8D44230
:10DFC00005F52E7050F82400016928468847284638
:10DFD000FFF765FC23E007F07F012846FFF7FFFB12
:10DFE0000446FF2C1BD0D4B995F89C02032810D10D
:10DFF00005F52E7050F82400806950B1C5F8D44260
:10E0000005F52E7050F8240039468269284690475D
:10E010008046B8F1000F02D04046BDE8F0870020EE
:10E02000FBE701460020704770B50446002501203B
:10E0300084F89C02D4F8B80238B12179D4F8B80237
:10E0400042682046904700B10325284670BD70B550
:10E0500004460D462946D4F8C802F6F79CFF70BD69
:10E0600010B50446207800282AD11648C0F8E044AC
:10E07000C4F8C8024FF0A04012490860042008719B
:10E0800002211048C17100218171022141720021D9
:10E090008172C17201738173C173F7F7D1FB08B14B
:10E0A000F4F7E2FD80210748F6F787FE40220021C1
:10E0B0000448F6F787FE802201210248F6F782FE27
:10E0C000002010BD3826002010B50246D2F8C83214
:10E0D00001F08000802809D101F07F0000EBC0042E
:10E0E00003F1140000EB8400807810BD01F07F0084
:10E0F00000EBC00403F5157000EB84008078F4E7B2
:10E1000070B504460D4604F52E70D4F8D41250F8BC
:10E11000210008B9032070BD94F89C02032811D196
:10E1200004F52E70D4F8D41250F82100006A48B1DA
:10E1300004F52E70D4F8D41250F821002946026A52
:10E14000204690470020E6E770B504460D4604F5EA
:10E150002E70D4F8D41250F8210008B9032070BDF5
:10E1600094F89C02032811D104F52E70D4F8D4122F
:10E1700050F82100406A48B104F52E70D4F8D4124A
:10E1800050F821002946426A204690470020E6E7E1
:10E190002DE9F04704460F4615461E464FF000088D
:10E1A000C1462B4632463946D4F8C802F6F7FEFE81
:10E1B00080464046FFF7CFFD81464846BDE8F087E0
:10E1C0002DE9F04704460D4616461F464FF000085D
:10E1D000C1463B4632462946D4F8C802F6F72DFF21
:10E1E00080464046FFF7B7FD81464846BDE8F087C8
:10E1F00070B504460025012084F89C020020C4F874
:10E2000094026060C4F8A40284F8A002D4F8B802B2
:10E2100058B1D4F8B802406838B12179D4F8B802BE
:10E2200042682046904700B1032540230022114652
:10E230002046FFF7ADFF012140F263100155402158
:10E24000C01E01534023002280212046FFF7A0FF7B
:10E2500001212320015540212184284670BD01461B
:10E2600091F89C02042803D191F89D0281F89C0248
:10E270000020704710B5044694F89C0203280BD187
:10E28000D4F8B80240B1D4F8B802C06920B1D4F8CB
:10E29000B802C16920468847002010BD02461174AB
:10E2A000002070472DE9F04104460D460026002766
:10E2B0002946D4F8C802F7F7EDFB06463046FFF7CB
:10E2C0004AFD07463846BDE8F08170B504460D4664
:10E2D000294604F2AA2000F07BF80120C4F8940239
:10E2E0004FF42C70005BC4F8980294F8AA0200F076
:10E2F0001F0020B1012809D0022815D10DE004F239
:10E30000AA21204600F088F9064616E004F2AA2168
:10E31000204600F01AFB06460FE004F2AA21204630
:10E3200000F0D1F9064608E094F8AA0200F0800156
:10E33000204600F005F8064600BF00BF304670BD1D
:10E340002DE9F04104460D46002600272946D4F861
:10E35000C802F6F795FE06463046FFF7FCFC074676
:10E360003846BDE8F08170B5044600250026D4F893
:10E37000C802F7F7B2FB05462846FFF7ECFC064655
:10E38000304670BD014691F89C02042803D091F8F4
:10E390009C0281F89D02042081F89C0200207047B5
:10E3A0002DE9F04704460D4616461F464FF000087B
:10E3B000C1463B4632462946D4F8C802F6F7A5FEC8
:10E3C00080464046FFF7C7FC81464846BDE8F087D7
:10E3D00070B505460E46344620782870641C2078B7
:10E3E0006870641C2046FDF7F7FB6880641C641CA1
:10E3F0002046FDF7F1FBA880641C641C2046FDF755
:10E40000EBFBE88070BD38B504460D460020009057
:10E410000DB9032038BDC4F8B85204F52E70D4F8F5
:10E42000D41250F82100C06A50B104F52E70D4F80F
:10E43000D42250F82200C16A68468847C4F8D00246
:10E44000D4F8D802401CC4F8D8020020E2E7014604
:10E450000020704770B504460D46A88810BBE888B8
:10E4600000BB688880281DD2A87800F07F0694F849
:10E470009C02032804D129462046FFF7CEF915E077
:10E4800084F89E6231462046FFF70CFF2046FFF7D6
:10E4900006FA1EB1022084F89C0207E0012084F8ED
:10E4A0009C0203E029462046FFF7B7F970BD70B51E
:10E4B00004460D460026D4F8B80230B1D4F8B802AC
:10E4C00029460268204690470646304670BD000047
:10E4D00070B504460E460025B0783D4908700846E0
:10E4E0000078012805D931462046FFF796F9032028
:10E4F00070BD94F89C02022802D0032859D11FE075
:10E5000033480078C0B13248007860603048017804
:10E510002046FFF7CCFF05463DB131462046FFF7C8
:10E520007CF9022084F89C0209E02046FFF7B7F945
:10E53000032084F89C0202E02046FFF7B0F943E094
:10E540002348007870B9022084F89C0220480078A3
:10E5500060601F4801782046FFF714F92046FFF756
:10E560009EF925E01A490978606888421DD0217912
:10E570002046FFF707F916480078606014480178D4
:10E580002046FFF794FF05465DB131462046FFF770
:10E5900044F921792046FFF7F5F8022084F89C021F
:10E5A00006E02046FFF77BF902E02046FFF777F907
:10E5B0000AE031462046FFF730F905480178204649
:10E5C000FFF7E0F8032500BF00BF284690E70000F2
:10E5D0000801002070B505460C466088012805D169
:10E5E000C5F8A4022846FFF75AF90EE06088022811
:10E5F00007D1A088001285F8A0022846FFF74FF93E
:10E6000003E021462846FFF708F970BD10B504461F
:10E610002046FFF7A8FE10BD70B504460D46002643
:10E62000287800F0600088B1202802D0402842D12C
:10E6300000E000BF04F52E70D4F8D41250F8210089
:10E640002946826820469047064639E068780A28BD
:10E650002AD2DFE800F01A24291F290A0529150FFC
:10E6600029462046FFF7DBF923E029462046FFF73D
:10E67000F1FE1EE029462046FFF72AFF064618E075
:10E6800029462046FFF7A0F913E029462046FFF768
:10E6900001FB0EE029462046FFF79CFF09E02946D2
:10E6A0002046FFF77DF804E029462046FFF7B5F83D
:10E6B00000BF00BF04E029462046FFF7AEF800BFC8
:10E6C00000BF304670BD2DE9F04705460F464FF0BC
:10E6D00000093C79387800F06000F8B1202802D0B9
:10E6E00040287DD100E000BF21462846FFF777F89B
:10E6F0000646FF2E11D086B9C5F8D46205F52E70F6
:10E7000050F82600806840B105F52E7050F82600BC
:10E710003946826828469047814612E17878002879
:10E720007AD001282FD003286ED195F89C020228B8
:10E7300002D0032820D110E054B1802C08D021460B
:10E740002846FFF7FDFD80212846FFF7F9FD03E08D
:10E7500039462846FFF761F813E0788840B93CB1A4
:10E76000802C05D0F88818B921462846FFF7E8FD27
:10E770002846FFF794F804E039462846FFF74DF89D
:10E7800000BF00BFD6E095F89C02022802D0032803
:10E790003BD110E054B1802C08D021462846FFF729
:10E7A000CFFD80212846FFF7CBFD03E03946284600
:10E7B000FFF733F82EE0788820BB04F07F0018B113
:10E7C00021462846FFF7FAFA2846FFF768F821465F
:10E7D0002846FFF704F80646FF2E13D096B900E04E
:10E7E000AAE0C5F8D46205F52E7050F826008068BE
:10E7F00040B105F52E7050F826003946826828464B
:10E800009047814606E007E08FE039462846FFF74B
:10E8100004F800BF00BF8DE095F89C02022802D0EA
:10E8200003287BD127E034B1802C04D03946284618
:10E83000FEF7F3FF77E004F08000802808D104F0B1
:10E840007F0000EB800105F1140000EB810007E080
:10E8500004F07F0000EB800105F5AA7000EB810059
:10E860008046002088F80E00022208F10E0128469A
:10E87000FFF703F857E004F0800080280ED104F081
:10E880000F0000EB800105F1140000EB8100C07B5C
:10E8900098B939462846FEF7C0FF44E004F00F005F
:10E8A00000EB800105F5AA7000EB8100C07B20B968
:10E8B00039462846FEF7B1FF35E004F08000802895
:10E8C00008D104F07F0000EB800105F1140000EB9B
:10E8D000810007E004F07F0000EB800105F5AA70DD
:10E8E00000EB810080460CB1802C03D1002088F819
:10E8F0000E000CE021462846FFF7E6FB20B1012080
:10E9000088F80E0003E009E0002088F80E000222DB
:10E9100008F10E012846FEF7B0FF04E0394628460C
:10E92000FEF77BFF00BF00BF04E039462846FEF734
:10E9300074FF00BF00BF04E039462846FEF76DFFB4
:10E9400000BF00BF4846BDE8F0872DE9F04105460D
:10E950000E460027307800F0600030B1202802D049
:10E96000402840D100E000BF00BF95F89C0201287C
:10E9700004D0022803D003282ED101E000BF00BF3D
:10E980003079012823D831792846FEF72BFF044639
:10E99000FF2C14D09CB905F52E7050F82400806827
:10E9A00058B1C5F8D44205F52E7050F82400314610
:10E9B000826828469047074602E0032700E00327C5
:10E9C000F08840B93FB92846FEF769FF03E03146B9
:10E9D0002846FEF722FF04E031462846FEF71DFFD9
:10E9E00000BF00BF04E031462846FEF716FF00BF17
:10E9F00000BF3846BDE8F08170470000014601487D
:10EA0000704700001C2B002070B504460B462246C0
:10EA10001978587801282CD140F61C0080581D78B0
:10EA200005F00F060125B540ADB2284340F61C05A0
:10EA3000A85002F5106000EB4110006800F400409F
:10EA4000F0BB1889C0F30A001D7940EA854040EA0E
:10EA5000815040F0805040F4004002F5106505EB15
:10EA600041152D68284302F5106505EB4115286016
:10EA70002DE040F61C0080581D7805F00F0601259A
:10EA8000B540144E06EA0545284340F61C05A8503B
:10EA900002F5306000EB4110006800F4004078B9E6
:10EAA0001889C0F30A001D7940EA854040F0805083
:10EAB00040F4004002F5306505EB41152D6800E09B
:10EAC00005E0284302F5306505EB4115286000207C
:10EAD00070BD00000000FFFF01460A464FF41060C1
:10EAE0008058C30ADB024FF41060835040F60400E4
:10EAF000805840F4807340F6040083500020704733
:10EB00000FB470B504469DF81900012818D1A06B08
:10EB100020F48030A063E0681B490840E060E068B2
:10EB200020F44010E0609DF82000012803D1E06847
:10EB300040F48010E060204600F028F8054613E01D
:10EB4000E06840F04000E060204600F01FF8054615
:10EB50009DF81D0020B9A06B40F48030A06303E055
:10EB6000A06B20F48030A0639DF81600012807D127
:10EB7000A06840F00600A060A06840F02000A060FF
:10EB8000284670BC5DF814FBBFFFBDFF08B5014609
:10EB90000020009000BF0098401C00900098B0F149
:10EBA000706F01D9032008BD086900F000400028FB
:10EBB000F1D00A20009002E00098401E00900098DA
:10EBC0000028F9D1086940F00100086100BF0098F1
:10EBD000401C00900098B0F1706F01D90320E2E76B
:10EBE000086900F001000028F1D100BFDBE7000058
:10EBF00070B504460B46224619785878012848D14A
:10EC000002F5106000EB4110006800F00040B0F128
:10EC1000004F17D102F5106000EB4110006840F082
:10EC2000006502F5106000EB4110056002F5106010
:10EC300000EB4110006840F0804502F5106000EBE9
:10EC40004110056040F63C0080581D7805F00F0625
:10EC50000125B540ADB2A84340F63C05A85040F6AA
:10EC60001C0080581D7805F00F060125B540ADB297
:10EC7000A84340F61C05A85002F5106000EB4110B7
:10EC800000682B4D284002F5106505EB4115286002
:10EC90004BE002F5306000EB4110006800F00040EE
:10ECA000B0F1004F17D102F5306000EB4110006861
:10ECB00040F0006502F5306000EB4110056002F5A0
:10ECC000306000EB4110006840F0804502F5306094
:10ECD00000EB4110056040F63C0080581D7805F0BF
:10ECE0000F060125B540134E06EA0545A84340F638
:10ECF0003C05A85040F61C008558187800F00F0617
:10ED00000120B0400B4E06EA0040854340F61C004F
:10ED1000855002F5306000EB41100068064D284038
:10ED200002F5306505EB41152860002070BD00003C
:10ED3000007833EC0000FFFF0078F3EF01460A464D
:10ED4000D2F8000E20F00300C2F8000E40F60400D6
:10ED5000805820F0020340F60400835000207047E2
:10ED600001460A46D2F8000E20F00300C2F8000E59
:10ED700040F60400805840F0020340F6040083503F
:10ED8000002070470FB4F0B5054600272E4600243A
:10ED900005E0002105F5827040F82410641C0F2C5A
:10EDA000F7D39DF82200A0B940F60400805940F046
:10EDB000020140F604008151A86B40F40010A863E2
:10EDC000A86B20F40020A863A86B20F48020A8631F
:10EDD00007E0A86B20F40010A863A86B40F40020A3
:10EDE000A8630020C6F8000E9DF81D0001280CD174
:10EDF0009DF81B0020B90021284600F00AFD08E01C
:10EE00000121284600F005FD03E00321284600F01B
:10EE100000FD1021284600F002FC00B10127284621
:10EE200000F0D5FB00B1012700214FF401608151B2
:10EE3000001D815140F61C00815100242EE006F592
:10EE4000106000EB4410006800F00040B0F1004F8B
:10EE500010D13CB94FF0006106F5106000EB441092
:10EE600001600DE04FF0904106F5106000EB44109A
:10EE7000016005E0002106F5106000EB4410016020
:10EE8000002106F5106000EB441001614FF67F3160
:10EE900006F5106000EB44108160641C9DF81800BA
:10EEA000A042CCD800242EE006F5306000EB4410E0
:10EEB000006800F00040B0F1004F10D13CB94FF0B5
:10EEC000006106F5306000EB441001600DE04FF08A
:10EED000904106F5306000EB4410016005E0002130
:10EEE00006F5306000EB44100160002106F530604B
:10EEF00000EB441001614FF67F3106F5306000EB06
:10EF000044108160641C9DF81800A042CCD84FF4D6
:10EF10000160805920F480714FF40160815100201C
:10EF2000A8616FF0804068619DF81A0018B9A8695F
:10EF300040F01000A861A8690A490843A8619DF83B
:10EF40001E0018B1A86940F00800A8619DF82200D1
:10EF5000012803D1A86904490843A8613846F0BCD8
:10EF60005DF814FB00383C800400004001468868CE
:10EF700020F00100886000207047000070B5034653
:10EF80000C4619461D6C1848854209D94FF430606B
:10EF9000405800F00040B0F1004F01D1002070BD9A
:10EFA0000026C1F8106BD1F8100B40F40026C1F810
:10EFB000106BD1F8100B40F01806C1F8106BD1F8A7
:10EFC000100B40F0C046C1F8106B012C09D1C1F8FC
:10EFD000142B4FF43060405840F080264FF43060DE
:10EFE00046500020DBE700000A30544F30B504469D
:10EFF0000B4622461978587801281ED102F5106078
:10F0000000EB4110006820F4001502F5106000EBE1
:10F01000411005601879032802D0187902282AD1F6
:10F0200002F5106000EB4110006840F0805502F5D9
:10F03000106000EB411005601DE002F5306000EB50
:10F040004110006820F4001502F5306000EB41101B
:10F0500005601879032802D0187902280BD102F52F
:10F06000306000EB4110006840F0805502F53060E0
:10F0700000EB41100560002030BD30B504460B4662
:10F08000224619785878012821D102F5106000EB4A
:10F090004110006800F0004060B959B102F51060FD
:10F0A00000EB4110006820F0804502F5106000EB95
:10F0B0004110056002F5106000EB4110006840F45B
:10F0C000001502F5106000EB4110056020E002F52C
:10F0D000306000EB4110006800F0004060B959B1A9
:10F0E00002F5306000EB4110006820F0804502F529
:10F0F000306000EB4110056002F5306000EB41101C
:10F10000006840F4001502F5306000EB4110056026
:10F11000002030BD2DE9F84381460E4690464D460D
:10F120003478707801287DD1306920BB05F51060F6
:10F1300000EB44100069E649084005F5106101EB59
:10F140004411086105F5106000EB4410006940F4BB
:10F15000002105F5106000EB4410016105F5106019
:10F1600000EB44100069C10CC90405F5106000EB08
:10F17000441001616FE005F5106000EB4410006978
:10F18000C10CC90405F5106000EB4410016105F5E0
:10F19000106000EB44100069CD49084005F510618E
:10F1A00001EB4411086194B9B1683069884201D912
:10F1B000B068306105F5106000EB4410006940F460
:10F1C000002105F5106000EB4410016135E0B168E5
:10F1D00030690844401EB0FBF1F087B205F51060BD
:10F1E00000EB44100069BA49C94301EAC74108432A
:10F1F00005F5106101EB44110861307901281CD13B
:10F2000005F5106000EB4410006920F0C04105F5E1
:10F21000106000EB4410016105F5106000EB441034
:10F22000006900E099E04FF0C04101EA47710843EE
:10F2300005F5106101EB4411086105F5106000EB64
:10F24000441000693169C1F31201084305F51061EA
:10F2500001EB44110861B8F1010F36D1F06928B112
:10F2600005F5106000EB4410F16941613079012827
:10F270001ED140F60800405900F4807060B905F5D1
:10F28000106000EB4410006840F0005105F510607C
:10F2900000EB441001600BE005F5106000EB44103A
:10F2A000006840F0805105F5106000EB44100160EB
:10F2B00005F5106000EB4410006840F0044105F5CE
:10F2C000106000EB44100160FEE005F5106000EBFB
:10F2D0004410006840F0044105F5106000EB441054
:10F2E0000160307901280FD030690028ECD040F659
:10F2F00034004059317801F00F0201219140084358
:10F3000040F634014851DFE040F60800405900F46F
:10F31000807060B905F5106000EB4410006840F0A3
:10F32000005105F5106000EB441001600BE005F59D
:10F33000106000EB4410006840F0805105F510604B
:10F3400000EB44100160CDF80080308A83B232783F
:10F350004846F16800F0DAFAB6E005F5306000EBF7
:10F3600044100069C10CC90405F5306000EB44107D
:10F37000016105F5306000EB441000695449084014
:10F3800005F5306101EB4411086104BB306908B137
:10F39000B0683061B068306205F5306000EB441051
:10F3A0000069316AC1F31201084305F5306101EBD0
:10F3B0004411086105F5306000EB4410006940F429
:10F3C000002105F5306000EB4410016143E0306935
:10F3D000D0B905F5306000EB44100069B168C1F3A5
:10F3E0001201084305F5306101EB4411086105F590
:10F3F000306000EB4410006940F4002105F53060F6
:10F4000000EB4410016126E0B16830690844401EF9
:10F41000B0FBF1F087B2B0687843306205F5306038
:10F4200000EB441000692A49C94301EAC741084377
:10F4300005F5306101EB4411086105F5306000EB22
:10F4400044100069316AC1F31201084305F53061C7
:10F4500001EB44110861B8F1010F07D1F06828B140
:10F4600005F5306000EB4410F16841613079012806
:10F470001ED140F60800405900F4807060B905F5CF
:10F48000306000EB4410006840F0005105F530603A
:10F4900000EB441001600BE005F5306000EB441018
:10F4A000006840F0805105F5306000EB44100160C9
:10F4B00005F5306000EB4410006840F0044105F5AC
:10F4C000306000EB441001600020BDE8F8830000CC
:10F4D000FFFF07E078B503460024009400201A4699
:10F4E0004C78012C35D10C7802F5106505EB4414ED
:10F4F000246804F00044B4F1004F60D10C7805EBAF
:10F500004414246844F000660C7805EB441426602B
:10F510000C7805EB4414246844F080460C7805EB25
:10F520004414266000BF009C641C009442F21075D5
:10F53000009CAC4201D901200AE00C7802F510656C
:10F5400005EB4414246804F00044B4F1004FEAD001
:10F5500035E00C7802F5306505EB4414246804F0BE
:10F560000044B4F1004F2AD10C7805EB4414246810
:10F5700044F000660C7805EB441426600C7805EB2B
:10F580004414246844F080460C7805EB441426604B
:10F5900000BF009C641C009442F21075009CAC42B9
:10F5A00001D901200AE00C7802F5306505EB44141E
:10F5B000246804F00044B4F1004FEAD000BF78BDE5
:10F5C0000146886840F0010088600020704708B557
:10F5D00001460020009000BF0098401C0090009859
:10F5E000B0F1706F01D9032008BD086900F0004038
:10F5F0000028F1D0002000901020086100BF009882
:10F60000401C00900098B0F1706F01D90320EBE727
:10F61000086900F010001028F1D00020E4E708B5D8
:10F6200002460020009000BF0098401C0090009807
:10F63000B0F1706F01D9032008BD106900F00040DF
:10F640000028F1D000200090202040EA81101061B5
:10F6500000BF0098401C00900098B0F1706F01D975
:10F660000320E9E7106900F020002028F1D00020F5
:10F67000E2E710B501460B4640F60804E45804F0F2
:10F6800006020AB9002006E0022A01D0062A01D1AA
:10F69000022000E00F2010BD0146486900F0010083
:10F6A000704701460B4640F61800C258001DC0586E
:10F6B000024090B2704701460B4640F61800C2580F
:10F6C000001DC0580240100C704770B5024613462A
:10F6D0004FF40166F45840F63406F55801F00F0671
:10F6E00025FA06F606F0010644EAC61403F510668C
:10F6F00006EB4116B66806EA040070BD10B5024676
:10F70000134603F5306404EB4114A06840F614047A
:10F71000E458204010BD014648698A69104070478E
:10F720002DE9F04104460D46274628464FEA920C43
:10F7300002F0030300210AE04FF4805858F80780D4
:10F74000C0F80080401C401C401C401C491C614506
:10F75000F2D39BB100214FF4805858F8076000BFE6
:10F760004FEAC10826FA08F880F80080491C401CBE
:10F77000A3F101081FFA88F3002BF1D1BDE8F08155
:10F7800070B504460E460025E06820F0C040E060F9
:10F79000012E10D1E06840F00050E06000BF0A2068
:10F7A000F5F7DCF80A352046FFF776FF012815D07B
:10F7B000C82DF4D312E07EB9E06840F08040E060EC
:10F7C00000BF0A20F5F7CAF80A352046FFF764FFA4
:10F7D00020B1C82DF5D301E0012070BDC82D01D1A5
:10F7E0000120FAE70020F8E710B502460B46114663
:10F7F000D1F8000820F4FE60C1F80008D1F8000834
:10F800004FF4FE6404EA03142043C1F8000800200A
:10F8100010BD02461346D3F800080843C3F8000899
:10F820000020704730B503461446022C49D12D48BC
:10F83000814204D32C48814201D20F2245E02A485C
:10F84000814204D32948814201D20E223DE027485B
:10F85000814204D32648814201D20D2235E024485A
:10F86000814204D32348814201D20C222DE0214859
:10F87000814204D32048814201D20B2225E01E4858
:10F88000814204D31D48814201D20A221DE01B4857
:10F89000814204D31A48814201D2092215E0184856
:10F8A000814204D31748814201D208220DE0154855
:10F8B000814204D31448814201D2072205E0062286
:10F8C00003E00CB9092200E00922D86820F4705046
:10F8D000D860D8684FF4705505EA82252843D8606F
:10F8E000002030BDC0ACD800C0E1E4000024F4002A
:10F8F00080730601A0491A01002D310140A44C017A
:10F9000000366E0120ABA6010048E8012DE9F04366
:10F9100004460D461E46DDF81CC0A0462946BCF133
:10F92000000F12D1F01C870800230CE0D1F80090E2
:10F9300008F5805000EB0230C0F80090491C491CCB
:10F94000491C491C5B1CBB42F0D30020BDE8F0837E
:10F9500000BFFEE72DE9F04103460C460AB1202A1C
:10F9600002DD0020BDE8F0810021002017E025180D
:10F97000C5F3CF0605F0070713F806C04FF00108DE
:10F9800008FA07F80CEA080CBCF1000F05D04FF09C
:10F99000010C0CFA00FC4CEA0101451CE8B2904253
:10F9A000E5DB0846DEE7F0B503460C464FF6FF7090
:10F9B00048F20847002119E05D5C002212E045FA98
:10F9C00002FC0CF0010600F0010C8CEA060CBCF104
:10F9D000000F04D048F2084C8CEA600000E04010B0
:10F9E000561CF2B2082AEADB4A1C91B2A142E3DBC0
:10F9F000F0BD000010B54D484088A0F58060322869
:10FA000006DC4A484088A0F5806010F1320F13DA16
:10FA100046484088A0F5806000EE100AB8EEC00AA3
:10FA2000F7EE000A20EE200ADFED410A80EE201AF0
:10FA3000404880ED001A04E09FED3F0A3D4880ED0C
:10FA4000000A3E484079012805D19FED3B0A39481C
:10FA500080ED010A25E035480088A0F58060322855
:10FA600006DC32480088A0F5806010F1320F13DA0E
:10FA70002E480088A0F5806000EE100AB8EEC00A9B
:10FA8000F7EE000A20EE200ADFED290A80EE201AA8
:10FA9000284880ED011A04E09FED270A254880EDF3
:10FAA000010A2648407A012814D1022003F00AFCFA
:10FAB0001E48C088A0F5806000EE100AB8EEC00AAB
:10FAC000B1EE400ADFED1A0A80EE201A194880EDE7
:10FAD000021A2AE01548B0F80D0040F2CE318842F3
:10FAE00006DB1248B0F80D0040F23241884214DDC6
:10FAF000032003F0E7FB0D48B0F80D00B0F5806F70
:10FB000005DDBEEE000A0B4880ED020A0DE0B6EE00
:10FB1000000A084880ED020A07E0022003F0D2FB49
:10FB20009FED050A034880ED020A10BD58B8002079
:10FB300000002544C0C4002000000000A4BF002035
:10FB400010B51B48007818BB1A48007B012817D154
:10FB500003F0B4FC1748008840F26A31884205DBA4
:10FB60001448008840F29641884204DD0120104983
:10FB700081F828001AE000200D4981F8280015E0DE
:10FB8000002003F09BFC0020094981F828000DE0CB
:10FB900007480078012809D10648C07F012802D112
:10FBA00003F08CFC02E0002003F088FC10BD000094
:10FBB000A4BF002058B800202DE9F04106460C46AD
:10FBC000082200213046FFF7C5FEC7B208221146C1
:10FBD0003046FFF7BFFE00F0FF08A92F04D1B8F1AF
:10FBE000530F01D1012000E000206077607F28B929
:10FBF00024212046F0F7AEFCBDE8F0811321304609
:10FC0000FFF7D1FE0546102298213046FFF7A2FEED
:10FC10006083608BA84201D1012000E000202077A2
:10FC2000207F00B9E8E70B2210213046FFF792FE53
:10FC300020800B221B213046FFF78CFE60800B22B8
:10FC400026213046FFF786FEA0800B223121304668
:10FC5000FFF780FEE08002223C213046FFF77AFE6B
:10FC6000207201223E213046FFF774FE012800D1A8
:10FC700000E00020607201223F213046FFF76AFE5B
:10FC8000012800D100E00020A0720122402130466E
:10FC9000FFF760FE012800D100E00020E0720B2297
:10FCA00041213046FFF756FEA4F80D0001224C21F9
:10FCB0003046FFF74FFE012800D100E000202073FE
:10FCC00010225021304600F001F900B2A4F80F00D4
:10FCD00010226021304600F0F9F800B2A4F81100BB
:10FCE00010227021304600F0F1F800B2A4F81300A1
:10FCF000022280213046FFF72DFE012800D100E0CE
:10FD000000206075022282213046FFF723FE012881
:10FD100000D100E00020A075022284213046FFF7C8
:10FD200019FE012800D100E00020E0751022882192
:10FD30003046FFF70FFE20839FED030A0348FAF7D2
:10FD40009BFB00BF58E70000CDCC4C3D7CB40020AD
:10FD50001848C088A0F58060B42148434FF425714D
:10FD600090FBF1F000EE900AF8EEE00A20EE801A27
:10FD70001148D0EDFD0ADFED111A41EE610AC0ED28
:10FD8000FD0A0C488088A0F5806000EB800000012F
:10FD900090FBF1F000EE900AF8EEE00A20EE801AF7
:10FDA0000548D0ED8E0ADFED051A41EE210AC0EDBF
:10FDB0008E0A704758B8002018B900206666663F62
:10FDC00000B500200449887700210348C17780F8F6
:10FDD000201000F093F800BD58B8002010B50F486F
:10FDE000C07A01280AD10E48407838B90C4800780A
:10FDF00008B9012000E00020094908700748C07ACE
:10FE0000074948700846007818B1012003F040FB0C
:10FE100002E0022003F03CFB10BD000058B80020B7
:10FE2000B405002038B5002523480068006800F0BC
:10FE30001000102831D1214800682048001D0068BA
:10FE40001F480068006800F4002048B91D4D1C4898
:10FE50000068006840F4002019490968086009E05A
:10FE6000184D153516480068006820F40020144924
:10FE70000968086000240DE0285DA92808D1601CED
:10FE8000285C532804D128190F49FFF795FE03E099
:10FE9000601CC4B2142CEFDB00BF00BF0020009038
:10FEA00005480068006800900348006840680090BA
:10FEB00000BF00BF38BD0000AC0F0020001401409F
:10FEC000B41000207CB8002058B80020F0B50646D9
:10FED0000F461446224639463046FFF73BFD05469D
:10FEE000202C08DA601E012101FA00F0284010B130
:10FEF000881EA04005432846F0BD000000200249AE
:10FF00000870487070470000B405002010B52DED52
:10FF1000028BB0EE408A2948007A20B1012808D02F
:10FF2000022840D10BE0002003F086FAFFF748FFDB
:10FF30003FE0012002F0CBF8FFF742FF39E01F4815
:10FF400090F82000012805D1002003F075FAFFF792
:10FF500037FF27E01948807F01280DD1032003F0E7
:10FF60006BFAFFF7EDFDFFF739FFB0EE480AFFF738
:10FF7000EFFEFFF73FFD15E0FFF7E2FD022003F083
:10FF80005BFAB0EE480AFFF7E3FE9FED0D0A0D485D
:10FF900080ED000A9FED0A0A80ED010A9FED080A34
:10FFA00080ED020A05E0002003F046FAFFF708FFA3
:10FFB00000BF00BFBDEC028B10BD000058B8002090
:10FFC00000000000C0C4002070B505460C460026A5
:10FFD0000DB1022C01D8002070BDA11E0948028875
:10FFE0002846F2F7E5FF0646F1B2A01E285C8142E2
:10FFF00006D1601E285CB0EB162F01D10120EBE783
:020000040801F1
:100000000020E9E7A0010020817A012904D190F8BD
:10001000221009B901218177817A01290DD12C495A
:100020000988491C2A4A118011460988B1F5FA7FCE
:1000300006DB00218177118002E00021244A118033
:10004000817A80F82210C17A012904D190F8231016
:1000500009B90122C277C17A01290FD11D49098846
:10006000491C1C4A118011460988B1F5FA7F08DB4A
:100070000022C2770021174A118002E00021154AB0
:100080001180C17A80F82310417A012905D190F8B6
:10009000211011B9012220210A54417A012910D1DD
:1000A0000D490988491C0C4A118011460988B1F58F
:1000B000FA7F09DB002220210A540021064A118020
:1000C00002E00021044A1180417A80F82110704733
:1000D000300500203205002034050020B0EE401A23
:1000E000C0ED010A80ED031A90ED030AD0ED021A6B
:1000F00030EE610A80ED040A90ED030A80ED020AF9
:1001000090ED040AD0ED011A9FED1F2A61EE821ACC
:10011000B4EEE10AF1EE10FA0FDD90ED040AD0ED35
:10012000011A30EE610A80ED040A90ED000AF7EE44
:10013000001A30EE210A80ED000A90ED040AD0ED9D
:10014000011A9FED122A61EE821AB4EEE10AF1EE75
:1001500010FA0FD290ED040AD0ED011A30EE210A08
:1001600080ED040A90ED000AF7EE001A30EE610A05
:1001700080ED000A90ED030AD0ED001A90ED012AFF
:1001800001EEC20A704700003333333F333333BFCD
:1001900003B401984100009850EAC12018BF042020
:1001A0004A0D18BF40F0010040F2FF72B2EB515F00
:1001B00008BF40F00200012808BF052002B07047C8
:1001C0004100080218BF04200A0E18BF40F00100C9
:1001D0004FF07F4232EA010108BF40F002000128DF
:1001E00008BF05207047000002480068C0F30220E5
:1001F000704700000CED00E010B5002804DB0A0792
:10020000130E054A135406E00A07140E034A00F0C1
:100210000F031B1FD45410BD00E400E018ED00E0F4
:1002200010B510EE104A4FF01A402DED028B00EB86
:100230004400B0F1C85F4AD84FF0FC40B0EB440F27
:1002400022D2B0EEC00AF7EE000A30EEC00AF6EE97
:10025000000A20EE208A18EE100A03F023FA00EEBE
:10026000100A14F0004F1DBF9FED281ADFED280A79
:10027000B1EE400A9FED271A08BFF0EE410AF8EEF2
:10028000001A20EE210A05E020EE008A9FED221AD6
:10029000DFED220ADFED221A9FED222A70EEC00A5E
:1002A00020EE080A08EE212ADFED1F1A48EE021A96
:1002B0009FED1E2A08EE212ADFED1D1A48EE021AD4
:1002C000BDEC028B40EE610A30EE810A10BD4FF0AA
:1002D000CC40B0EB440F82BF9FED160ABDEC028B01
:1002E00010BD4FF07F40B0EB440F05D2BDEC028B48
:1002F000BDE8104001F054B80120F0F77CF9BDECE6
:10030000028BBDE8104001F051B8000000004940E8
:1003100022AA7D3A000000000000C93F22AAFD3950
:1003200024FE1C3DC78AD83C1E67383D1B93993D6F
:10033000AFAA2A3EDB0FC93F10B54FF00E402DED9E
:10034000028BB0EE408A18EE104A00EB4400B0F188
:10035000506F4AD84FF0FC40B0EB440F22D2B0EEC1
:10036000C80AF7EE000A30EEC00AF6EE000A60EEA8
:10037000208A18EE900A03F095F901EE100A14F0A5
:10038000004F1DBFDFED2D0A9FED2D0AB1EE411A82
:10039000DFED2C0A08BF9FED2C0AF8EE001A21EEC3
:1003A000218A05E0DFED290A68EE088AB0EE600ACE
:1003B0009FED271ADFED271A30EE080A48EE811A62
:1003C0009FED251A08EEA11ADFED241A48EE811AD6
:1003D0009FED231A08EEA11A68EE281ABDEC028BD5
:1003E00001EE810A30EE200A10BD4FF0E440B0EB80
:1003F000440F0CD918EE100AFFF7E2FE042808BFDC
:1004000000F0DCFFB0EE480ABDEC028B10BD4FF0EF
:100410007F40B0EB440F07D2B0EE480ABDEC028B30
:10042000BDE8104000F0BCBF0120F0F7E4F8BDECDF
:10043000028BBDE8104000F0B9BF00000000C9BF4A
:1004400022AAFDB90000C93F22AAFD390000000020
:1004500024FE1C3DC78AD83C1E67383D1B93993D3E
:10046000AFAA2A3E0000000070B59B482DED020B9C
:100470002DED068B079D25F00044A04218DC97481F
:10048000844202DC0AD1069840B19DED060BBDEC1A
:10049000068B02B0BDE8704000F056BF002DCCBF07
:1004A0009FED8F0B9FED900BBDEC068B02B070BDE6
:1004B0008F48A04215DD8F48A042D8BF4FF0FF34CF
:1004C00058DD9DED060B51EC100BFFF761FE042883
:1004D00008BF00F055FF9DED060BBDEC068B02B08A
:1004E00070BD9DED060B51EC100B01F067FDCDE9E1
:1004F000060181489FED828BA0423CDD8248A042EC
:100500001FDD00249FED82AB9DED060B53EC1A2BF3
:1005100051EC100B04F0C4FB9DED060B41EC190BE4
:1005200053EC1A2B51EC100B04F05CFE53EC182B1F
:1005300004F098FF53EC192B04F066FCCDE906019A
:1005400049E09DED060B012453EC182B51EC100BE8
:1005500004F0A6FB9DED060B41EC190B53EC182B98
:1005600051EC100B04F07EFF53EC192B04F04CFC03
:10057000CDE906012FE06848A0421FDD02249FED6F
:10058000689B9DED060B53EC192B51EC100B04F0FE
:1005900029FE53EC182B04F083FB9DED060B41EC78
:1005A000180B53EC192B51EC100B04F05BFF53ECC0
:1005B000182B04F029FCCDE906010CE09DED060B9B
:1005C000032453EC102B9FED580B51EC100B04F04F
:1005D0001BFCCDE906019DED060B53EC102B51ECF5
:1005E000100B04F0FFFD41EC180B53EC182B04F03A
:1005F000F9FD41EC190B4E480621B0EE490AF0EE28
:10060000690A784400F08CFD53EC182B51EC100B68
:1006100004F0E8FD41EC180B4648B0EE490AF0EE54
:10062000690A0521784400F07BFD53EC192B51EC4D
:10063000100B04F0D7FD41EC100B51EC180B53ECF0
:10064000102B002C0EDA04F02BFB9DED061B53EC57
:10065000112B04F0C7FD9DED061B53EC112B04F08C
:10066000F5FE35E004F01CFB9DED061B53EC112B51
:1006700004F0B8FD41EC100B2F48784400EBC400A7
:1006800090ED001B51EC100B53EC112B04F0EAFE23
:100690009DED061B53EC112B04F0E4FE41EC100B16
:1006A0002648784400EBC40090ED001B51EC100B81
:1006B00053EC112B04F0CAFE41EC100B002DA2BF2D
:1006C000BDEC068B02B070BD51EC100B04F0AAFA21
:1006D00041EC100B01E70000000010440000F07F27
:1006E000182D4454FB21F93F182D4454FB21F9BF28
:1006F0000000DC3F0000203E0000F33F000000004F
:10070000000000000000F03F0000E63F0000000095
:1007100000000000000000400080034000000000D6
:10072000000000000000F83F000000000000F0BFE3
:100730008A58000040580000CA5700008257000045
:1007400010EE100A10B510EE901A4FF0684202EB4E
:1007500040032DED028BB3F1654F3CBF02EB41022C
:10076000B2F1654F7CD200BFC0F3C753C1F3C7528B
:100770009A1A1B2A09DD10F0004F14BF9FED6E0A74
:100780009FED6E0ABDEC028B10BD12F11A0F1BDA41
:1007900011F0004F09D010F0004F0CBF9FED680A18
:1007A0009FED680ABDEC028B10BD80EE208A18EE2A
:1007B000100AFFF705FD042808BF00F0FFFDB0EEAA
:1007C000480ABDEC028B10BD4200B2EB410F37D995
:1007D00010F0004F19BFDFED5C1A9FED5C1ADFEDE2
:1007E0005C1A9FED5C1AB0EE602A0A46F1EE400AF0
:1007F00080F00041B0EE420A10460A1A5200B2F1EF
:10080000807F34D2484010F0004FDFED532A9FED37
:10081000533A1DBFBEEE002A71EEE21A31EE431AC2
:10082000B6EE002A04BF71EEA21A31EE031AF0EE02
:10083000402A42EE602A40EE020A82EEA02A18E028
:1008400011F0004F04BF9FED461AF0EE411AD4D0CC
:1008500010F0004F1CBFDFED431A9FED431A00E07C
:1008600026E004BFDFED411A9FED411AC5E780EE97
:10087000202A22EE020ADFED3F0ADFED3F2ABDEC1F
:10088000028B40EE202ADFED3D0A40EE220ADFED2A
:100890003C2A40EE202ADFED3B0A40EE220A22EEFF
:1008A000000A00EE201A31EE020A30EE210A10BDD5
:1008B0004FF07F42B2EB400F28BFB2EB410F05D2A1
:1008C000BDEC028BBDE8104000F06DBD40EA0103B5
:1008D0005B0008BF41F0FF410BD0B2EB400F08BFF7
:1008E000B2EB410F08D120F0804000EE100A21F059
:1008F000804100EE901A37E7B2EB400F12BF5FEA7B
:10090000410240F0FF4001F000413FF42DAF4A00AA
:1009100092EA40033FF528AF002AACBF9FED1A1AB8
:100920009FED1A1A20EE010A60EE810A10EE100AFD
:1009300010EE901A18E70000DB0FC9BFDB0FC93FAC
:10094000DB0F4940DB0F49C00000C9BF22AAFDB937
:100950000000C93F22AAFD390060ED3EC30ACE3730
:1009600000000000000049C022AA7DBA00004940F2
:1009700022AA7D3A2DAD65BD8FB8D53D0FB511BE0C
:1009800061C84C3EA8AAAABE0000804F0000802F7C
:1009900010B52F499FED2C1B2DED020B84B005984F
:1009A00020F000408842D8BF9DED040B2DDD294981
:1009B000884209D1049840B94FF00100EFF71BFEBF
:1009C00000F0CEFC06B010BD05DB9DED040B00F081
:1009D000BBFC06B010BD68469DED040B00F0CCF8E2
:1009E00010F0030004BF9DED021B9DED000B0CD029
:1009F00001280ED09DED021B9DED000B022817D0A3
:100A0000012000F009FC06B010BD00F0D1FA06B0DC
:100A100010BD9DED021B9DED000B012000F0FCFBC5
:100A200051EC100B04F0FEF806B041EC100B10BDB9
:100A300000F0BEFA51EC100B04F0F4F806B041ECF3
:100A4000100B10BD000000000000000000000000BE
:100A5000FB21E93F0000F07F2DED020B019820F013
:100A6000004001909DED000B02B0704700000000B7
:100A700010B52F499FED2C1B2DED020B84B005986E
:100A800020F000408842DCBF00209DED040B32DDE9
:100A90002849884209D1049840B94FF00100EFF786
:100AA000AAFD00F05DFC06B010BD05DB9DED040B5A
:100AB00000F04AFC06B010BD68469DED040B00F046
:100AC0005BF810F0030011D0012818D09DED021B37
:100AD0009DED000B02281AD000F06AFA51EC100BC1
:100AE00004F0A0F806B041EC100B10BD9DED021B08
:100AF0009DED000B012000F08FFB06B010BD9DEDB9
:100B0000021B9DED000B00F053FA06B010BD012052
:100B100000F082FB51EC100B04F084F806B041ECBD
:100B2000100B10BD000000000000000000000000DD
:100B3000FB21E93F0000F07F10B52DED028BB1EEF7
:100B4000C08A18EE100A20F00040C0F1FF40C00F2C
:100B50000AD010EE100A20F00040C0F1FF40C00F94
:100B600004BF0120EFF747FDB0EE480ABDEC028B51
:100B700010BD0000000000002DE9F14F04462DEDEE
:100B8000020B2DED088B8AB09FEDE70B80ED020B79
:100B9000139EE74826F0004585420ADC9DED120BC6
:100BA000002084ED000B0AB0BDEC088B03B0BDE85B
:100BB000F08FE0489FEDE0AB9FEDE1BBA84247DD41
:100BC000E14F9FEDE39B9FEDE48B9DED120B53EC0A
:100BD0001A2B51EC100B002E1CDD04F043FC41ECF1
:100BE000100BBD4208D053EC1B2B51EC100B04F042
:100BF00039FCC4E900010BE053EC192B51EC100B4C
:100C000004F030FC53EC182B04F02CFCC4E9000178
:100C10000120C8E704F044F841EC100BBD4208D0B5
:100C200053EC1B2B51EC100B04F03AF8C4E9000113
:100C30000BE053EC192B51EC100B04F031F853EC92
:100C4000182B04F02DF8C4E900014FF0FF30AAE79B
:100C5000C348A84279DB9DED120B51EC100B01F05B
:100C6000ADF941EC180B9FEDC00B53EC102B04F0C9
:100C7000B9FA9FEDBF1B53EC112B04F011F804F0EF
:100C80001BFA074604F047FA41EC190B53EC1A2BF8
:100C900004F0A8FA53EC182B04F0D8FB41EC180B25
:100CA00053EC1B2B51EC190B04F09CFADFF8C8A293
:100CB00041EC100B4FEA15580125FA4453EC102B68
:100CC00051EC180B04F0CEFB032DC4E900013DD01C
:100CD000C1F30A5005EB4511A8EB00001139814220
:100CE00034DA0AEB051BB0EE48AA9BED000BF0EEE0
:100CF00068AA53EC102B51EC190B04F073FA41EC79
:100D00001B0B51EC1A0B53EC1B2B04F0ABFB41EC0F
:100D1000180B51EC1A0B53EC182B04F0A3FB53ECFB
:100D20001B2B04F09FFB9BED020B41EC1A0B53ECC9
:100D3000102B51EC190B04F055FA53EC1A2B04F05C
:100D400091FB41EC100B6D1CB8E70EE0002EA8BF24
:100D50003846BFF628AF94ED000B51EC100B03F0B2
:100D600061FFC4E9000178421DE7C6F3130040F4B7
:100D7000801EC6F30A50A0F2F530471100F01F059F
:100D8000C5F12000DDF848B00890002006900790DB
:100D90000520EC467949002D07EB0002794408BF95
:100DA00051F8221009D051F8223001EB8201AB40FA
:100DB0004A68089922FA01F11943A1FB0E26A1FB0A
:100DC0000B131A449A4234BF0123002303EB060895
:100DD0000CEB8003D3E901A60E448E4234BF0121FF
:100DE000002192448A4411B1924502D903E0924510
:100DF00001D2012100E00021C3E901A641444CF8E1
:100E00002010011EA0F10100C4DC029800F1005086
:100E1000850F0298DDE903678000DDF8148004F097
:100E20007AF941EC1A0B304604F08CF99FED541B13
:100E300053EC112B04F0D6F941EC1B0B384604F0AF
:100E400081F99FED511B53EC112B04F0CBF941ECD0
:100E5000180B404604F076F99FED4D1B53EC112B17
:100E600004F0C0F941EC190B51EC180B53EC192BA1
:100E700003F016FF53EC1B2B03F012FF53EC1A2B5D
:100E800003F00EFFCDE90801002008909DED080B4E
:100E900053EC1A2B51EC100B04F0E4FA53EC1B2B1F
:100EA00004F0E0FA53EC182B04F0DCFA53EC192BA5
:100EB00004F0CCFA9FED381B53EC112B04F092F99F
:100EC0009FED370B41EC180B53EC102B9DED080BED
:100ED00051EC100B04F086F953EC182B03F0E0FEF4
:100EE0009FED310B41EC180B53EC102B9DED080BD3
:100EF00051EC100B04F076F953EC182B03F0D0FEF4
:100F000041EC100B139810F0004F06D06D4251ECDD
:100F1000100B03F087FE41EC100B284684ED000B0C
:100F200041E600000000000000000000000000009A
:100F3000FB21E93F7CD9024000004054FB21F93FEE
:100F40003163621A61B4D03DFB21F93F000000001B
:100F50000000601A61B4D03D7370032E8A19A33B60
:100F6000FB2139410000000083C8C96D305FE43FB8
:100F7000000000000000E03F3252000080510000FD
:100F8000000000000000103E000000000000103CC7
:100F9000000000000000103A182D4454FB21F93DD8
:100FA0003326A611460B113C00000054FB21F93DED
:100FB00010B52DED040B2DED088B82B0B0EE419AEB
:100FC000F0EE619A0B9820F000449FED4BABB4F12A
:100FD000795F11DA9DED0A0B51EC100B04F06CF8FF
:100FE000002801BFB0EE4A0AF0EE6A0A02B0BDEC7A
:100FF000088B04BF04B010BD9DED0A0B53EC102B01
:1010000051EC100B04F0EEF841EC180B3C480621B3
:10101000B0EE480AF0EE680A784400F081F853EC2C
:10102000182B51EC100B04F0DDF89DED0A0B41EC90
:101030001B0B53EC192B51EC100B04F0D3F841ECC3
:10104000190B53EC1B2B51EC180B04F0CBF853ECA1
:10105000192B04F007FA9FED2C0B41EC190B53EC04
:10106000102B51EC180B04F0BDF841EC100B284884
:10107000844210DA53EC192B51EC100B04F0F2F906
:1010800053EC1A2B04F0E2F941EC100B02B0BDEC6A
:10109000088B04B010BD1F48A042BCBF9FED1E1BB3
:1010A0008DED001B06DBA4F50010019000200090E0
:1010B0009DED001B51EC100B53EC112B04F0D2F9F9
:1010C0009DED000B41EC180B53EC102B51EC1A0B5F
:1010D00004F0C8F941EC1A0B53EC192B51EC180B26
:1010E00004F0C0F953EC1A2B04F0B0F941EC100BEA
:1010F000CCE7000000000000000000000000F03F0E
:10110000A44E000000000000000000000000E03FCE
:101110003333D33F0000E93F000000000000D23F1E
:1011200070B504462DED028B4D1E00EBC500B0EEF0
:10113000408AF0EE608A90ED000B35F0060017D083
:1011400053EC182B51EC100B04F04CF841EC100B45
:101150006D1E04EBC50090ED001B51EC100B53EC21
:10116000112B03F09DFD41EC100B35F00600E7D18B
:10117000022D36D0042D1CD0062D1CBFBDEC028BD9
:1011800070BD53EC182B51EC100B04F02BF894EDC0
:101190000A1B53EC112B03F083FD53EC182B04F0C6
:1011A00021F894ED081B53EC112B03F079FD41EC71
:1011B000100B53EC182B51EC100B04F013F894EDBA
:1011C000061B53EC112B03F06BFD53EC182B04F0B2
:1011D00009F894ED040B53EC102B03F061FD41EC86
:1011E000100B53EC182B51EC100B03F0FBFF94ED9C
:1011F000021B53EC112B03F053FD53EC182B03F09F
:10120000F1FF94ED001B53EC112B03F049FDBDECF5
:10121000028B41EC100B70BD31B504462DED040B73
:101220002DED0A8BB0EE41BAF0EE61BA0B989DED50
:101230000A0B20F00040B0F1795F0DDA51EC100B91
:10124000FEF7A6FF042808BF00F09AF89DED0A0BF0
:10125000BDEC0A8B05B030BD53EC102B51EC100BDC
:1012600003F0C0FF41EC180B9DED0A0B53EC182B5B
:1012700051EC100B03F0B6FF41EC190B2C48B0EE0B
:10128000480AF0EE680A05217844FFF749FF9FED10
:101290002ACBB0EE40AAF0EE60AA9CB353EC1C2B14
:1012A00051EC190B03F09EFF41EC1C0B53EC1A2B75
:1012B00051EC190B03F096FF9FED210B41EC190B3C
:1012C00053EC102B51EC1B0B03F08CFF53EC192B40
:1012D00004F0C8F853EC182B03F084FF53EC1B2BDD
:1012E00004F0C0F853EC1C2B04F0BCF89DED0A1B75
:1012F00053EC112B04F0AAF8BDEC0A8B05B041ECBD
:10130000100B30BDFFE753EC1A2B51EC180B03F018
:1013100069FF53EC1C2B03F0C3FC53EC192B03F0B7
:1013200061FF9DED0A1B53EC112B03F0B9FCE3E7C1
:101330002C4D000000000000495555555555C5BFBE
:10134000000000000000E03F10B553EC102B51EC02
:10135000100B03F0A5FC41EC100B10BD00000000C9
:101360009FED050B10B553EC102B51EC100B03F057
:101370004BFD41EC100B10BD000000000000000010
:101380009FED050B10B553EC102B51EC100B03F037
:1013900029FF41EC100B10BD000000000000001000
:1013A00030EE000A704730EE200A7047DFED020A87
:1013B00080EEA00A70470000000000009FED020AC6
:1013C00020EE000A704700000000001010B5F8F78A
:1013D00071FF10BD10B5EFF74BFD8020EFF712FF46
:1013E0005520EFF70FFF5520EFF70CFF504908701D
:1013F000EFF734FD0120F3F7B1FAEFF739FD802064
:10140000EFF700FF5520EFF7FDFE5520EFF7FAFE4E
:1014100047490870EFF722FD0120F3F79FFAEFF735
:1014200027FDB6217E20EFF7FFFEEFF717FD5020D6
:10143000F3F794FAEFF71CFD8020EFF7E3FE552059
:10144000EFF7E0FE5520EFF7DDFE39490870EFF7C2
:1014500005FD0120F3F782FAEFF70AFD8020EFF790
:10146000D1FE5520EFF7CEFE5520EFF7CBFE3049E9
:101470000870EFF7F3FC0120F3F770FA2C480078BE
:101480001E2801D0FF2010BD00202A49087049E025
:10149000EFF7EEFC274A127802EB4202264B1A4481
:1014A0005178244A127802EB4202985CEFF7BCFEB6
:1014B000EFF7D4FC0120F3F751FAEFF7D9FC1D49FF
:1014C000097801EB41011C4A515C41F08000EFF7C3
:1014D00099FE5520EFF796FE5520EFF793FE14493D
:1014E0000870EFF7BBFC0120F3F738FA11480078D9
:1014F00000EB40001049084440780D4909788842C3
:101500000BD00C48007800EB40000B490844807871
:101510000A49097808430949087006480078401CC0
:1015200004490870034800780628B1DB0020AAE7C8
:10153000F8050020F905002004060020FA05002027
:1015400010B5EFF7A9FC45490020EFF74EFEEFF785
:1015500099FC0120F3F702FAEFF79EFC3F490020C7
:10156000EFF743FEEFF78EFC0120F3F7F7F9EFF703
:1015700093FCB6211420EFF757FEEFF783FC5020C1
:10158000F3F7ECF9EFF788FC34490020EFF72DFE74
:10159000EFF778FC0120F3F7E1F9EFF77DFC2F4935
:1015A0000020EFF722FEEFF76DFC0120F3F7D6F9EC
:1015B0002A4800780F2801D0FF2010BD00202849BC
:1015C000087045E0EFF768FC254A127802EB42020A
:1015D000244B1A445178224A127802EB4202985C5A
:1015E000EFF722FEEFF74EFC0120F3F7B7F9EFF724
:1015F00053FC1B49097801EB41011A4A505C174919
:10160000EFF7F3FDEFF73EFC0120F3F7A7F91448DD
:10161000007800EB40001349084440780F490978EE
:10162000884210D00E480078401E0D4908700846C8
:10163000007800EB40000C49084480780B49097899
:1016400008430A49087006480078401C044908709D
:10165000034800780628B5DB0020AEE7F805002037
:10166000F90500201606002004060020FA050020D7
:1016700000B58BB000200690012009900790002053
:101680000890019044F2A000029044F2C000039040
:101690004FF4B0700490002005900E200A9001A92C
:1016A0003848F2F705FB3748F2F721FF02213548A9
:1016B000F2F744FA01200690099007900020089064
:1016C00042F6204001904FF43050029020200390C9
:1016D00060200490012005900E200A9001A929485D
:1016E000F2F7E6FA2748F2F702FF10212548F2F751
:1016F00025FA0F20069001200990079000200890FD
:10170000202001904FF4D0700290802003900020A0
:10171000049005900E200A9001A91B48F2F7C8FA20
:101720001948F2F7E4FE02211748F2F707FA1020F1
:1017300006900120099007900020089060200190F9
:1017400044F2E00002904FF48240039000200490A5
:10175000012005900E200A9001A90B48F2F7A8FA83
:101760000948F2F7C4FE10210748F2F7E7F9012112
:101770000448F2F7E3F901210348F2F7DFF90BB06F
:1017800000BD0000240D00204C0D002070B5024665
:10179000FF24FF25881E81B209E012F8010B80EAC0
:1017A00005030748C05C80EA04050648C45C081EBF
:1017B000A1F10106B1B2F0D145EA042070BD0000EC
:1017C000245C0108245D010810B504460848047330
:1017D000002007490882C881FFF7F8FDB1EE040A2E
:1017E000044880ED8E0A0120024981F8880010BD6E
:1017F000C8C5002018B9002070B50546414C25B970
:10180000012001F07FFC002070BDA079401CA07178
:10181000A079022801D20020F6E73A48143890ED6A
:101820007D0AD4ED060A30EE600A84ED0D0A94EDCF
:10183000090AD4ED070A30EE600A84ED0E0A01466B
:10184000087B00F044FDD4ED0D0A20EE200A84ED63
:101850000F0A94ED0E0A2B481438007B012802D1A0
:10186000F7EE000A01E0FFEE000A20EE200A84ED08
:10187000100A94ED0E0AB0EEC00AF1EE000AB4EEC2
:10188000E00AF1EE10FA01D8012000E0002006463F
:1018900066B194ED0F0ADFED1C0AB4EEE00AF1EE3A
:1018A00010FA03DBE079401CE07101E00020E071F8
:1018B00094ED0F0AF1EE040AB4EEE00AF1EE10FA2C
:1018C00012DD94ED100AF1EE000AB4EEE00AF1EE3A
:1018D00010FA09DD94ED0E1AF0EE410A94ED0D1A9E
:1018E000B0EE410A01F080FFE079022804D3002025
:1018F00001F008FC032087E7002001F003FC002032
:1019000082E70000DCC500200000FA431FB500207C
:1019100000900190029003904E4890F858000228E1
:1019200039D14C4890F87000022834D14A480079E7
:10193000A0B99FED4A0A4A4880ED140A012202A983
:101940004430F0F777F99FED450A454880ED050AE8
:10195000012269460830F0F76DF930E0404890ED1B
:101960008F0AFFEE000A20EE200A80ED140A022200
:1019700002A94430F0F75EF9394890EDFE0AFFEE17
:10198000000A20EE200A80ED050A0222694608308E
:10199000F0F750F913E09FED310A314880ED140A59
:1019A0009FED2E0A80ED050A022202A94430F0F7CD
:1019B00041F9022269462A480830F0F73BF90C2227
:1019C00002A92848F0F71CF80A2269462648F0F7D1
:1019D00017F82648D0EDBC0AB0EE600A01230722B2
:1019E00040F2FF112248F8F7E9FE2048D0EDBD0A89
:1019F000B0EE600A0123082240F2FF111C48F8F7FC
:101A0000DDFE40F2FF121A491648EFF7F9FF1948B8
:101A1000D0ED6B0AB0EE600A062240F2FF111648C4
:101A2000F8F7CAFD40F2FF1213490F48EFF7E8FF3D
:101A30001248D0ED800AB0EE600A052240F2FF1194
:101A40000D48F8F7B9FD40F2FF120B490648EFF7D1
:101A5000D7FF1FBD4CB40020A4BF00200000000031
:101A600018B900204C0D0020240D0020D0BF00200C
:101A70007306002000C300206B060020C8C50020AC
:101A800010B52DED108B84B0044694ED060AD4ED0C
:101A90000A0A20EE200AB5EEC00AF1EE10FA7CDD4B
:101AA00094ED150A10EE101A084603F0C5FD41EC3E
:101AB000180B94ED060A10EE101A084603F0BCFD50
:101AC00041EC1A0BB0EE4A0AF0EE6A0AFEF7C4FFC8
:101AD000B0EE409AF0EE609A53EC182B51EC190BD3
:101AE00003F044FB03D804B0BDEC108B10BD94EDA3
:101AF000140AD4ED150A30EE200A10EE101A08462A
:101B000003F09AFD41EC180B94ED060A10EE101A42
:101B1000084603F091FD41EC1A0BB0EE4A0AF0EED4
:101B20006A0AFEF799FFB0EE409AF0EE609A53EC25
:101B3000182B51EC190B03F019FB52D894ED140A31
:101B400010EE101A084603F077FD41EC1B0B94EDE4
:101B5000150A10EE101A084603F06EFD41EC1D0B3D
:101B600094ED060A10EE101A084603F065FDCDE963
:101B700000019DED000BFEF76FFF8DED020B94ED64
:101B8000140A10EE101A084603F056FD41EC1F0B24
:101B90009DED020B53EC102B00E026E003F062FCFD
:101BA00041EC1E0B53EC1D2B03F07AF841EC1C0B9F
:101BB00053EC1B2B03F028F941EC190B94ED0C0AA4
:101BC00010EE101A084603F037FD41EC1A0B53ECE7
:101BD000192B03F007FB41EC180B03F02FF82063DF
:101BE00003E09FED030A84ED0C0A00BF7BE70000D1
:101BF0000000000090ED0B0AD0ED250A60EE200AEF
:101C000090ED170A90ED251A30EE011A80EE810A48
:101C1000D0ED0F0A90ED171A60EE810A90ED171AB9
:101C2000D0ED251A31EE211AC0EE811A30EE210ACC
:101C300080ED0B0A704710B50446D4F8980048BBF5
:101C4000B4F86000022814DD94ED041AB1EE411AD4
:101C5000F0EE410A94ED251AB0EE410A04F1640059
:101C6000F9F7CEF8D4ED030A20EE200A84ED0B0A32
:101C700045E094ED050AD4ED040A30EE600AD4ED97
:101C8000030A20EE200AD4ED250A80EE201A84ED06
:101C90000B1A34E0B4F8600002281ADD94ED041A3F
:101CA000B1EE411AF0EE410A94ED251AB0EE410A68
:101CB00004F16400F9F7A4F8D4ED030AD4F898000D
:101CC00090ED021A70EE810A20EE200A84ED0B0AD4
:101CD00015E094ED030AD4F89800D0ED020A30EE36
:101CE000200AD4ED050A94ED041A70EEC10A20EE24
:101CF000200AD4ED250A80EE201A84ED0B1A10BDBF
:101D000010B52DED068B044694ED0A0AD4ED0C0AAD
:101D100030EE200A344880ED000A94ED090AD4ED33
:101D20000A0A30EE200AD4ED0B0A30EE200A2F48C2
:101D300080ED000A94ED100A10EE101A084603F028
:101D40007BFC41EC180B2948006803F075FC41EC62
:101D50001A0BB0EE4A0AF0EE6A0AFEF77DFEB0EE0C
:101D6000409AF0EE609A53EC182B51EC190B03F0EB
:101D700037FB0ED294ED060AD4ED0A0A20EE200AB3
:101D8000B5EEC00AF1EE10FA03DD9FED190A84EDFD
:101D90000C0A94ED110A1448D0ED000AB4EEE00AE2
:101DA000F1EE10FA07D29FED120A84ED0C0A94EDC1
:101DB000110A84ED0A0A94ED110AB1EE400A0A48AC
:101DC000D0ED000AB4EEE00AF1EE10FA09DD9FED65
:101DD000080A84ED0C0A94ED110AB1EE400A84ED74
:101DE0000A0ABDEC068B10BDF8030020F4030020A6
:101DF0000000000090ED0D0AD0ED250A60EE200AEB
:101E000090ED160A90ED251A30EE011A80EE810A47
:101E1000D0ED0E0A90ED161A60EE810A90ED161ABA
:101E2000D0ED251A31EE211AC0EE811A30EE210ACA
:101E300080ED0D0A704790ED0D0AD0ED100AB4EE5A
:101E4000E00AF1EE10FA03DD90ED100A80ED0D0AC4
:101E500090ED0D0AD0ED100AF1EE600AB4EEE00A42
:101E6000F1EE10FA05D290ED100AB1EE400A80EDC5
:101E70000D0A704710B590ED0D0AD0ED100A9FEDD8
:101E8000231A60EE810AB4EEE00AF1EE10FA0AD3EA
:101E900090ED000AB0EEC00ADFED1D0AB4EEE00AD4
:101EA000F1EE10FA00D210BD90ED000AD0ED040A58
:101EB00030EE600AB0EEC00AD0ED000AF0EEE00AA3
:101EC00080EE201A9FED130AB4EEC01AF1EE10FA5C
:101ED00009DD50F8A03F41685B1C41F10001C0E9F9
:101EE0000031A03804E00022C0F8A020C0F8A420EF
:101EF0004FF4FA720021D0E92834D21AA14102D25B
:101F00000122A8210A5400BFCDE700006F12833AD6
:101F100017B7D1383333733F90ED090AD0ED100A6B
:101F2000B4EEE00AF1EE10FA03DD90ED100A80ED58
:101F3000090A90ED090AD0ED100AF1EE600AB4EE3C
:101F4000E00AF1EE10FA05D290ED100AB1EE400A67
:101F500080ED090A7047D0F89810A1B990ED060AF3
:101F6000D0ED070A30EE200AF0EE000A80EE201ACB
:101F700090ED020A21EE000AD0ED250A20EE200A9B
:101F800080ED0C0A19E090ED060AD0ED070A30EE5C
:101F9000200AB0EE001AC0EE010A90ED020AD0F855
:101FA000981091ED011A30EE010A20EE800AD0ED72
:101FB000250A20EE200A80ED0C0A704782B0CDE998
:101FC000000121F0004001909DED000B02B051ECAA
:101FD000100B7047064890F8E800022806D1044824
:101FE00090F8D000022801D1012070470020FCE7C2
:101FF0004CB40020FDEEC00A0E48C0ED000AD0ED42
:10200000000AF8EEE00A70EE600A0B48C0ED000A24
:10201000D0ED000AB6EE001AF4EEC10AF1EE10FAA5
:1020200004DD04480068401C02490860014800685B
:1020300070470000980100209C01002010B5044664
:102040000848007810B1012808D103E02046EFF7D6
:1020500039FD04E02046F7F73DFC00E000BF00BF7B
:1020600010BD0000A4BF002070B50446C4B1012C0F
:1020700011D0022C13D10E48007B022801D101207F
:1020800000E0002005460120FFF79EFB15B1C820A7
:102090000749C8810AE00220FFF796FB06E000BF6F
:1020A0000020FFF791FB01F01DFB00BF00BF70BDDA
:1020B000C8C5002090ED001A21EE201AF7EE001A94
:1020C00071EEE01A00EE211A80ED001A704700B59B
:1020D0000346184601F002F90BB9F9F71DFC00BDE3
:1020E00010B5F8F739F910BDF0EE400AF6EE001A17
:1020F00060EEA11AB0EE611AB0EE600A10EE100A9E
:102100000749A1EB600000EE100A21EE002AF7EE6D
:10211000081A42EE401A61EE801AB0EE610A70476A
:10212000865A375F2C48D0F8750000EE100ADFEDB4
:102130002B0A30EEC00AFFEE000A20EE200A2648E5
:1021400080EDFF0A90ED240AD0EDFF0A30EE200A60
:1021500000F5806080ED000A2148407A012810D106
:10216000204890ED000ADFED200A30EE200A1A48E0
:1021700080ED900A1B4890ED000A174880ED910A07
:1021800008E09FED190A144880ED900ABAEE040A9F
:1021900080ED910A104890ED8E0AD0ED910AB4EED0
:1021A000E00AF1EE10FA02D890ED910A0FE00A4829
:1021B00090ED8E0AD0ED900AB4EEE00AF1EE10FA3E
:1021C00002DB90ED900A02E0034890ED8E0A02488F
:1021D00080ED8E0A7047000018B90020382C574354
:1021E000A4BF002018BD00200000204219E0DFED50
:1021F000140AB4EEE00AF1EE10FA05D2DFED110A8E
:1022000070EE200AB0EE600ADFED0F0AB4EEE00ACD
:10221000F1EE10FA05DDDFED0B0A70EE600AB0EEAC
:10222000600ADFED070AB4EEE00AF1EE10FADED341
:10223000DFED050AB4EEE00AF1EE10FAD7DC7047E4
:10224000000034C30000B44300003443F2F7ACFC98
:10225000F9F754FEF8F7FCFBF8F762FBF8F71AFB06
:10226000F8F73CFBF8F7A0FCF8F768FDF8F782FDFB
:10227000F8F7BEFCF8F7F2FCF8F744FD4FF4805095
:10228000F7F760FEA820F0F757FAFFF7F1F900BF63
:1022900000210A48EEF748FF0028F9D100F084FE3B
:1022A00000F0D4FEFAF762FA0020FFF710FFF8F70B
:1022B00083FB00F014F800BFFEE70000740D00205F
:1022C00001460020842901D0CA1C1044704701280F
:1022D00002D1BFEE000A7047B7EE000AFBE710B567
:1022E00001F032FD002010BD7FB504460D46606947
:1022F00098B1A06988B1B4F90800FFF7E1FF06467C
:10230000D4E90510CDE9006102902B462269D4E999
:10231000001002F0BFF9039013E0B4F90800FFF7D2
:10232000CFFF064603A8CDE90060238A9AB22B4668
:10233000D4E9001002F07CF9012802D0002004B09A
:1023400070BD0398FBE70000F1EE0C0AB0EE600AE6
:102350004FF416711248D0ED200AF0EEE00AF4EEC8
:10236000C00AF1EE10FA0ADCD0ED7E0AF0EEE00AC7
:10237000B1EE041AF4EEC10AF1EE10FA03DD00200A
:10238000074A108270470648008A401C044A10829F
:102390001046008A884201DB0120F3E70020F1E7C4
:1023A000C8C500202DE9F04105460E461F480768C4
:1023B00000201F49096881F852001D480068001D6F
:1023C00001F054FA50B91A48006890F82C10012016
:1023D000884018490968814316480160681C38B96B
:1023E00036B113480168091D134801F095FA1AE047
:1023F0007C190F4800684460BC4207D20C48016851
:10240000091D0E48006801F06DFA0CE008480168EB
:10241000091D0B48006801F065FA0A48006884420B
:1024200001D208480460BDE8F0810000A00000204F
:102430008C000020A4000020582E002094000020D2
:1024400090000020BC00002010B5044601F070FA96
:1024500023480068401C224908602248006840B9AF
:10246000204804600846006801280DD100F0FAF900
:102470000AE01D48006838B91A480068C06AE16A75
:10248000884201D81748046018480068401C174962
:10249000086094F82C100120884015490968084309
:1024A00013490860E16A01EB8101124A02EB8100E5
:1024B000211D01F031FA01F065FA0B48006868B19E
:1024C00008480068C06AE16A884207D24FF080502D
:1024D00009490860BFF34F8FBFF36F8F10BD000035
:1024E0009C0000208C000020A8000020B8000020E4
:1024F000A40000207C2D002004ED00E008B501F0D0
:1025000017FA12480068E8B9114801F0DBF91148E0
:1025100001F0D8F90E48104908600E480F490860CC
:1025200000200F4B0F4A102100900A2001F06AFD95
:10253000064908600846006820B10BA103480068FE
:1025400001F0E0FA01F01EFA08BD0000D000002002
:102550006C2E0020802E0020C8000020CC0000201F
:10256000942E0020DC2E0020546D725100000000DB
:1025700010B516E001F0DCF90C48C068C468201DF5
:1025800001F074F90A480068401E094908600948CA
:102590000068401E0749086001F0F4F9204600F089
:1025A0005FF8044800680028E4D110BD442E0020E4
:1025B0009C0000209800002070B504460D46206C59
:1025C00070B1216CE0680144E160D4E902108842F6
:1025D00001D32168E1602846226CE168EDF73BFFFA
:1025E00070BD2DE9F04104460F4615464FF0000836
:1025F000A66B206C48B9206800282CD1A06802F096
:1026000061F980460020A06025E07DB93946226C42
:102610006068EDF720FF216C606808446060D4E9D1
:102620000101884217D32068606014E03946226CAB
:10263000E068EDF710FF216CE068411AE160216865
:10264000E068884203D2216CA068411AE160022D43
:1026500001D106B1761E701CA0634046BDE8F08132
:1026600010B5044694F8510030B9206B01F0A8F978
:10267000204601F0A5F91AE094F85100012803D191
:10268000204601F09DF912E094F85100022801D192
:10269000012000E0002050B900BF502080F31188D5
:1026A000BFF34F8FBFF36F8F00BF00BFFEE710BDBA
:1026B0000146084A126812680AB9012200E00022A5
:1026C0000A600A6822B9034A1268D268106800E0FA
:1026D00000207047C800002030B548F2D0431748AA
:1026E00000F007042CB1C01D20F00700134C041BA0
:1026F0001B1B0246124C22600024114D6C60D01846
:10270000083820F007000F4C206000240D4D2D6884
:102710006C600C4D2D682C601146441A4C60094CBD
:1027200024680C60084D4C682C60084D4C682C6087
:102730004FF00044064D2C6030BD00007C2F00207F
:10274000DC000020E4000020EC000020E800002075
:10275000F800002000BFFFF70BFF064800680128C3
:10276000F9D94FF0805004490860BFF34F8FBFF391
:102770006F8FF0E77C2D002004ED00E02DE9F041A3
:1027800006460D4617469846069C0DB9246000E0A3
:102790002760E66325640121204601F0A3FCBDE823
:1027A000F0812DE9F05F82460E4690469B460A9FD7
:1027B0000C9C4FEA8801A522206BEDF7C3FEA8F11F
:1027C0000100216B01EB800929F0070909F00700DE
:1027D00008B9012000E0002050B900BF502080F36C
:1027E0001188BFF34F8FBFF36F8F00BF00BFFEE7AD
:1027F00086B1002507E0715D04F134004155705D3C
:1028000000B902E06D1C102DF5D300BF002143205C
:10281000015502E0002084F83400072F00D306277A
:10282000E76267640020A064201D01F058F804F1FD
:10283000180001F054F82461C7F10700A061646238
:102840000020E06484F8500084F852005A46514653
:10285000484600F071FB20600B9808B10B980460AB
:10286000BDE8F09F10B5002407E004EB84010F4A97
:1028700002EB810001F026F8641C072CF5D30C480C
:1028800001F020F80B4801F01DF80B4801F01AF890
:102890000A4801F017F80A4801F014F804480949F9
:1028A000086004480849086010BD00007C2D002025
:1028B000082E00201C2E0020302E0020442E002048
:1028C000582E0020900000209400002010B50146F2
:1028D000164800E0006803688B42FBD30246436859
:1028E00013448B4204D143684C682344436001463F
:1028F0000A464B6813440468A34211D10C4C036888
:102900002468A34208D04B680468646823444B6081
:1029100003681B680B6005E0054B1B680B6001E05A
:1029200003680B60884200D0016010BDDC0000200D
:10293000E40000202DE9F04104460D4616461F46EE
:102940004FF0000865602461B5420CD8F01BA16906
:10295000884202D34FF0010811E0211D09480068A8
:1029600000F0C0FF0BE0BE4204D2BD4202D34FF0E4
:10297000010804E0211D0448006800F0B3FF404650
:10298000BDE8F081CC000020C800002070B50546ED
:1029900000F0CEFFA86B08B9012400E0002400F08D
:1029A000F1FF204670BD70B5054600F0C1FFA86B71
:1029B000E96B884201D1012400E0002400F0E2FF2D
:1029C000204670BDF8B505460F461A480068C06835
:1029D000C468201D00F04AFF94F8240000F00400B1
:1029E000E8B1A06941192B463A462046FFF7A2FFFD
:1029F000D8B1002003462A4601460090204602F046
:102A0000CFF8064656B900BF502080F31188BFF3B7
:102A10004F8FBFF36F8F00BF00BFFEE705E094F854
:102A2000240020F0010084F824002046216A884711
:102A3000F8BD0000C8000020F0B587B0A0E0039802
:102A4000002811DA04AE56B900BF502080F3118877
:102A5000BFF34F8FBFF36F8F00BF00BFFEE7D6E914
:102A60000020B168904700BF03980028E6DB059C72
:102A7000606908B9012000E0002010B9201D00F0B5
:102A8000F5FE02A800F0DEF8054603980A2875D284
:102A9000DFE800F009050739416306083A4200BF44
:102AA00000BF00BF00BF94F8240040F0010084F88C
:102AB00024000498A269811803462A462046FFF79D
:102AC00039FFF8B12046216A884794F8240000F0C5
:102AD0000400B8B1002000900498A16942180023B6
:102AE0001946204602F05CF8074657B900BF50204F
:102AF00080F31188BFF34F8FBFF36F8F00BF00BF0C
:102B0000FEE700BF3BE000BF94F8240020F0010086
:102B100084F8240033E000BF94F8240040F0010062
:102B200084F824000498A061A06908B1012000E0A5
:102B3000002050B900BF502080F31188BFF34F8FA1
:102B4000BFF36F8F00BF00BFFEE7A06941192B469E
:102B50002A462046FFF7EEFE11E094F8240000F02C
:102B6000020018B9204600F02BFF05E094F824007D
:102B700020F0010084F8240001E0FFE700BF00BF5F
:102B8000002203A90448006801F04AFC00287FF4F1
:102B900056AF07B0F0BD0000D0000020F8B50546E4
:102BA0000C4601F02DF9684600F04CF806460098F6
:102BB00020BB44B9B54206D801F034FF314628465F
:102BC000FFF700FF1CE03CB10E480068006808B940
:102BD000012000E000200446A91B22460A480068A4
:102BE00000F0A6FF01F01EFF50B94FF080500749DA
:102BF0000860BFF34F8FBFF36F8F01E001F012FF4A
:102C0000F8BD0000CC000020D000002004ED00E062
:102C10000A490968096809B9012100E0002121B1C8
:102C20004FF0FF31064A116006E004490968C9689F
:102C3000C868034A41681160704700009000002096
:102C4000BC00002070B5044601F092FD054607481F
:102C50000068854204D200F00BF80120206001E0FA
:102C60000020206001480560284670BDD800002083
:102C70002DE9F84334E025480068C068056823481A
:102C80000068C068C468201D00F0F0FD2046216A7D
:102C9000884794F8240000F0040008B3A06946199E
:102CA000AE4207D966602461211D1848006800F013
:102CB00019FE15E0002003462A46014600902046F2
:102CC00001F06EFF074657B900BF502080F311880E
:102CD000BFF34F8FBFF36F8F00BF00BFFEE700BF92
:102CE0000A480068006808B9012000E000200028B8
:102CF000C1D00648D0F80080054800680349086044
:102D00000348C0F80080BDE8F8830000C800002038
:102D1000CC0000200E480068401C08B9012000E0EB
:102D2000002050B900BF502080F31188BFF34F8FAF
:102D3000BFF36F8F00BF00BFFEE700BF502080F3DE
:102D40001188BFF34F8FBFF36F8F00BF00BFFEE747
:102D5000FC00002008B500BF6846FFF7A9FC044648
:102D600020460099FFF71AFFFFF766FEF4E770B5FB
:102D7000044600F0DDFD94F9455010E0606A08B9A2
:102D8000012000E0002038B904F1240001F0FEFD2C
:102D900018B100F097FF00E003E0681E45B2002D77
:102DA000ECDC00BFFF2084F8450000F0EBFD00F0F4
:102DB000BFFD94F9445010E0206908B9012000E0FB
:102DC000002048B904F1100001F0E0FD08B100F066
:102DD00079FF681E45B200E001E0002DECDC00BF89
:102DE000FF2084F8440000F0CDFD70BD2DE9F041D6
:102DF00004464FF0000801F003F84948006808B99C
:102E0000FFF76AFC474800682040002870D1D4B121
:102E1000083404F00700B0B104F00700C0F1080066
:102E2000044404F0070008B9012000E0002050B974
:102E300000BF502080F31188BFF34F8FBFF36F8F17
:102E400000BF00BFFEE7002C52D037480068844224
:102E50004ED8364E3046056801E02E462D6868682B
:102E6000A04202D228680028F7D12D480068854288
:102E70003ED0306800F10808286830606868001BA0
:102E8000102819D92F1907F0070008B9012000E010
:102E9000002050B900BF502080F31188BFF34F8F3E
:102EA000BFF36F8F00BF00BFFEE76868001B78604C
:102EB0006C603846FFF70AFD1B4968680968081A04
:102EC000194908600846006819490968884203D210
:102ED000154800681649086012496868096808437F
:102EE00068600020286013480068401C1149086091
:102EF00001F098FD08F0070008B9012000E000206B
:102F000050B900BF502080F31188BFF34F8FBFF33B
:102F10006F8F00BF00BFFEE74046BDE8F0810000B4
:102F2000E4000020F8000020E8000020DC00002081
:102F3000EC000020F0000020001F4FF080730360C1
:102F4000001F21F001030360001F054B03601438CC
:102F50000260001F6FF0020303602038704700001A
:102F6000152D010801460A4A0A48036890689842EC
:102F700001D10020704793600748B0F8030000EECD
:102F8000100AB8EE400A81ED000A0120F2E70000C5
:102F9000DCC500204C06002044060020014890EDCE
:102FA0000E0A7047C8C5002024480068406940F0F8
:102FB000400022490968486120480068C06840F024
:102FC00010001E490968C8601D480068006820F0AC
:102FD00001001B490968086007E01948006800689B
:102FE00020F001001649096808601548006800686B
:102FF00000F001000028F0D11248114909688860EA
:1030000011480F490968C86024300D4909680861F2
:1030100024200B490968486009480068006840F4AA
:10302000802007490968086005480068006840F08A
:10303000010003490968086070470000640F002020
:103040005410002004480040A6B800202048006822
:10305000406940F040001E49096848611C4800680A
:10306000C06840F010001A490968C8601948006833
:10307000006820F0010017490968086000BF154882
:103080000068006800F001000028F8D112481149DA
:103090000968886011480F490968C86015300D49F2
:1030A0000968086115200B490968486009480068EB
:1030B000006840F4802007490968086005480068F6
:1030C000006840F00100034909680860704700008B
:1030D000AC0F0020B4100020041401407CB8002084
:1030E00001460748002242828282A0F1140292ED3A
:1030F0007D0A80ED0C0A09B100228275704700003C
:10310000DCC500200146084800228271A0F11402AB
:1031100092ED7D0A80ED060A90ED090A80ED070A1E
:1031200009B10022C2717047DCC5002010B51348F8
:10313000C08970B11148C089401E1049C881084635
:10314000D0ED000AB0EE600A002000F081F850B91E
:1031500010BD0A48D0ED000AB0EE600A012000F070
:1031600077F800B9F4E7FFF7EFF820B10420FEF795
:103170002BFB00F0B7FA00BFEAE70000C8C500204B
:1031800010B500F0AFFA0B48007D042802D1FEF71D
:1031900021FF18B900210748417610BDF7F7EEF876
:1031A00028B10448447D2046FEF70EFB00BF00BF57
:1031B000F3E70000C8C5002010B52DED028BB0EE7E
:1031C000408AFFF7EBFEF0EE408AF0EE480A0F4827
:1031D000F8F73CF90D486838D0ED020A20EE200AD5
:1031E00080ED480A90ED481AF0EE410A90ED7E1A03
:1031F000B0EE410A00F59070F8F728F903486838F6
:1032000080ED800ABDEC028B10BD000030C60020AE
:1032100010B50D4890F8880010B100F063FA10BDA9
:103220000A48D0ED010AB0EE600A012000F010F863
:1032300000B9F4E7FFF788F820B10420FEF7C4FADC
:1032400000F050FA00BFEAE718B90020C8C5002016
:1032500070B52DED028BB0EE408A0546FEF7BAFE42
:1032600030B9012000F052FA0020BDEC028B70BD95
:103270002846F6F75FFF044624B1204600F046FAE0
:103280000020F2E7B0EE480AFFF796FFF6F7C2FE1D
:10329000044624B1204600F039FA0020E5E7012079
:1032A000E3E700B5002000F0F9F8002000F00AF88C
:1032B000002000F003F9002000F0E4F8002000F006
:1032C000E7F800BD04494978012903D10249887112
:1032D00000B1C87170470000A4BF00200149087008
:1032E00070470000A4BF00204D48D0F801004D49B0
:1032F000C1F80C03084690EDC30AB5EEC00AF1EE22
:1033000010FA63D090EDC40AB5EEC00AF1EE10FADF
:103310005CD190EDC30AF3EE090AB4EEE00AF1EED7
:1033200010FA15DD90F81C03401C81F81C030846B8
:1033300090EDC30A80EDC60A90EDC50AD0EDC60A2D
:10334000B3EE091A70EEC10A30EE600A80EDC50ACC
:103350003348D0F8010000EE100AF3EE070AB4EE8D
:10336000E00AF1EE10FA13D22D48D0F8010000EE79
:10337000100AF3EE040AB4EEE00AF1EE10FA07DDEB
:10338000284890F82403401C264981F8240303E0D0
:103390000020244981F82403224890F824030328BC
:1033A00014DB204890EDC30A80EDC80A90EDC50AF1
:1033B000D0EDC80A9FED1C1A71EE600A30EE200AAB
:1033C00080EDC50A0020174981F82403154890EDC7
:1033D000C30A80EDC40A90EDC50ADFED140AB4EE0D
:1033E000E00AF1EE10FA03DD9FED110A80EDC50A47
:1033F0000C4890EDC50AF3EE060AB4EEE00AF1EED1
:1034000010FA03D2B3EE060A80EDC50A054890ED26
:10341000C50ADFED080A20EE200A80EDCA0A7047CF
:1034200052050020D0BF00200000BC410000C44174
:103430006666C2410000BE4400B50346104880786D
:103440000F49C870084683708078C978884215D0C3
:103450000B488078012804D0022805D0032809D120
:1034600005E0EEF7E4FA08E0F9F73EFA05E0EFF7D9
:103470008DFD02E0FFF715FF00BF00BF00BD00009B
:10348000A4BF00200149087170470000A4BF0020BC
:103490000149487270470000A4BF002000B50246F1
:1034A000054842704078012804D000200249887104
:1034B000FFF708FF00BD0000A4BF002001494871CC
:1034C00070470000A4BF0020014908727047000047
:1034D000A4BF0020F0EE400AF5EEC00AF1EE10FAAB
:1034E00002DBB7EE000A7047BFEE000AFBE7000000
:1034F000DFED051AC0ED001A80ED010AC0ED020AE9
:1035000080ED031A7047000000000000B0EE401A82
:10351000B0EE602A9FED5F0AB4EEC02AF1EE10FA19
:1035200003DD9FED5D0AB0EE402AB0EEC10ADFED8B
:103530005B2AB4EEE20AF1EE10FA45D290ED000AF1
:10354000B0EEC00ADFED552AB4EEE20AF1EE10FA51
:1035500004D29FED530A80ED000A32E0D0ED032A39
:1035600062EE822AB0EE620AD0ED002AF5EEC02AA1
:10357000F1EE10FA12DDD0ED002A72EEC02AF5EE5F
:10358000C02AF1EE10FA04DDD0ED002A72EEC02A56
:1035900001E0DFED432AC0ED002A11E0D0ED002A62
:1035A00072EE802AF5EEC02AF1EE10FA04D2D0EDC8
:1035B000002A72EE802A01E0DFED392AC0ED002AF0
:1035C00000BF90ED000A704790ED000AB0EEC00A0F
:1035D000DFED322AB4EEE20AF1EE10FA1CD2B0EEC0
:1035E000C10AD0ED012AB4EEE20AF1EE10FA02D8D7
:1035F00080ED001A0DE0B5EEC01AF1EE10FA02DD12
:1036000090ED010A03E090ED010AB1EE400A80ED71
:10361000000A90ED000AD6E790ED000A71EE400A2C
:1036200090ED020A60EE021AF4EEE10AF1EE10FAF1
:1036300001DDF0EE610AB1EE610AF4EEC00AF1EECE
:1036400010FA03D2B1EE610AF0EE400A90ED000AE2
:1036500030EE200A80ED000AF5EEC00AF1EE10FA15
:1036600006DD90ED000AB4EEC10AF1EE10FA0BDCB3
:10367000F5EEC00AF1EE10FA08D290ED000AB4EEB1
:10368000C10AF1EE10FA01D280ED001A90ED000AA5
:1036900099E70000CDCCCC3D0AD7A33B6F12833A0B
:1036A0000000000010B500EE100A2DED028BB1EE07
:1036B000C08A18EE100A20F00040C0F1FF40C00F91
:1036C0000AD010EE100A20F00040C0F1FF40C00FF9
:1036D00004BF0120ECF78FFF18EE100ABDEC028B3F
:1036E00010BD000010B50748F7F7FAFF0548B830DD
:1036F000F7F7F6FF9FED040A0248683880ED800A6C
:1037000010BD000030C600200000000010B50446C7
:103710000448017B41750475032002490873FFF7D3
:10372000E1FF10BDC8C5002010B52DED028B9FED47
:10373000260AB0EE408A254890ED1D0AF7EE000AF1
:1037400020EE200A224880ED240A204890ED040A49
:10375000F7EE000A20EE200ADFED1E0A80EE201AA6
:103760009FED1D0A21EE000AB0EE408ADFED1B0A34
:10377000B0EE480A16488C30FEF79CFC134890EDDA
:103780001F0AF7EE000A20EE200A114880ED930A86
:103790000E4890ED060AF7EE000A20EE200ADFED53
:1037A0000D0A80EE201A9FED0C0A21EE000AB0EE01
:1037B000408ADFED0B0AB0EE480A0A48FEF77AFCB1
:1037C000BDEC028B10BD000000000000C0BD002059
:1037D00018B90020DB0F494000003443CDCC4C3EEB
:1037E0009A99193F60BB0020B0EE401AF0EE601AC3
:1037F0001A48B0EEC12AF1EE042AB4EEE22AF1EE44
:1038000010FA00D2704781EE810AF0EEC00A9FEDF7
:10381000142AF4EEC20AF1EE10FA06D39FED112A33
:10382000F4EEC20AF1EE10FA00DDEBE790F850106A
:1038300029B980ED130A012180F850100BE090EDBA
:10384000132AD0ED132A70EE622A9FED073A03EE99
:10385000222A80ED132A00BFD4E70000DCC5002037
:103860000AD7233C0000C8429A99193E01460A69CA
:10387000D1E901309860D1E901035860506888426D
:1038800001D188685060002008611068401E1060F7
:1038900010687047034B0360034B0B608023136079
:1038A000704700007C060020D0060020034B036018
:1038B000034B0B604FF4807313607047D0080020F7
:1038C0002409002000F1080141604FF0FF318160C0
:1038D00000F10801C1600161002101607047002111
:1038E0000161704710B502460B685C1C0CB9106989
:1038F00007E002F1080000E04068446824689C4248
:10390000FAD944684C604C68A160886041600A61E3
:103910001468641C146010BD42684A6093688B6030
:10392000936859609160086103685B1C036070478D
:1039300000BF502080F31188BFF34F8FBFF36F8F0C
:1039400000BF0E480068401C0C490860084600682B
:10395000012812D10A480068C0B208B9012000E06D
:10396000002050B900BF502080F31188BFF34F8F63
:10397000BFF36F8F00BF00BFFEE77047FC00002061
:1039800004ED00E00D48006850B900BF502080F3FE
:103990001188BFF34F8FBFF36F8F00BF00BFFEE7EB
:1039A00006480068401E054908600846006820B9BE
:1039B000002080F3118800BF00BF7047FC0000208A
:1039C00070B506463546002E44D0083D2C462249A7
:1039D00060680968084008B1012000E0002050B983
:1039E00000BF502080F31188BFF34F8FBFF36F8F5C
:1039F00000BF00BFFEE7206808B9012000E00020FA
:103A000050B900BF502080F31188BFF34F8FBFF330
:103A10006F8F00BF00BFFEE70F496068096808406C
:103A2000C0B12068B0B90C4960680968884360601B
:103A300000F0E6F909496068096808440749086028
:103A40002046FEF743FF06480068401C0449086012
:103A500000F0E8FF70BD0000F8000020E800002042
:103A6000F400002000204FF0E02108618861064842
:103A700000684FF47A71B0FBF1F0401E4FF0E02186
:103A800048610720086170478800002070B5ECF796
:103A900047FC0446102C16D304F1E02090F8F053B4
:103AA00015480078854201DB012000E0002050B974
:103AB00000BF502080F31188BFF34F8FBFF36F8F8B
:103AC00000BF00BFFEE70D48006800F4E0600C494D
:103AD0000968884201D8012000E0002050B900BFE9
:103AE000502080F31188BFF34F8FBFF36F8F00BF5B
:103AF00000BFFEE770BD0000000100200CED00E0FB
:103B000004010020024600200BE0084B53F830303F
:103B100033B9064B43F8301003EBC0035A6002E0A0
:103B2000401C0828F1D300BF704700003C2D002046
:103B30002DE9F04105460E4617462C46FFF7F8FEE4
:103B400094F94400401C10B9002084F8440094F912
:103B50004500401C10B9002084F84500FFF712FF13
:103B6000A06B28B93A46314604F1240000F0CCF8A5
:103B70002046FFF7FCF8BDE8F081000070B5044670
:103B80000025D4B11248006808B9012000E00020E7
:103B900050B900BF502080F31188BFF34F8FBFF39F
:103BA0006F8F00BF00BFFEE700F02AF9002120461A
:103BB000FEF7F8FB00F036FF05463DB94FF08050A8
:103BC00004490860BFF34F8FBFF36F8F70BD0000D3
:103BD000C400002004ED00E02DE9F04704460F4644
:103BE0004FF0000954B900BF502080F31188BFF393
:103BF0004F8FBFF36F8F00BF00BFFEE70FB10120F3
:103C000000E0002050B900BF502080F31188BFF3BE
:103C10004F8FBFF36F8F00BF00BFFEE720480068E3
:103C200008B9012000E0002050B900BF502080F307
:103C30001188BFF34F8FBFF36F8F00BF00BFFEE748
:103C400000F0DEF8174806682068C5192068B04201
:103C500007D92068A8420BD9B54209D94FF001090C
:103C600006E02068A84201D8B54201D94FF0010909
:103C70002560B9F1000F03D0A81B0021FEF792FBCD
:103C800000F0D0FE8046B8F1000F07D14FF0805011
:103C900005490860BFF34F8FBFF36F8FBDE8F08712
:103CA000C4000020A000002004ED00E003490968E2
:103CB000016003490968416070470000B4000020BA
:103CC000A00000200120014908607047B0000020DA
:103CD00070B504460D4654B900BF502080F31188DA
:103CE000BFF34F8FBFF36F8F00BF00BFFEE70548E4
:103CF000016818312046FFF7F5FD01212846FEF73F
:103D000051FB70BD8C00002070B505460E46144670
:103D100055B900BF502080F31188BFF34F8FBFF318
:103D20006F8F00BF00BFFEE70648016818312846C4
:103D3000FFF7F2FD0CB14FF0FF3621463046FEF79B
:103D400031FB70BD8C00002010B586B000200590BE
:103D5000049003AA04A905A8FFF79CFD0022DDE951
:103D600004101346CDE9002102901EA11F48039ABA
:103D700000F090FC1E4908600846006808B1012464
:103D800000E00024012C02D100F0CEFE0446012CFC
:103D900015D100BF502080F31188BFF34F8FBFF3C0
:103DA0006F8F00BF4FF0FF301249086001201249A9
:103DB000086000201149086000F070F810E0601CF5
:103DC00008B1012000E0002050B900BF502080F36E
:103DD0001188BFF34F8FBFF36F8F00BF00BFFEE7A7
:103DE00006B010BD49444C450000000055270108AD
:103DF000C0000020BC000020A8000020A00000207F
:103E000002480068401C014908607047C400002057
:103E10001D48006818B101201C49086032E00020EC
:103E20001A4908601A480068B0FA80F0C0F11F0112
:103E300001EB8100174A52F8200008B1012000E090
:103E4000002050B900BF502080F31188BFF34F8F7E
:103E5000BFF36F8F00BF00BFFEE701EB81020D4B88
:103E600003EB820042685268426000F10802436836
:103E7000934202D14268526842604268D268064B5F
:103E80001A6000BF70470000C4000020B00000208E
:103E9000A40000207C2D00208C0000201CB552487E
:103EA00000685249884201D0012000E0002050B94A
:103EB00000BF502080F31188BFF34F8FBFF36F8F87
:103EC00000BF00BFFEE7484800684849491E8842D5
:103ED00001D0012000E0002050B900BF502080F345
:103EE0001188BFF34F8FBFF36F8F00BF00BFFEE796
:103EF0003F49084600780190FF200A4610700846A6
:103F0000007800909DF8000000F0F0009DF800207F
:103F1000904201D1012000E0002050B900BF5020A4
:103F200080F31188BFF34F8FBFF36F8F00BF00BFC7
:103F3000FEE79DF8000000F050002E4A10700720A8
:103F40002D4A106009E02C480068401E2A4A106083
:103F50009DF800004006000E00909DF8000000F063
:103F600080008028EFD024480068C0F107000428B2
:103F700001D1012000E0002050B900BF502080F3A3
:103F80001188BFF34F8FBFF36F8F00BF00BFFEE7F5
:103F9000194800680002184A10601046008800F4B2
:103FA000E0601060124A019810700F4820300068DD
:103FB00040F470000C49203108600846006840F069
:103FC00070400860FFF74EFD00200C490860ECF7D8
:103FD0006FF90B48006840F0404009490860ECF771
:103FE00053F900201CBD000000ED00E071C20F413C
:103FF00000E400E00001002004010020FC0000209B
:1040000034EF00E02DE9F84380460E4617461D4682
:10401000DDF82090B8F1000F01D0012000E0002071
:1040200050B900BF502080F31188BFF34F8FBFF30A
:104030006F8F00BF00BFFEE70DB1012000E0002040
:1040400050B900BF502080F31188BFF34F8FBFF3EA
:104050006F8F00BF00BFFEE707B10EB1012000E087
:10406000002050B900BF502080F31188BFF34F8F5C
:10407000BFF36F8F00BF00BFFEE707B90EB9012085
:1040800000E0002050B900BF502080F31188BFF33A
:104090004F8FBFF36F8F00BF00BFFEE74820009037
:1040A0000098482801D1012000E0002050B900BF4D
:1040B000502080F31188BFF34F8FBFF36F8F00BF85
:1040C00000BFFEE700BF2C464CB1012084F846003B
:1040D0004B463A46314640460094FEF74FFB204699
:1040E000BDE8F88370B505460E462C4654B900BFAE
:1040F000502080F31188BFF34F8FBFF36F8F00BF45
:1041000000BFFEE7FFF714FCD4E90F12206801FBA3
:104110000200A0600020A06320686060E06B401E89
:10412000226C216800FB0211E160FF2084F844004A
:1041300084F845009EB9206908B9012000E00020FC
:10414000A8B904F1100000F021FC80B14FF08050BC
:1041500009490860BFF34F8FBFF36F8F07E004F189
:104160001000FFF7AFFB04F12400FFF7ABFBFFF7F4
:1041700009FC012070BD000004ED00E02DE9FF43C3
:1041800083B0064688461D464FF00009344654B9B0
:1041900000BF502080F31188BFF34F8FBFF36F8FA4
:1041A00000BF00BFFEE7B8F1000F01D1206C08B9D5
:1041B000012000E0002050B900BF502080F311889A
:1041C000BFF34F8FBFF36F8F00BF00BFFEE7022D1D
:1041D00002D1E06B012801D1012000E0002050B99C
:1041E00000BF502080F31188BFF34F8FBFF36F8F54
:1041F00000BF00BFFEE700F0ABFA08B9059808B9A8
:10420000012000E0002050B900BF502080F3118849
:10421000BFF34F8FBFF36F8F00BF00BFFEE700BF3C
:10422000FFF786FBA06BE16B884201D3022D28D1FA
:104230002A4641462046FEF7D4F90746606A08B987
:10424000012000E0002068B904F1240000F09EFB8A
:1042500088B14FF0805032490860BFF34F8FBFF3F1
:104260006F8F08E03FB14FF080502D490860BFF3D9
:104270004F8FBFF36F8FFFF785FB012007B0BDE8BD
:10428000F083059818B9FFF77DFB0020F6E7B9F138
:10429000000F04D101A8FFF709FD4FF00109FFF756
:1042A00071FBFFF7ADFDFFF743FB94F94400401CA1
:1042B00010B9002084F8440094F94500401C10B95E
:1042C000002084F84500FFF75DFB05A901A800F078
:1042D0005BF9F0B92046FEF766FBA0B104F11000CF
:1042E0000599FFF7F5FC2046FEF741FD00F09AFB2B
:1042F000002895D14FF0805009490860BFF34F8FD7
:10430000BFF36F8F8CE72046FEF731FD00F08AFB8C
:1043100086E72046FEF72BFD00F084FB0020ADE78A
:1043200004ED00E02DE9F84F07468A4690461E4608
:104330003C4654B900BF502080F31188BFF34F8F23
:10434000BFF36F8F00BF00BFFEE7BAF1000F01D1CE
:10435000206C08B9012000E0002050B900BF5020B7
:1043600080F31188BFF34F8FBFF36F8F00BF00BF83
:10437000FEE7022E02D1E06B012801D1012000E00E
:10438000002050B900BF502080F31188BFF34F8F39
:10439000BFF36F8F00BF00BFFEE7FFF777FB00BFE3
:1043A0005021EFF3118081F31188BFF34F8FBFF3DA
:1043B0006F8F00BF0546A06BE16B884201D3022ED0
:1043C00025D194F945B0A06B009032465146204665
:1043D000FEF707F90BF1010088B9606A08B90120FE
:1043E00000E0002050B904F1240000F0CFFA28B119
:1043F000B8F1000F02D00120C8F8000004E00BF172
:10440000010040B284F845004FF0010901E04FF08F
:10441000000900BF85F3118800BF4846BDE8F88F4A
:104420002DE9F74183B005460E464FF000082C46B3
:1044300054B900BF502080F31188BFF34F8FBFF3F2
:104440006F8F00BF00BFFEE70EB9206C08B90120D6
:1044500000E0002050B900BF502080F31188BFF366
:104460004F8FBFF36F8F00BF00BFFEE700F070F902
:1044700008B9059808B9012000E0002050B900BF34
:10448000502080F31188BFF34F8FBFF36F8F00BFB1
:1044900000BFFEE700BFFFF74BFAA76BF7B131464D
:1044A0002046FEF789F8781EA063206908B901202C
:1044B00000E0002060B904F1100000F067FA38B1A4
:1044C0004FF080502F490860BFF34F8FBFF36F8FBD
:1044D000FFF758FA012006B0BDE8F081059818B939
:1044E000FFF750FA0020F6E7B8F1000F04D101A859
:1044F000FFF7DCFB4FF00108FFF744FAFFF780FC01
:10450000FFF716FA94F94400401C10B9002084F813
:10451000440094F94500401C10B9002084F845007F
:10452000FFF730FA05A901A800F02EF8F0B92046EF
:10453000FEF72CFAA0B104F124000599FFF7C8FB9F
:104540002046FEF714FC00F06DFA0028A3D14FF0CE
:1045500080500C490860BFF34F8FBFF36F8F9AE70D
:104560002046FEF704FC00F05DFA94E72046FEF7D3
:10457000FEFB00F057FA2046FEF708FA00288AD022
:104580000020A8E704ED00E070B506460C4656B9D9
:1045900000BF502080F31188BFF34F8FBFF36F8FA0
:1045A00000BF00BFFEE754B900BF502080F3118860
:1045B000BFF34F8FBFF36F8F00BF00BFFEE7FFF762
:1045C000B7F9184802687068131A1748006890F81D
:1045D000520030B100201449096881F852000125C9
:1045E0001CE02068401C08B9002517E00F4930681E
:1045F0000968884204D07068904201D801250DE016
:104600002068984207D92068C01A20603046FFF71A
:104610004DFB002502E0002020600125FFF7B2F9E4
:10462000284670BDA00000208C000020B4000020AF
:104630002DE9FF4F85B0804689461746DDE912AB6C
:10464000B800FEF7D3FB064656B15420FEF7CEFB6A
:1046500004460CB1266304E03046FFF7B1F900E0F0
:1046600000248CB1002084F85100CDE900ABCDE9E5
:1046700002403A4649464046089BFEF792F82046DB
:10468000FDF7E2FE012501E04FF0FF35284609B0B5
:10469000BDE8F08F2DE9F04F85B00746884691467A
:1046A0009A46DDE90EB6109C0EB1012000E0002014
:1046B00050B900BF502080F31188BFF34F8FBFF374
:1046C0006F8F00BF00BFFEE70CB1012000E00020AB
:1046D00050B900BF502080F31188BFF34F8FBFF354
:1046E0006F8F00BF00BFFEE754200390039854284B
:1046F00001D1012000E0002050B900BF502080F31C
:104700001188BFF34F8FBFF36F8F00BF00BFFEE76D
:1047100000BFB4B1AEB125462C462E63022085F809
:104720005100002004A953464A46CDE900B1CDE925
:10473000025041463846FEF734F82846FDF784FE1D
:1047400001E000200490049805B0BDE8F08F00005F
:104750000549096809B9012005E00449096809B952
:10476000022000E000207047A8000020C4000020C4
:104770000149086870470000A00000202DE9F041C1
:104780004FF000084448006800287CD14348006886
:10479000451C4248056015BB41480068006808B9DF
:1047A000012000E0002050B900BF502080F31188A4
:1047B000BFF34F8FBFF36F8F00BF00BFFEE73848D6
:1047C0000768384800683649086036480760364848
:1047D0000068401C34490860FEF71AFA00BF3348ED
:1047E000006885423CD300BF2D480068006808B9C6
:1047F000012000E0002020B14FF0FF302B4908607D
:104800002DE027480068C068C4686668B54202D2D7
:104810002648066023E0201DFFF728F8A06A18B19B
:1048200004F11800FFF722F894F82C1001208840BA
:104830001F49096808431E490860E16A01EB8101CC
:104840001C4A02EB8100211DFFF766F81A49E06A55
:104850000968C96A8842C7D34FF00108C4E700BF9E
:1048600015480068C06A00EB8000124951F820002A
:10487000012801D94FF001081048006808B14FF035
:10488000010805E0FFE70E480068401C0C4908607D
:104890004046BDE8F0810000C4000020A0000020D8
:1048A0009000002094000020B4000020BC000020F4
:1048B000A40000207C2D00208C000020B0000020EF
:1048C000AC00002070B505462C460026002D55D0C2
:1048D0002B480068844201D1012000E0002050B93B
:1048E00000BF502080F31188BFF34F8FBFF36F8F4D
:1048F00000BF00BFFEE7A06C50B900BF502080F39E
:104900001188BFF34F8FBFF36F8F00BF00BFFEE76B
:10491000A06C401EA064616CE06A88422ED0A06C3E
:1049200060BB201DFEF7A2FF78B9E06A00EB8000B3
:10493000144951F8200040B994F82C100120884007
:1049400011490968814310480160606CE062E06AC7
:10495000C0F10700A06194F82C10012088400A499A
:104960000968084308490860E16A01EB8101054ACA
:1049700002EB8100211DFEF7CFFF0126304670BDFE
:104980008C0000207C2D0020A400002070B506467D
:10499000F068C46854B900BF502080F31188BFF399
:1049A0004F8FBFF36F8F00BF00BFFEE704F1180009
:1049B000FEF75CFF15480068A8B9201DFEF756FFFA
:1049C00094F82C10012088401149096808431049C7
:1049D0000860E16A01EB81010E4A02EB8100211DB2
:1049E000FEF79AFF04E004F118010B48FEF794FF6C
:1049F0000A49E06A0968C96A884204D90125012088
:104A00000749086000E00025284670BDC40000206A
:104A1000A40000207C2D0020302E00208C000020DF
:104A2000B000002070B5002400263648006850B958
:104A300000BF502080F31188BFF34F8FBFF36F8FFB
:104A400000BF00BFFEE7FEF773FF2E480068401E60
:104A50002C4908600846006800284FD12A480068A1
:104A600000284BD024E02948C068C46804F118002D
:104A7000FEF7FCFE201DFEF7F9FE94F82C10012035
:104A8000884023490968084321490860E16A01EB2D
:104A90008101204A02EB8100211DFEF73DFF1E49E6
:104AA000E06A0968C96A884202D301201B4908608C
:104AB0001648006808B9012000E000200028D2D084
:104AC0000CB1FEF7A5F81648056865B100BFFFF701
:104AD00055FE10B10120114908606D1E002DF6D160
:104AE00000200F4908600D48006838B101263007E2
:104AF0000C490860BFF34F8FBFF36F8FFEF742FF83
:104B0000304670BDC40000209C000020302E0020E4
:104B1000A40000207C2D00208C000020B00000208C
:104B2000AC00002004ED00E010B586B00024FDF7D5
:104B3000E5FC16480068D0B100200590049003AA57
:104B400004A905A8FEF7B2FE0222DDE90410002345
:104B5000CDE9002102900EA10F48039AFFF79AFDBC
:104B60000E4908600846006800B1012400BF54B92E
:104B700000BF502080F31188BFF34F8FBFF36F8FBA
:104B800000BF00BFFEE7204606B010BDD0000020E9
:104B9000546D722053766300552D0108D400002017
:104BA0002DE9FF4704460D4616461F46DDF83080C6
:104BB0004FF0000954B900BF502080F31188BFF3B3
:104BC0004F8FBFF36F8F00BF00BFFEE71448006830
:104BD00010B3009501960294062D15DAFFF7B8FD83
:104BE000022808D10023424669460D480068FFF7B5
:104BF000C5FA814610E000231A4669460848006855
:104C0000FFF7BCFA814607E000233A4669460448AC
:104C10000068FFF787FB8146484604B0BDE8F0878F
:104C2000D000002081F00041704780F000407047C4
:104C300021F00041704720F00040704721F0004211
:104C4000A2F16052B2F5801F01F0004328BFD2F1FB
:104C50007F6C0BD95FEA001C43EAC20242EB507042
:104C600018BF704728BF20F001007047B2F5801FC1
:104C7000BCBF184670474FEA410C1CF5001F02D21A
:104C8000084600F07FBD70B500F056FB00000089BB
:104C9000FFF7F6BF4FF00040A0F58000704700001E
:104CA00010B591EA030F48BF83F0004300F1E2839F
:104CB000841A71EB030C05D2121943EB0C03001B91
:104CC00061EB0C01DFF824E14FEA1154A4EB135C13
:104CD0001EEA430F18BF9EEA445F73D023EA0E0317
:104CE000DCF1200E21EA045143F4801332D322FA7E
:104CF0000CFE10EB0E0023FA0CFE41EB0E01CCF182
:104D0000200E03FA0EFE10EB0E0051F10001B1F57A
:104D1000801FCCF1200E32D201EB045112FA0EF2B8
:104D2000BDE8104058BF7047401C38BF5FEA4202E0
:104D300018BF7047002814BF20F0010041F10001A6
:104D40004FEA410313F5001F38BF7047A1F1C0417E
:104D500000F040BB012A43EB0302ACF1200CDCF174
:104D60001F0E32BF4FF0000E23FA0CF310EB0300BE
:104D700041EB0451B4EB115FD0D0A1EB045101F52C
:104D8000801149085FEA300001EB04510ED350F165
:104D9000000038BF12FA0EFE08D1BDE81040C9E786
:104DA000401C38BF5FEA4202CAD1C3E7BDE81040E9
:104DB0004FEA410313F5001F38BF7047A1F1C0410E
:104DC00000F008BB9EEA445F08D011EA5E0FBDE820
:104DD000104004BF01F0004100207047BDE81040C2
:104DE00070B500F0A9FA00BF64FBBE3E0000E0FF12
:104DF000491058BFC1F140415B1058BFC3F1404357
:104E00008B42EFF3008070472DE9C04130B4DFF8EA
:104E1000A0C23CEA111418BF3CEA131400F0EC8065
:104E200081EA03051CEA111444EAD57418BF1CEA90
:104E3000131500F0C780A4EB05044FF0004545EAC8
:104E4000C12145EAC32341EA505143EA525304F1D8
:104E50007F74994204F500344FEAC0204FEAC22221
:104E600008BF904200F09C804FEA13650FF2401695
:104E7000765D4FEA134506FB05F7C7F1807706FB21
:104E800007F74FEAD737A7FB03687642C8F58038A3
:104E9000A7FB06CE38BFA8F1010807FB08E64FF0D4
:104EA000000EA6FB028CE6FB03CEDCF1000CCEF17B
:104EB000004E38BFAEF1010EA6FB0C584FF00007B4
:104EC0004FF00005E6FB0E87A1FB08C6A0FB07CE4E
:104ED00016EB0E0645F10005E1FB076515F1E04E06
:104EE0007EBFA4F580345FEA46066D4116F1800767
:104EF00045F100054FEA17274FEA066647EA0567BE
:104F0000A6F1DE46B6F1805F4FEA15251FD9384677
:104F100024F0010C05EBC471BCF1FE6F01EB0C1128
:104F200002D8F0BCBDE8008124425CBF01F5801EC0
:104F30009EEAC47F02D4F0BCBDE80081244238D48C
:104F4000F0BCA1F1C041BDE8004100F043BA4FEA16
:104F5000D22242EA43524FEAD323A7FB02864FEA0A
:104F6000D02040EA415007FB03661EEA0E0F4FEACD
:104F7000D12105FB026658BFA6EB0056B6EB0056E2
:104F80004FEA520E4EEAC37E18EB0E0E56EB530E4E
:104F9000BDD518EB02085E417F1C55F10005B6E750
:104FA0004FF480154FF000074FF000064FF0000857
:104FB000ADE7F0BC4FF0000001F1C04101F000414D
:104FC000BDE8008111EA0C1F0CEA131500D00CE0BB
:104FD00013EA0C1F00F025804FF00000F0BC81EABE
:104FE000030101F00041BDE80081F0BCBDE80041D3
:104FF00081EA030100F0EEB9F0BCBDE8004170B5F4
:1050000000F09AF9097EFC3E00F007B881EA03013E
:105010004FF0000001F00041704781EA030100F009
:10502000D9B9F0BCBDE800414FF0000021497047FC
:10503000FFFDFBF9F7F5F4F2F0EEEDEBE9E8E6E45D
:10504000E3E1E0DEDDDBDAD8D7D5D4D3D1D0CFCDE4
:10505000CCCBCAC8C7C6C5C4C2C1C0BFBEBDBCBB1D
:10506000BAB9B8B7B6B5B4B3B2B1B0AFAEADACAB18
:10507000AAA9A8A8A7A6A5A4A3A3A2A1A09F9F9EF2
:105080009D9C9C9B9A9999989797969595949393A4
:10509000929191908F8F8E8E8D8C8C8B8B8A89893B
:1050A00088888787868585848483838282818180BE
:1050B0000000FF070000F87F4FEA41034FEA535317
:1050C000A3F58063D3F11E03C8BFD3F1210C0CDD1F
:1050D0004FF0004242EAC12242EA505232FA03FC47
:1050E0008CEAE17CACEBE1707047102BC4BF002070
:1050F000704703F5787CBCF1FF3F04D06FF00042AD
:1051000082EA2100704770B500F016F949922480B8
:1051100000207047F2E710F0004248BF4042B0FA6A
:1051200080F310FA03F10AD0C3F11D0303F5806385
:105130004FEA415002EB035202EBD12170474FF08E
:1051400000007047B0FA80F310FA03F10AD0C3F1FF
:105150001D0303F580634FEA41504FEA035202EB0F
:10516000D12170474FF000007047000051EA030C56
:1051700017D41CF5801F58BFBCF5801F00F10680B6
:10518000994218BF704708BF9042704707D711F582
:10519000801F58BF13F5801F19D499427047894268
:1051A00070471CF5801F08D5BCF5801FF7D58B42D2
:1051B00018BF704708BF824270474FF4001C1CEBB9
:1051C000410F38BF1CEB430F01D28B42704770B5C3
:1051D00000F0B2F8922449004FF000514FF0805394
:1051E000FFF706BEDFF848C170B51CEA111E1EBFEE
:1051F0001CEA13159EEA0C0F95EA0C0F00F06F8065
:1052000081EA030423EA4C134EEAD47E21EA4C11CE
:1052100041F4801143F48013AE44A1FB024CA0FB87
:105220000365AEF17F7E361955EB0C05A1FB034CEF
:105230004CF10003A0FB021C16EB0C06654153F178
:105240000003094218BF46F0010613F4007F0BD19A
:105250004FEA03314FEA0530340341EA155140EA81
:1052600016506FF003020AE04FEAC3214FEAC5204F
:10527000F40241EA555140EA56506FF0020202EB47
:105280002E4201EB025585EACE710AD05FEA440C4A
:1052900018BF24F0004450F1000041F1000120EA61
:1052A000D47040F2FE7C624500D270BDA84214BFAB
:1052B0004FF080444FF04044002E08BF0024BEF160
:1052C000806FA8BFA1F1C041BDE8704080F282802C
:1052D0004FF0000001F1C04101F0004170479EEA2B
:1052E0000C0F0CEA131518BF95EA0C0F06D04FF0FF
:1052F000000081EA030E0EF0004170BD00F01CF8C2
:105300008900013E00F007B800F009B84FEA430CED
:105310005FEA5C5C08D081EA030100F05BB84FEA09
:10532000410C5FEA5C5CF6D14FF000000149704728
:105330000000FF070000F87F0EF1020E2EF0030EB2
:105340005EF8046B364205D4012A43EB030515F5DC
:10535000001F12D8012841EB010C1CF5001F0CD8CE
:105360000ED14FEAD17C15F5001F0CEB4C0C0CF163
:10537000020C08BF4CEBD37C04E04FF0080C01E0BA
:105380004FEAD37C0CEB4C0526FA05F606F007062F
:10539000B6F1040C06D20EEB860CBDE870404CF062
:1053A000010C6047DFE80CF0090B02024FF00041EE
:1053B0004FF00000A1F5002170BD194610460128EC
:1053C00051EB010418BFD4F5001484BF002001F094
:1053D000004170BD0808A0F500114FEA3101704787
:1053E00053EA010C17D41CF5801F58BFBCF5801F71
:1053F00000F106808B4218BF704708BF8242704799
:1054000007D713F5801F58BF11F5801F19D48B42A1
:1054100070479B4270471CF5801F08D5BCF5801F64
:10542000F7D5994218BF704708BF904270474FF4B4
:10543000001C1CEB430F38BF1CEB410F01D29942FB
:1054400070470FB40CBC03BCFFF7C1BE91EA030F59
:1054500010B581F000413FF52BAC83F0004300F024
:1054600009B8000010B591EA030F48BF83F000436C
:105470003FF51EAC841A71EB030C07D212198CF0A5
:10548000004C43EB0C03001B61EB0C01DFF8A4E1C3
:105490004FEA1154A4EB135C1EEA430F18BF9EEAB7
:1054A000445F00F0B08023EA6E03524221EA0451C7
:1054B000C3EB6E0338BF5B1EDCF1200E25D322FA4E
:1054C0000CFE10EB0E0043FA0CFE41EB0E01CCF18A
:1054D000200E03FA0EFE10EB0E0051F10001CCF18C
:1054E000200E29D412FA0EF201EB0451BDE810404F
:1054F00058BF7047401C1CBFB2F1004F70470028D6
:105500000CBF491C20F00100704712EB020E43EB68
:10551000030218BF4FF0010E4EEA4202ACF1200C1C
:10552000DCF11E0E54D943FA0CFE10EB0E0051F1C3
:10553000FF31CCF11E0ED5D50EF1010E12FA0EFE82
:10554000404141EB010101EB445C5FEA5C5C10D936
:1055500010EBDE7001EB045138BFBEF1004FBDE827
:10556000104018BF704700280CBF491C20F00100F4
:10557000704730D24FEAD42C11F5001124F40064A6
:105580001BD0B1FA81F20B3AA41AA41ED2F1200367
:10559000914030FA03F31943904001EBCC71002C99
:1055A00001EB0451BDE81040A8BF704701F1C041B4
:1055B0004FF0000001F000417047B0FA80F310FA9C
:1055C00003F100D110BDE41A173C4805C90AE4E70D
:1055D00001EB045110BD491001EB0451BDE810402E
:1055E0004FEA300002E04FF0000170474A0008BF68
:1055F0000042F8D0B2F5001F28BF704701F000410B
:105600004FF0000070479EEA445F07D011EA5E0F3A
:10561000BDE8104004BF002100207047BDE81040E5
:1056200070B5FFF789FE00BF40DFF63E83F0004112
:10563000104670470000E0FF43004FEAD30C4FEAEA
:105640003C0C43401FBF40070CF1605113F0FE4F6C
:1056500070471CF0006F03D100200CF00041704730
:105660000CF0004343EA507010B540EACC0000F063
:105670003EF800BF000000924FEA0001FFF7AABE0B
:105680004FF000414FF00000A1F5002170474FF0AE
:105690007E5209E011F0004204D54042C1F1000100
:1056A00038BF491E42F07E520B0002F1706212BFF9
:1056B00020235FEA00017047B1FA81FCA3EB0C03E1
:1056C00001FA0CF120FA03FC02EBC352C3F12003F0
:1056D00041EA0C0110FA03FC5CEA416C42EB112038
:1056E00018BF5FF0806C28BF20F0010070470EF1FA
:1056F000020E2EF0030E5EF8044B244204D44FEA4F
:105700004102B2F17F4F11D84FEA4003B3F17F4F0E
:105710000CD80ED14FEAD07CB2F17F4F0CEB4C0C81
:105720000CF1020C08BF4CEBD17C04E04FF0080CEC
:1057300001E04FEAD17C0CEB4C0324FA03F404F0B3
:105740000704B4F1040C06D20EEB840CBDE8104043
:105750004CF0010C6047DFE80CF0070802024FF044
:105760000040A0F5800010BD0846420018BFD2F1ED
:10577000807288BF00F0004010BD4FF04070E1EE35
:10578000100A7047FF2141EAD050C0057047000061
:10579000F05F010829B000080300000000000000CD
:1057A000000400000000000000000000E05F0108AD
:1057B000A930000803000000000000000004000001
:1057C000000000000000000014600108451A0008F5
:1057D00003000000000000000004000000000000C2
:1057E0000000000008600108E90D00080300000047
:1057F00000000000000400000000000000000000A5
:10580000FC5F0108413900080300000000000000AF
:105810000004000000000000000000000006101658
:105820000006101600000000000000000102030442
:1058300006070809000000000102030400008911A6
:1058400012239B322446AD573665BF74488CC19DE8
:105850005AAFD3BE6CCAE5DB7EE9F7F881100801C8
:1058600093331A22A5562C47B7753E64C99C408DC8
:10587000DBBF52AEEDDA64CBFFF976E802218B3064
:10588000100299132667AF763444BD554AADC3BCA8
:10589000588ED19F6EEBE7FA7CC8F5D983310A2088
:1058A00091121803A7772E66B5543C45CBBD42AC88
:1058B000D99E508FEFFB66EAFDD874C904428D5320
:1058C00016619F702004A9153227BB364CCEC5DF68
:1058D0005EEDD7FC6888E1997AABF3BA85520C4348
:1058E00097711E60A1142805B3373A26CDDE44CF48
:1058F000DFFD56ECE9986089FBBB72AA06638F72E4
:1059000014409D512225AB343006B9174EEFC7FE27
:105910005CCCD5DD6AA9E3B8788AF19B87730E6207
:1059200095501C41A3352A24B1163807CFFF46EE07
:10593000DDDC54CDEBB962A8F99A708B08848195AF
:105940001AA793B62CC2A5D33EE1B7F04008C919F7
:10595000522BDB3A644EED5F766DFF7C89940085B7
:105960009BB712A6ADD224C3BFF136E0C1184809D7
:10597000D33B5A2AE55E6C4FF77D7E6C0AA583B453
:10598000188691972EE3A7F23CC0B5D14229CB38B7
:10599000500AD91B666FEF7E744CFD5D8BB502A477
:1059A00099961087AFF326E2BDD034C1C3394A2897
:1059B000D11A580BE77F6E6EF55C7C4D0CC685D70F
:1059C0001EE597F42880A1913AA3B3B2444ACD5B77
:1059D0005669DF78600CE91D722FFB3E8DD604C737
:1059E0009FF516E4A9902081BBB332A2C55A4C4B57
:1059F000D7795E68E11C680DF33F7A2E0EE787F6D3
:105A00001CC495D52AA1A3B03882B193466BCF7A36
:105A10005448DD59622DEB3C700EF91F8FF706E6F6
:105A20009DD414C5ABB122A0B9923083C77B4E6A16
:105A3000D5585C49E33D6A2CF11E780FFF005EBC2F
:105A4000E2613FDD83C29C7E20A3FD1F419DC321F7
:105A50007FFCA2401E5F01E3BD3E6082DC237D9F90
:105A6000C1421CFEA0E1BF5D0380DE3C62BEE002DD
:105A70005CDF81633D7C22C09E1D43A1FF4618FA76
:105A8000A427799BC584DA3866E5BB5907DB8567AF
:105A900039BAE406581947A5FB7826C49A653BD95C
:105AA00087045AB8E6A7F91B45C6987A24F8A64495
:105AB0001A99C7257B3A6486D85B05E7B98CD23042
:105AC0006EEDB3510F4E10F2AC2F7193CD114FAD5F
:105AD000F3702ECC92D38D6F31B2EC0E50AFF11328
:105AE0004DCE90722C6D33D18F0C52B0EE326C8E45
:105AF000D0530DEFB1F0AE4C1291CF2D73CA947606
:105B000028ABF517490856B4EA6937D58B5709EB26
:105B1000B536688AD495CB2977F4AA4816E9B755E3
:105B20000B88D6346A2B7597C94A14F6A8742AC80C
:105B300096154BA9F7B6E80A54D7896B35000000D3
:105B40000000803F00000000000000000000000096
:105B50000000000000000000000000000000803F86
:105B60000000000000000000000000000000000035
:105B700000000000000000000000803F0000000066
:105B80000000000000000000000000000000000015
:105B9000000000000000803F000000000000000046
:105BA00000000000000000000000000000000000F5
:105BB0000000803F00000000000000000000000026
:105BC0000000000000000000000000000000803F16
:105BD000000000000AD7233C000000000000803FC6
:105BE0000000000000000000000000000000803FF6
:105BF0000000000000000000000000000000803FE6
:105C00000000000000000000C3F51C41A69B443BBF
:105C100000000000000000006F12833A0000000046
:105C20000000000000C1814001C0804101C08041EE
:105C300000C1814001C0804100C1814000C181405C
:105C400001C0804101C0804100C1814000C181404C
:105C500001C0804100C1814001C0804101C080413C
:105C600000C1814001C0804100C1814000C181402C
:105C700001C0804100C1814001C0804101C080411C
:105C800000C1814000C1814001C0804101C080410C
:105C900000C1814001C0804100C1814000C18140FC
:105CA00001C0804101C0804100C1814000C18140EC
:105CB00001C0804100C1814001C0804101C08041DC
:105CC00000C1814000C1814001C0804101C08041CC
:105CD00000C1814001C0804100C1814000C18140BC
:105CE00001C0804100C1814001C0804101C08041AC
:105CF00000C1814001C0804100C1814000C181409C
:105D000001C0804101C0804100C1814000C181408B
:105D100001C0804100C1814001C0804101C080417B
:105D200000C1814000C0C101C30302C2C60607C74B
:105D300005C5C404CC0C0DCD0FCFCE0E0ACACB0BBB
:105D4000C90908C8D81819D91BDBDA1A1EDEDF1FEB
:105D5000DD1D1CDC14D4D515D71716D6D21213D3DB
:105D600011D1D010F03031F133F3F23236F6F7378B
:105D7000F53534F43CFCFD3DFF3F3EFEFA3A3BFB7B
:105D800039F9F83828E8E929EB2B2AEAEE2E2FEF2B
:105D90002DEDEC2CE42425E527E7E62622E2E3239B
:105DA000E12120E0A06061A163A3A26266A6A767CB
:105DB000A56564A46CACAD6DAF6F6EAEAA6A6BAB3B
:105DC00069A9A86878B8B979BB7B7ABABE7E7FBF6B
:105DD0007DBDBC7CB47475B577B7B67672B2B3735B
:105DE000B17170B05090915193535292965657970B
:105DF000559594549C5C5D9D5F9F9E5E5A9A9B5BFB
:105E000099595898884849894B8B8A4A4E8E8F4FAA
:105E10008D4D4C8C4484854587474686824243831A
:105E200041818040000000004FBB610567ACDD3F51
:105E3000182D4454FB21E93F9BF681D20B73EF3FB1
:105E4000182D4454FB21F93FE2652F227F2B7A3C29
:105E5000075C143326A6813CBDCBF07A8807703CE2
:105E6000075C143326A6913CC4EB98999999C9BF55
:105E7000711623FEC671BCBF6D9A74AFF2B0B3BF8A
:105E80009AFDDE522DDEADBF2F6C6A2C44B4A2BF4A
:105E90000D5555555555D53FFF8300922449C23FB6
:105EA0006E204CC5CD45B73F513DD0A0660DB13FEA
:105EB000EB0D76244B7BA93F11DA22E33AAD903FFC
:105EC0004C5555555555A53F7751C1166CC156BF18
:105ED0009015CB19A001FA3EAD529C804F7E92BE28
:105EE000C4B1B4BD9EEE213ED43888BEE9FAA8BD47
:105EF00000004054FB21F93F3163621A61B4D03D88
:105F00000000601A61B4D03D7370032E8A19A33B60
:105F10000000002E8A19A33BC14920259A837B39B2
:105F200000000000000000006E83F9A22915444E15
:105F3000D15727FCC0DD34F5999562DB4190433C95
:105F4000AB6351FE61C5BBDE3A6E24B7E0D24D4271
:105F5000EA2E49061C92D1091CEB1DFE3EA729B171
:105F6000F53582E88444BB2E26709CE9417E5FB4FF
:105F700039D69139F43953838B5F849C3B28F9BD22
:105F8000FF97F81F0F9805DE8B112FEF1F6D0A5A30
:105F9000CF7E366DB709CB27663F464F2DEA5F9E11
:105FA000C7BA27757BF1E5EBF739073DEA92528ACC
:105FB000B15FFB6B085D8D1FA6F810111111813FB9
:105FC000D561C119A0012ABF7DFEB157E31DC73EAF
:105FD000EB9C2B8AE6E55ABE7CD5CF5A3AD9E53DF3
:105FE00047696D62616C457374696D6174655400D5
:105FF0004F66666C696E655461736B0047696D62CC
:10600000616C5461736B0000416374696F6E54611D
:10601000736B0000436861737369735461736B0041
:1060200000000000920E493CB10AC93C2BC3163D4A
:106030002EFB483D752B7B3D04A9963D80B6AF3DB8
:1060400036BDC83D2FBCE13D73B2FA3D87CF093E56
:106050008340163EB5AB223EA2102F3ECF6E3B3E94
:10606000C2C5473E0115543E135C603E7F9A6C3EAC
:10607000CCCF783EC07D823E938E883E229A8E3E63
:1060800032A0943E86A09A3EE59AA03E128FA63E8C
:10609000D47CAC3EEF63B23E2A44B83E491DBE3EBE
:1060A00015EFC33E53B9C93ECA7BCF3E4136D53EFC
:1060B00080E8DA3E4F92E03E7533E63EBBCBEB3EE6
:1060C000EA5AF13ECBE0F63E275DFC3EE4E7003FB6
:1060D0003D9C033F824B063F9BF5083F6B9A0B3F6D
:1060E000DA390E3FCDD3103F2A68133FD9F6153F5A
:1060F000C07F183FC6021B3FD17F1D3FCBF61F3F1D
:106100009967223F25D2243F5636273F1594293FD1
:106110004AEB2B3FDE3B2E3FBB85303FC9C8323FA9
:10612000F304353F233A373F4268393F3B8F3B3FCB
:10613000F9AE3D3F67C73F3F70D8413F01E2433F63
:1061400003E4453F65DE473F12D1493FF8BB4B3F73
:10615000029F4D3F207A4F3F3D4D513F4918533FDD
:1061600031DB543FE595563F5348583F6AF2593F5B
:106170001A945B3F532D5D3F05BE5E3F2146603F55
:1061800097C5613F5A3C633F59AA643F880F663FF9
:10619000D86B673F3CBF683FA7096A3F0C4B6B3F1A
:1061A0005E836C3F93B26D3F9ED86E3F73F56F3F39
:1061B0000809713F5213723F4714733FDD0B743F60
:1061C0000BFA743FC6DE753F07BA763FC58B773F43
:1061D000F853783F9812793F9DC7793F02737A3F11
:1061E000BE147B3FCDAC7B3F283B7C3FC9BF7C3F8F
:1061F000AC3A7D3FCCAB7D3F23137E3FB0707E3FFA
:106200006DC47E3F580E7F3F6D4E7F3FAB847F3F16
:106210000FB17F3F97D37F3F43EC7F3F11FB7F3F21
:106220000000803F11FB7F3F43EC7F3F97D37F3FD0
:106230000FB17F3FAB847F3F6D4E7F3F580E7F3F56
:106240006DC47E3FB0707E3F23137E3FCCAB7D3F5D
:10625000AC3A7D3FC9BF7C3F283B7C3FCDAC7B3F08
:10626000BE147B3F02737A3F9DC7793F9812793FF6
:10627000F853783FC58B773F07BA763FC6DE753F48
:106280000BFA743FDD0B743F4714733F5213723F98
:106290000809713F73F56F3F9ED86E3F93B26D3F13
:1062A0005E836C3F0C4B6B3FA7096A3F3CBF683F66
:1062B000D86B673F880F663F59AA643F5A3C633FDB
:1062C00097C5613F2146603F05BE5E3F532D5D3F50
:1062D0001A945B3F6AF2593F5348583FE595563F41
:1062E00031DB543F4918533F3D4D513F207A4F3FDA
:1062F000029F4D3FF8BB4B3F12D1493F65DE473F00
:1063000003E4453F01E2433F70D8413F67C73F3F49
:10631000F9AE3D3F3B8F3B3F4268393F233A373F21
:10632000F304353FC9C8323FBB85303FDE3B2E3FCB
:106330004AEB2B3F1594293F5636273F25D2243F61
:106340009967223FCBF61F3FD17F1D3FC6021B3FFF
:10635000C07F183FD9F6153F2A68133FCDD3103FB1
:10636000DA390E3F6B9A0B3F9BF5083F824B063F95
:106370003D9C033FE4E7003F275DFC3ECBE0F63E5B
:10638000EA5AF13EBBCBEB3E7533E63E4F92E03E20
:1063900080E8DA3E4136D53ECA7BCF3E53B9C93E8E
:1063A00015EFC33E491DBE3E2A44B83EEF63B23EE0
:1063B000D47CAC3E128FA63EE59AA03E86A09A3EC3
:1063C00032A0943E229A8E3E938E883EC07D823EBD
:1063D000CCCF783E7F9A6C3E135C603E0115543EF4
:1063E000C2C5473ECF6E3B3EA2102F3EB5AB223E0C
:1063F0008340163E87CF093E73B2FA3D2FBCE13D84
:1064000036BDC83D80B6AF3D04A9963D752B7B3D9A
:106410002EFB483D2BC3163DB10AC93C920E493CA8
:1064200000000000920E49BCB10AC9BC2BC316BDC6
:106430002EFB48BD752B7BBD04A996BD80B6AFBDB4
:1064400036BDC8BD2FBCE1BD73B2FABD87CF09BE52
:10645000834016BEB5AB22BEA2102FBECF6E3BBE90
:10646000C2C547BE011554BE135C60BE7F9A6CBEA8
:10647000CCCF78BEC07D82BE938E88BE229A8EBE5F
:1064800032A094BE86A09ABEE59AA0BE128FA6BE88
:10649000D47CACBEEF63B2BE2A44B8BE491DBEBEBA
:1064A00015EFC3BE53B9C9BECA7BCFBE4136D5BEF8
:1064B00080E8DABE4F92E0BE7533E6BEBBCBEBBEE2
:1064C000EA5AF1BECBE0F6BE275DFCBEE4E700BFB2
:1064D0003D9C03BF824B06BF9BF508BF6B9A0BBF69
:1064E000DA390EBFCDD310BF2A6813BFD9F615BF56
:1064F000C07F18BFC6021BBFD17F1DBFCBF61FBF19
:10650000996722BF25D224BF563627BF159429BFCD
:106510004AEB2BBFDE3B2EBFBB8530BFC9C832BFA5
:10652000F30435BF233A37BF426839BF3B8F3BBFC7
:10653000F9AE3DBF67C73FBF70D841BF01E243BF5F
:1065400003E445BF65DE47BF12D149BFF8BB4BBF6F
:10655000029F4DBF207A4FBF3D4D51BF491853BFD9
:1065600031DB54BFE59556BF534858BF6AF259BF57
:106570001A945BBF532D5DBF05BE5EBF214660BF51
:1065800097C561BF5A3C63BF59AA64BF880F66BFF5
:10659000D86B67BF3CBF68BFA7096ABF0C4B6BBF16
:1065A0005E836CBF93B26DBF9ED86EBF73F56FBF35
:1065B000080971BF521372BF471473BFDD0B74BF5C
:1065C0000BFA74BFC6DE75BF07BA76BFC58B77BF3F
:1065D000F85378BF981279BF9DC779BF02737ABF0D
:1065E000BE147BBFCDAC7BBF283B7CBFC9BF7CBF8B
:1065F000AC3A7DBFCCAB7DBF23137EBFB0707EBFF6
:106600006DC47EBF580E7FBF6D4E7FBFAB847FBF12
:106610000FB17FBF97D37FBF43EC7FBF11FB7FBF1D
:10662000000080BF11FB7FBF43EC7FBF97D37FBFCC
:106630000FB17FBFAB847FBF6D4E7FBF580E7FBF52
:106640006DC47EBFB0707EBF23137EBFCCAB7DBF59
:10665000AC3A7DBFC9BF7CBF283B7CBFCDAC7BBF04
:10666000BE147BBF02737ABF9DC779BF981279BFF2
:10667000F85378BFC58B77BF07BA76BFC6DE75BF44
:106680000BFA74BFDD0B74BF471473BF521372BF94
:10669000080971BF73F56FBF9ED86EBF93B26DBF0F
:1066A0005E836CBF0C4B6BBFA7096ABF3CBF68BF62
:1066B000D86B67BF880F66BF59AA64BF5A3C63BFD7
:1066C00097C561BF214660BF05BE5EBF532D5DBF4C
:1066D0001A945BBF6AF259BF534858BFE59556BF3D
:1066E00031DB54BF491853BF3D4D51BF207A4FBFD6
:1066F000029F4DBFF8BB4BBF12D149BF65DE47BFFC
:1067000003E445BF01E243BF70D841BF67C73FBF45
:10671000F9AE3DBF3B8F3BBF426839BF233A37BF1D
:10672000F30435BFC9C832BFBB8530BFDE3B2EBFC7
:106730004AEB2BBF159429BF563627BF25D224BF5D
:10674000996722BFCBF61FBFD17F1DBFC6021BBFFB
:10675000C07F18BFD9F615BF2A6813BFCDD310BFAD
:10676000DA390EBF6B9A0BBF9BF508BF824B06BF91
:106770003D9C03BFE4E700BF275DFCBECBE0F6BE57
:10678000EA5AF1BEBBCBEBBE7533E6BE4F92E0BE1C
:1067900080E8DABE4136D5BECA7BCFBE53B9C9BE8A
:1067A00015EFC3BE491DBEBE2A44B8BEEF63B2BEDC
:1067B000D47CACBE128FA6BEE59AA0BE86A09ABEBF
:1067C00032A094BE229A8EBE938E88BEC07D82BEB9
:1067D000CCCF78BE7F9A6CBE135C60BE011554BEF0
:1067E000C2C547BECF6E3BBEA2102FBEB5AB22BE08
:1067F000834016BE87CF09BE73B2FABD2FBCE1BD80
:1068000036BDC8BD80B6AFBD04A996BD752B7BBD96
:106810002EFB48BD2BC316BDB10AC9BC920E49BCA4
:106820000000008044680108000000207C06000091
:10683000C4010008BC6901087C060020B4C7000040
:1068400020020008011813EDD8140835D91B08459B
:10685000041A71041AB1041AB9141AFD04131201AE
:10686000140202021640830440572602010203016B
:10687000071A040309041A031325141B082104131F
:10688000DD131B0849081A7904413210193F21030E
:106890007124F41AAA01C1130A0632022A40901385
:1068A000A1D314089DD14C08EBD5A81371D21408BC
:1068B00095D01B085314C11A15281AD11C1A5D084B
:1068C0001AC108140902431302011DC0320904D978
:1068D0001A020B13052416100105240110090104E6
:1068E0002402020524061701070582030815100972
:1068F000040133020A2E0705010240072A8107A47A
:1069000081018283FFFF1A401B2904115904A380CF
:106910003FA91C2918691C39080911347924091167
:1069200018A914092A30290439847995C918A904A9
:10693000092AC4691C094AC4A9A8E918E91CE9C4C0
:106940006930E9D06918691C0912E409169CA98804
:10695000A9040120A990E980A984A97099E00808F8
:106960001250C347CDCCCC3D0409531C110B1AC89F
:10697000421C01AE4AFF015AFC085AFD08022CFBDA
:106980000A6F1FF480093333EB3A58A08B3A320177
:10699000157D04017C100F0240AB03410105530833
:1069A000065804070F160810810911160A15800BE6
:0C69B00016450C18010D034E10270000C6
:040000050800018965
:00000001FF
